confidence,id,file,street,from_street,to_street,blocks,method,notes,current,updated,map_link,pdf_url,status,fix_street,fix_from_street,fix_to_street,review_note
none,3045,Bill Walsh Way Formerly- Giants Dr_Str-3045.pdf,,,,0,,"""Bill Walsh Way Formerly- Giants Dr"" isn't a street name in the city data",yes,2024-08-15,,https://safitwebapps.blob.core.windows.net/$web/Striping%20Drawings/B_Streets/Bill%20Walsh%20Way/Bill%20Walsh%20Way%20Formerly-%20Giants%20Dr_Str-3045.pdf,,,,,
none,2183,Bridge Approach_Str-2183 (At Lyon).pdf,,,,0,,"""Bridge Approach"" isn't a street name in the city data",yes,2024-08-15,,https://safitwebapps.blob.core.windows.net/$web/Striping%20Drawings/G_Streets/Golden%20Gate%20Bridge/Bridge%20Approach_Str-2183%20%28At%20Lyon%29.pdf,,,,,
none,2615,Civic Center_Str-2615 (Exhibit hall).pdf,,,,0,,"""Civic Center"" isn't a street name in the city data",yes,2024-08-15,,https://safitwebapps.blob.core.windows.net/$web/Striping%20Drawings/C_Streets/Civic%20Center/Civic%20Center_Str-2615%20%28Exhibit%20hall%29.pdf,,,,,
none,7660,Conservatory Drive_STR 7660 (JFK to Conservatory East).pdf,,,,0,,"""Conservatory Drive"" isn't a street name in the city data",yes,2024-12-04,,https://safitwebapps.blob.core.windows.net/$web/Striping%20Drawings/C_Streets/Conservatory%20Dr/Conservatory%20Drive_STR%207660%20%28JFK%20to%20Conservatory%20East%29.pdf,,,,,
none,1833.1,Farmers Market_str-1833.1 (farmers_market).pdf,,,,0,,"""Farmers Market"" isn't a street name in the city data",yes,2024-08-15,,https://safitwebapps.blob.core.windows.net/$web/Striping%20Drawings/F_Streets/Farmers%20Market/Farmers%20Market_str-1833.1%20%28farmers_market%29.pdf,,,,,
none,2185,Farmers Market_str-2185 (farmers_market).pdf,,,,0,,"""Farmers Market"" isn't a street name in the city data",yes,2024-08-15,,https://safitwebapps.blob.core.windows.net/$web/Striping%20Drawings/F_Streets/Farmers%20Market/Farmers%20Market_str-2185%20%28farmers_market%29.pdf,,,,,
none,1886.3,Forest hill_str-1886.3 (forest hill & golden gate heights).pdf,,,,0,,"""Forest hill"" isn't a street name in the city data",yes,2024-12-11,,https://safitwebapps.blob.core.windows.net/$web/Striping%20Drawings/F_Streets/Forest%20Hill/Forest%20hill_str-1886.3%20%28forest%20hill%20%26%20golden%20gate%20heights%29.pdf,,,,,
none,1886.4,Forest hill_str-1886.4 (forest hill & golden gate heights).pdf,,,,0,,"""Forest hill"" isn't a street name in the city data",yes,2024-12-11,,https://safitwebapps.blob.core.windows.net/$web/Striping%20Drawings/F_Streets/Forest%20Hill/Forest%20hill_str-1886.4%20%28forest%20hill%20%26%20golden%20gate%20heights%29.pdf,,,,,
none,1886.5,Forest hill_str-1886.5 (forest hill & golden gate heights).pdf,,,,0,,"""Forest hill"" isn't a street name in the city data",yes,2024-12-11,,https://safitwebapps.blob.core.windows.net/$web/Striping%20Drawings/F_Streets/Forest%20Hill/Forest%20hill_str-1886.5%20%28forest%20hill%20%26%20golden%20gate%20heights%29.pdf,,,,,
none,5740,Golden Gate Park STR-5740 Music Concourse Parking Stall Layout.pdf,,,,0,,"""Golden Gate Park"" isn't a street name in the city data",yes,2025-10-02,,https://safitwebapps.blob.core.windows.net/$web/Striping%20Drawings/G_Streets/Golden%20Gate%20Park/Golden%20Gate%20Park%20STR-5740%20Music%20Concourse%20Parking%20Stall%20Layout.pdf,,,,,
none,6537,Golden Gate Park_Str-6537 (Tea Garden Dr and ConCourse Dr) Rev0.pdf,,,,0,,"""Golden Gate Park"" isn't a street name in the city data",yes,2025-10-05,,https://safitwebapps.blob.core.windows.net/$web/Striping%20Drawings/G_Streets/Golden%20Gate%20Park/Golden%20Gate%20Park_Str-6537%20%28Tea%20Garden%20Dr%20and%20ConCourse%20Dr%29%20Rev0.pdf,,,,,
none,4081,Golden Gateway Garage_ Str-4081 (Battery St to Davis St).pdf,,,,0,,"""Golden Gateway Garage"" isn't a street name in the city data",yes,2025-09-30,,https://safitwebapps.blob.core.windows.net/$web/Striping%20Drawings/G_Streets/Golden%20Gateway%20Garage/Golden%20Gateway%20Garage_%20Str-4081%20%28Battery%20St%20to%20Davis%20St%29.pdf,,,,,
none,2488,Hickey Blvd_str-2488 (Hickey & Hilton).pdf,,,,0,,"""Hickey Blvd"" isn't a street name in the city data",yes,2024-08-15,,https://safitwebapps.blob.core.windows.net/$web/Striping%20Drawings/H_Streets/Hickey%20Blvd/Hickey%20Blvd_str-2488%20%28Hickey%20%26%20Hilton%29.pdf,,,,,
none,5563,"Islais creek_41,798_str-5563 (Traffic routing).pdf",,,,0,,"""Islais creek_41,798"" isn't a street name in the city data",yes,2024-08-15,,https://safitwebapps.blob.core.windows.net/$web/Striping%20Drawings/I_Streets/Islais%20creek/Islais%20creek_41%2C798_str-5563%20%28Traffic%20routing%29.pdf,,,,,
none,5563.1,"Islais creek_41,799_str-5563.1 (Traffic routing).pdf",,,,0,,"""Islais creek_41,799"" isn't a street name in the city data",yes,2024-08-15,,https://safitwebapps.blob.core.windows.net/$web/Striping%20Drawings/I_Streets/Islais%20creek/Islais%20creek_41%2C799_str-5563.1%20%28Traffic%20routing%29.pdf,,,,,
none,5563.2,"Islais creek_41,800_str-5563.2 (Traffic routing).pdf",,,,0,,"""Islais creek_41,800"" isn't a street name in the city data",yes,2024-08-15,,https://safitwebapps.blob.core.windows.net/$web/Striping%20Drawings/I_Streets/Islais%20creek/Islais%20creek_41%2C800_str-5563.2%20%28Traffic%20routing%29.pdf,,,,,
none,5563.3,"Islais creek_41,801_str-5563.3 (Traffic routing).pdf",,,,0,,"""Islais creek_41,801"" isn't a street name in the city data",yes,2024-08-15,,https://safitwebapps.blob.core.windows.net/$web/Striping%20Drawings/I_Streets/Islais%20creek/Islais%20creek_41%2C801_str-5563.3%20%28Traffic%20routing%29.pdf,,,,,
none,7820,Martin Luther King_Str-7820 (25th Ave to Crossover Dr).pdf,,,,0,,"""Martin Luther King"" isn't a street name in the city data",yes,2026-07-07,,https://safitwebapps.blob.core.windows.net/$web/Striping%20Drawings/K_Streets/King-MLK/Martin%20Luther%20King_Str-7820%20%2825th%20Ave%20to%20Crossover%20Dr%29.pdf,,,,,
none,7820.1,Martin Luther King_Str-7820.1 (Crossover Dr to Concourse Dr).pdf,,,,0,,"""Martin Luther King"" isn't a street name in the city data",yes,2026-01-01,,https://safitwebapps.blob.core.windows.net/$web/Striping%20Drawings/K_Streets/King-MLK/Martin%20Luther%20King_Str-7820.1%20%28Crossover%20Dr%20to%20Concourse%20Dr%29.pdf,,,,,
none,7820.2,Martin Luther King_Str-7820.2 (Concourse Dr to 9th Ave; 9th Ave to Kezar Dr).pdf,,,,0,,"""Martin Luther King"" isn't a street name in the city data",yes,2026-01-01,,https://safitwebapps.blob.core.windows.net/$web/Striping%20Drawings/K_Streets/King-MLK/Martin%20Luther%20King_Str-7820.2%20%28Concourse%20Dr%20to%209th%20Ave%3B%209th%20Ave%20to%20Kezar%20Dr%29.pdf,,,,,
none,7976,Martin Luther King_Str-7976 (to Metson Road).pdf,,,,0,,"""Martin Luther King"" isn't a street name in the city data",yes,2026-01-01,,https://safitwebapps.blob.core.windows.net/$web/Striping%20Drawings/K_Streets/King-MLK/Martin%20Luther%20King_Str-7976%20%28to%20Metson%20Road%29.pdf,,,,,
none,8288,Martin Luther King_Str-8288 (Lincoln Way to Bernice Rodgers Way).pdf,,,,0,,"""Martin Luther King"" isn't a street name in the city data",yes,2026-01-01,,https://safitwebapps.blob.core.windows.net/$web/Striping%20Drawings/K_Streets/King-MLK/Martin%20Luther%20King_Str-8288%20%28Lincoln%20Way%20to%20Bernice%20Rodgers%20Way%29.pdf,,,,,
none,8288.1,Martin Luther King_Str-8288.1 (Bernice Rodgers Way to Sunset Blvd).pdf,,,,0,,"""Martin Luther King"" isn't a street name in the city data",yes,2026-01-01,,https://safitwebapps.blob.core.windows.net/$web/Striping%20Drawings/K_Streets/King-MLK/Martin%20Luther%20King_Str-8288.1%20%28Bernice%20Rodgers%20Way%20to%20Sunset%20Blvd%29.pdf,,,,,
none,8445,Middle Dr West_Str-8445 (Martin Luther King Dr to Metson Dr).pdf,,,,0,,"""Middle Dr West"" isn't a street name in the city data",yes,2024-08-15,,https://safitwebapps.blob.core.windows.net/$web/Striping%20Drawings/M_Streets/Middle%20Dr%20West/Middle%20Dr%20West_Str-8445%20%28Martin%20Luther%20King%20Dr%20to%20Metson%20Dr%29.pdf,,,,,
none,1884,Off Ramp Str-1884 (Harrison St to 5th St).pdf,,,,0,,"""Off Ramp"" isn't a street name in the city data",yes,2024-08-15,,https://safitwebapps.blob.core.windows.net/$web/Striping%20Drawings/B_Streets/Bay%20Bridge/Off%20Ramp%20Str-1884%20%28Harrison%20St%20to%205th%20St%29.pdf,,,,,
none,7620,Palace of the Legion of Honor_str-7620 (Legion of Honor).pdf,,,,0,,"""Palace of the Legion of Honor"" isn't a street name in the city data",yes,2024-08-15,,https://safitwebapps.blob.core.windows.net/$web/Striping%20Drawings/P_Streets/Palace%20of/Palace%20of%20the%20Legion%20of%20Honor_str-7620%20%28Legion%20of%20Honor%29.pdf,,,,,
none,2520,Potrero Hill_Str-2520 (Bayshore Freeway to Arkansas).pdf,,,,0,,"""Potrero Hill"" isn't a street name in the city data",yes,2024-08-15,,https://safitwebapps.blob.core.windows.net/$web/Striping%20Drawings/P_Streets/Potrero%20Hill/Potrero%20Hill_Str-2520%20%28Bayshore%20Freeway%20to%20Arkansas%29.pdf,,,,,
none,2520.1,Potrero Hill_Str-2520.1 (Connecticut to Tennessee).pdf,,,,0,,"""Potrero Hill"" isn't a street name in the city data",yes,2025-10-13,,https://safitwebapps.blob.core.windows.net/$web/Striping%20Drawings/P_Streets/Potrero%20Hill/Potrero%20Hill_Str-2520.1%20%28Connecticut%20to%20Tennessee%29.pdf,,,,,
none,2520.2,Potrero Hill_Str-2520.2 (Utah to Wisconsin).pdf,,,,0,,"""Potrero Hill"" isn't a street name in the city data",yes,2024-08-15,,https://safitwebapps.blob.core.windows.net/$web/Striping%20Drawings/P_Streets/Potrero%20Hill/Potrero%20Hill_Str-2520.2%20%28Utah%20to%20Wisconsin%29.pdf,,,,,
none,7686,Potrero Hill_str-7686 (Potrero Hill Area).pdf,,,,0,,"""Potrero Hill"" isn't a street name in the city data",yes,2024-08-15,,https://safitwebapps.blob.core.windows.net/$web/Striping%20Drawings/P_Streets/Potrero%20Hill/Potrero%20Hill_str-7686%20%28Potrero%20Hill%20Area%29.pdf,,,,,
none,4022,St.Francis yacht club_Str-4022 (SF One Way Drive & Parking Stalls).pdf,,,,0,,"""St.Francis yacht club"" isn't a street name in the city data",yes,2024-08-15,,https://safitwebapps.blob.core.windows.net/$web/Striping%20Drawings/S_Streets/Saint%20Francis%20Yacht%20club/St.Francis%20yacht%20club_Str-4022%20%28SF%20One%20Way%20Drive%20%26%20Parking%20Stalls%29.pdf,,,,,
none,2137,Str-2137 (Commerce High school_parking lot).pdf,,,,0,,"""Commerce High School"" isn't a street name in the city data",yes,2024-08-15,,https://safitwebapps.blob.core.windows.net/$web/Striping%20Drawings/C_Streets/Commerce%20High%20School/Str-2137%20%28Commerce%20High%20school_parking%20lot%29.pdf,,,,,
none,5573,Str-5573 (Portsmouth Garage).pdf,,,,0,,"""Portsmouth Sq"" isn't a street name in the city data",yes,2024-08-15,,https://safitwebapps.blob.core.windows.net/$web/Striping%20Drawings/P_Streets/Portsmouth%20Sq/Str-5573%20%28Portsmouth%20Garage%29.pdf,,,,,
none,7617,The Embarcadero_str-7617 (Townsend to Bryant).pdf,,,,0,,"""The Embarcadero"" isn't a street name in the city data",yes,2024-12-11,,https://safitwebapps.blob.core.windows.net/$web/Striping%20Drawings/E_Streets/Embarcadero%2C%20The/The%20Embarcadero_str-7617%20%28Townsend%20to%20Bryant%29.pdf,,,,,
none,7617.1,The Embarcadero_str-7617.1 (Bryant to Washington).pdf,,,,0,,"""The Embarcadero"" isn't a street name in the city data",yes,2024-08-15,,https://safitwebapps.blob.core.windows.net/$web/Striping%20Drawings/E_Streets/Embarcadero%2C%20The/The%20Embarcadero_str-7617.1%20%28Bryant%20to%20Washington%29.pdf,,,,,
none,7617.2,The Embarcadero_str-7617.2 (Washington St to Green St).pdf,,,,0,,"""The Embarcadero"" isn't a street name in the city data",yes,2026-04-10,,https://safitwebapps.blob.core.windows.net/$web/Striping%20Drawings/E_Streets/Embarcadero%2C%20The/The%20Embarcadero_str-7617.2%20%28Washington%20St%20to%20Green%20St%29.pdf,,,,,
none,7617.3,The Embarcadero_str-7617.3 (Green St to Bay St).pdf,,,,0,,"""The Embarcadero"" isn't a street name in the city data",yes,2026-09-16,,https://safitwebapps.blob.core.windows.net/$web/Striping%20Drawings/E_Streets/Embarcadero%2C%20The/The%20Embarcadero_str-7617.3%20%28Green%20St%20to%20Bay%20St%29.pdf,,,,,
none,7617.4,The Embarcadero_str-7617.4 (Bay St to Grant St).pdf,,,,0,,"""The Embarcadero"" isn't a street name in the city data",yes,2026-06-26,,https://safitwebapps.blob.core.windows.net/$web/Striping%20Drawings/E_Streets/Embarcadero%2C%20The/The%20Embarcadero_str-7617.4%20%28Bay%20St%20to%20Grant%20St%29.pdf,,,,,
none,8482,TI_Avenue of the Palms STR-8482 (Johnson St to Bruton St).pdf,,,,0,,"""TI_Avenue of the Palms"" isn't a street name in the city data",yes,2025-10-28,,https://safitwebapps.blob.core.windows.net/$web/Striping%20Drawings/T_Streets/Treasure%20Island%20Roads/TI_Avenue%20of%20the%20Palms%20STR-8482%20%28Johnson%20St%20to%20Bruton%20St%29.pdf,,,,,
none,8483,TI_Road-STR 8483 (Trade Winds Ave to Macalla Rd).pdf,,,,0,,"""TI_Road"" isn't a street name in the city data",yes,2025-10-28,,https://safitwebapps.blob.core.windows.net/$web/Striping%20Drawings/T_Streets/Treasure%20Island%20Roads/TI_Road-STR%208483%20%28Trade%20Winds%20Ave%20to%20Macalla%20Rd%29.pdf,,,,,
none,8346.13,Alemany Blvd_STR-8346.13 (I-280 to Bayshore Blvd).pdf,ALEMANY BLVD,,,0,,"couldn't find ""i-280"" and ""bayshore blvd"" as cross streets of ALEMANY BLVD",yes,2025-06-11,,https://safitwebapps.blob.core.windows.net/$web/Striping%20Drawings/A_Streets/Alemany%20Blvd/Alemany%20Blvd_STR-8346.13%20%28I-280%20to%20Bayshore%20Blvd%29.pdf,,,,,
none,8222.11,12-Geary Blvd_Str-8222.11 (Jones St to Market St).pdf,GEARY BLVD,,,0,,"couldn't find ""jones st"" and ""market st"" as cross streets of GEARY BLVD",yes,2024-10-03,,https://safitwebapps.blob.core.windows.net/$web/Striping%20Drawings/G_Streets/Geary%20blvd/12-Geary%20Blvd_Str-8222.11%20%28Jones%20St%20to%20Market%20St%29.pdf,,,,,
none,1886,Heights- Golden Gate _str-1886 (golden gate heights and forest hill).pdf,GOLDEN GATE AVE,,,0,,no cross streets in the name and GOLDEN GATE AVE is long; not mapped,yes,2024-08-15,,https://safitwebapps.blob.core.windows.net/$web/Striping%20Drawings/G_Streets/Golden%20Gate%20Ave/Heights-%20Golden%20Gate%20_str-1886%20%28golden%20gate%20heights%20and%20forest%20hill%29.pdf,,,,,
none,1886.1,Heights- Golden Gate _str-1886.1 (golden gate heights and forest hill).pdf,GOLDEN GATE AVE,,,0,,no cross streets in the name and GOLDEN GATE AVE is long; not mapped,yes,2024-08-15,,https://safitwebapps.blob.core.windows.net/$web/Striping%20Drawings/G_Streets/Golden%20Gate%20Ave/Heights-%20Golden%20Gate%20_str-1886.1%20%28golden%20gate%20heights%20and%20forest%20hill%29.pdf,,,,,
none,1886.2,Heights- Golden Gate_str-1886.2 (golden gate heights and forest hill).pdf,GOLDEN GATE AVE,,,0,,no cross streets in the name and GOLDEN GATE AVE is long; not mapped,yes,2024-08-15,,https://safitwebapps.blob.core.windows.net/$web/Striping%20Drawings/G_Streets/Golden%20Gate%20Ave/Heights-%20Golden%20Gate_str-1886.2%20%28golden%20gate%20heights%20and%20forest%20hill%29.pdf,,,,,
none,4896,Str4896_Green St and Lyon (pavement bar installation).pdf,GREEN ST,,,0,,no cross streets in the name and GREEN ST is long; not mapped,yes,2024-08-15,,https://safitwebapps.blob.core.windows.net/$web/Striping%20Drawings/G_Streets/Green%20st/Str4896_Green%20St%20and%20Lyon%20%28pavement%20bar%20installation%29.pdf,,,,,
none,6466,Superseded_Parking Stalls_Green st_Str-6466 (1444 Green St Parking Layout).pdf,GREEN ST,,,0,,no cross streets in the name and GREEN ST is long; not mapped,yes,2025-10-13,,https://safitwebapps.blob.core.windows.net/$web/Striping%20Drawings/G_Streets/Green%20st/Superseded_Parking%20Stalls_Green%20st_Str-6466%20%281444%20Green%20St%20Parking%20Layout%29.pdf,,,,,
none,7885,Hoffman St_Str-7885 (23rd St to Grand View Ave).pdf,HOFFMAN ST,,,0,,"couldn't find ""23rd st"" and ""grand view ave"" as cross streets of HOFFMAN ST",yes,2024-08-15,,https://safitwebapps.blob.core.windows.net/$web/Striping%20Drawings/H_Streets/Hoffman%20St/Hoffman%20St_Str-7885%20%2823rd%20St%20to%20Grand%20View%20Ave%29.pdf,,,,,
none,3037,Hunter's Point_str-3037 (Gilman Ave to Jamestown).pdf,HUNTERS POINT BLVD,,,0,,"couldn't find ""gilman ave"" and ""jamestown"" as cross streets of HUNTERS POINT BLVD",yes,2024-08-15,,https://safitwebapps.blob.core.windows.net/$web/Striping%20Drawings/H_Streets/Hunter%27s%20Point/Hunter%27s%20Point_str-3037%20%28Gilman%20Ave%20to%20Jamestown%29.pdf,,,,,
none,7247,Marin and Kansas Sts_STR-7247 (Bayshore to Cesar Chavez)r3 See Jonathan Chimento 2025-09-22.pdf,MARIN ST,,,0,,"couldn't find ""bayshore"" and ""cesar chavez"" as cross streets of MARIN ST",yes,2025-09-23,,https://safitwebapps.blob.core.windows.net/$web/Striping%20Drawings/M_Streets/Marin%20St/Marin%20and%20Kansas%20Sts_STR-7247%20%28Bayshore%20to%20Cesar%20Chavez%29r3%20See%20Jonathan%20Chimento%202025-09-22.pdf,,,,,
none,4819,Palo Alto Ave_Str-4819 (Clarendon Ave to Dellbrook Ave).pdf,PALO ALTO AVE,,,0,,"couldn't find ""clarendon ave"" and ""dellbrook ave"" as cross streets of PALO ALTO AVE",yes,2024-08-15,,https://safitwebapps.blob.core.windows.net/$web/Striping%20Drawings/P_Streets/Palo%20Alto/Palo%20Alto%20Ave_Str-4819%20%28Clarendon%20Ave%20to%20Dellbrook%20Ave%29.pdf,,,,,
none,7758,Turk St_Str-7758 (Arguello blvd to Tamalpais Terrace).pdf,TURK ST,,,0,,"couldn't find ""arguello blvd"" and ""tamalpais terrace"" as cross streets of TURK ST",yes,2026-09-24,,https://safitwebapps.blob.core.windows.net/$web/Striping%20Drawings/T_Streets/Turk%20St/Turk%20St_Str-7758%20%28Arguello%20blvd%20to%20Tamalpais%20Terrace%29.pdf,,,,,
none,7995,Utah St_Str-7995 (San Bruno Ave to Potrero Ave).pdf,UTAH ST,,,0,,"couldn't find ""san bruno ave"" and ""potrero ave"" as cross streets of UTAH ST",yes,2025-04-18,,https://safitwebapps.blob.core.windows.net/$web/Striping%20Drawings/U_Streets/Utah%20st/Utah%20St_Str-7995%20%28San%20Bruno%20Ave%20to%20Potrero%20Ave%29.pdf,,,,,
none,7720,Willow and Larch Str-7720 (Eddy to Laguna).pdf,WILLOW ST,,,0,,"couldn't find ""eddy"" and ""laguna"" as cross streets of WILLOW ST",yes,2024-08-15,,https://safitwebapps.blob.core.windows.net/$web/Striping%20Drawings/W_Streets/Willow%20St/Willow%20and%20Larch%20Str-7720%20%28Eddy%20to%20Laguna%29.pdf,,,,,
none,3045,Bill Walsh Way_ Str-3045 (Gilman Ave to Jamestown Ave) Rev10.pdf,,,,0,,"""Bill Walsh Way"" isn't a street name in the city data",older upload,2024-08-15,,https://safitwebapps.blob.core.windows.net/$web/Striping%20Drawings/B_Streets/Bill%20Walsh%20Way/Bill%20Walsh%20Way_%20Str-3045%20%28Gilman%20Ave%20to%20Jamestown%20Ave%29%20Rev10.pdf,,,,,
none,1886,Forest hill_str-1886 (forest hill & golden gate heights).pdf,,,,0,,"""Forest hill"" isn't a street name in the city data",older upload,2024-08-15,,https://safitwebapps.blob.core.windows.net/$web/Striping%20Drawings/F_Streets/Forest%20Hill/Forest%20hill_str-1886%20%28forest%20hill%20%26%20golden%20gate%20heights%29.pdf,,,,,
none,1886.1,Forest hill_str-1886.1 (forest hill & golden gate heights).pdf,,,,0,,"""Forest hill"" isn't a street name in the city data",older upload,2024-08-15,,https://safitwebapps.blob.core.windows.net/$web/Striping%20Drawings/F_Streets/Forest%20Hill/Forest%20hill_str-1886.1%20%28forest%20hill%20%26%20golden%20gate%20heights%29.pdf,,,,,
none,1886.2,Forest hill_str-1886.2 (forest hill & golden gate heights).pdf,,,,0,,"""Forest hill"" isn't a street name in the city data",older upload,2024-08-15,,https://safitwebapps.blob.core.windows.net/$web/Striping%20Drawings/F_Streets/Forest%20Hill/Forest%20hill_str-1886.2%20%28forest%20hill%20%26%20golden%20gate%20heights%29.pdf,,,,,
none,5740,Str-5740 (Music Concourse_Parking stallslayout).pdf,,,,0,,"""Concourse Music"" isn't a street name in the city data",older upload,2024-08-15,,https://safitwebapps.blob.core.windows.net/$web/Striping%20Drawings/C_Streets/Concourse%20Music/Str-5740%20%28Music%20Concourse_Parking%20stallslayout%29.pdf,,,,,
none,1886.3,Heights- Golden Gate_str-1886.3 (golden gate heights and forest hill).pdf,GOLDEN GATE AVE,,,0,,no cross streets in the name and GOLDEN GATE AVE is long; not mapped,older upload,2024-08-15,,https://safitwebapps.blob.core.windows.net/$web/Striping%20Drawings/G_Streets/Golden%20Gate%20Ave/Heights-%20Golden%20Gate_str-1886.3%20%28golden%20gate%20heights%20and%20forest%20hill%29.pdf,,,,,
none,1886.4,Heights- Golden Gate_str-1886.4 (golden gate heights and forest hill).pdf,GOLDEN GATE AVE,,,0,,no cross streets in the name and GOLDEN GATE AVE is long; not mapped,older upload,2024-08-15,,https://safitwebapps.blob.core.windows.net/$web/Striping%20Drawings/G_Streets/Golden%20Gate%20Ave/Heights-%20Golden%20Gate_str-1886.4%20%28golden%20gate%20heights%20and%20forest%20hill%29.pdf,,,,,
none,1886.5,Heights- Golden Gate_str-1886.5 (golden gate heights and forest hill).pdf,GOLDEN GATE AVE,,,0,,no cross streets in the name and GOLDEN GATE AVE is long; not mapped,older upload,2024-08-15,,https://safitwebapps.blob.core.windows.net/$web/Striping%20Drawings/G_Streets/Golden%20Gate%20Ave/Heights-%20Golden%20Gate_str-1886.5%20%28golden%20gate%20heights%20and%20forest%20hill%29.pdf,,,,,
low,8130.1,3rd Ave_STR-8130.1 (Geary Blvd to Terminus).pdf,03RD AVE,GEARY BLVD,,2,between,"couldn't find ""dead end"" at 03RD AVE; listed the blocks touching GEARY BLVD",yes,2026-07-11,https://civic-joy-fund.github.io/block-party/striping/#id=8130.1,https://safitwebapps.blob.core.windows.net/$web/Striping%20Drawings/01_Numbered_Avenue/3rd%20Ave/3rd%20Ave_STR-8130.1%20%28Geary%20Blvd%20to%20Terminus%29.pdf,,,,,
low,6498,4th Ave_STR-6498 (4th_ave)_see  4th Ave corridor file 8406.pdf,04TH AVE,,,11,whole_street,no cross streets in the name; used all of 04TH AVE,yes,2024-08-15,https://civic-joy-fund.github.io/block-party/striping/#id=6498,https://safitwebapps.blob.core.windows.net/$web/Striping%20Drawings/01_Numbered_Avenue/4th%20Ave/4th%20Ave_STR-6498%20%284th_ave%29_see%20%204th%20Ave%20corridor%20file%208406.pdf,,,,,
low,5658,"5th Ave_Str-5658 (5,6,7th_ave).pdf",05TH AVE,,,14,whole_street,no cross streets in the name; used all of 05TH AVE,yes,2025-11-01,https://civic-joy-fund.github.io/block-party/striping/#id=5658,https://safitwebapps.blob.core.windows.net/$web/Striping%20Drawings/01_Numbered_Avenue/5th%20Ave/5th%20Ave_Str-5658%20%285%2C6%2C7th_ave%29.pdf,,,,,
low,6499,5th Ave_Str-6499 (5th_ave).pdf,05TH AVE,,,14,whole_street,no cross streets in the name; used all of 05TH AVE,yes,2024-08-15,https://civic-joy-fund.github.io/block-party/striping/#id=6499,https://safitwebapps.blob.core.windows.net/$web/Striping%20Drawings/01_Numbered_Avenue/5th%20Ave/5th%20Ave_Str-6499%20%285th_ave%29.pdf,,,,,
low,8131.1,15th Ave_STR-8131.1 (Geary Blvd to Wedemeyer St).pdf,15TH AVE,GEARY BLVD,,2,between,"couldn't find ""wedemeyer st"" at 15TH AVE; listed the blocks touching GEARY BLVD",yes,2025-02-06,https://civic-joy-fund.github.io/block-party/striping/#id=8131.1,https://safitwebapps.blob.core.windows.net/$web/Striping%20Drawings/01_Numbered_Avenue/15th%20Ave/15th%20Ave_STR-8131.1%20%28Geary%20Blvd%20to%20Wedemeyer%20St%29.pdf,,,,,
low,7706.1,Str-7706.1 22nd st (Grand View Ave to Sanchez St).pdf,22ND ST,SANCHEZ ST,,2,between,"couldn't find ""grand view ave"" at 22ND ST; listed the blocks touching SANCHEZ ST",yes,2024-12-05,https://civic-joy-fund.github.io/block-party/striping/#id=7706.1,https://safitwebapps.blob.core.windows.net/$web/Striping%20Drawings/02_Numbered_Street/22nd%20St/Str-7706.1%2022nd%20st%20%28Grand%20View%20Ave%20to%20Sanchez%20St%29.pdf,,,,,
low,7768,25th St_STR-7768 (3rd St to Louisiana St).pdf,25TH ST,03RD ST,,2,between,"couldn't find ""louisiana st"" at 25TH ST; listed the blocks touching 03RD ST",yes,2026-05-29,https://civic-joy-fund.github.io/block-party/striping/#id=7768,https://safitwebapps.blob.core.windows.net/$web/Striping%20Drawings/02_Numbered_Street/25th%20St/25th%20St_STR-7768%20%283rd%20St%20to%20Louisiana%20St%29.pdf,,,,,
low,4927,Alanna Way_Str-4927 (Harney way to Freeway).pdf,ALANA WAY,HARNEY WAY,,1,between,"read ""alanna"" as ""alana""; couldn't find ""freeway"" at ALANA WAY; listed the blocks touching HARNEY WAY",yes,2024-08-15,https://civic-joy-fund.github.io/block-party/striping/#id=4927,https://safitwebapps.blob.core.windows.net/$web/Striping%20Drawings/A_Streets/Alanna%20Way/Alanna%20Way_Str-4927%20%28Harney%20way%20to%20Freeway%29.pdf,,,,,
low,8346.10,Alemany Blvd_STR-8346.10 (Trumble Ave to Elsworth St)rev1.pdf,ALEMANY BLVD,ELLSWORTH ST,,2,between,"read cross street ""elsworth st"" as ""ellsworth""; couldn't find ""trumble ave"" at ALEMANY BLVD; listed the blocks touching ELLSWORTH ST",yes,2025-11-18,https://civic-joy-fund.github.io/block-party/striping/#id=8346.10,https://safitwebapps.blob.core.windows.net/$web/Striping%20Drawings/A_Streets/Alemany%20Blvd/Alemany%20Blvd_STR-8346.10%20%28Trumble%20Ave%20to%20Elsworth%20St%29rev1.pdf,,,,,
low,8346.12,Alemany Blvd_STR-8346.12 (Folsom St to I-280).pdf,ALEMANY BLVD,FOLSOM ST,,2,between,"couldn't find ""i-280"" at ALEMANY BLVD; listed the blocks touching FOLSOM ST",yes,2024-08-15,https://civic-joy-fund.github.io/block-party/striping/#id=8346.12,https://safitwebapps.blob.core.windows.net/$web/Striping%20Drawings/A_Streets/Alemany%20Blvd/Alemany%20Blvd_STR-8346.12%20%28Folsom%20St%20to%20I-280%29.pdf,,,,,
low,8346.9,Alemany Blvd_STR-8346.9 (Justin Dr to Trumble Ave)rev1.pdf,ALEMANY BLVD,JUSTIN DR,,1,between,"couldn't find ""trumble ave"" at ALEMANY BLVD; listed the blocks touching JUSTIN DR",yes,2025-11-18,https://civic-joy-fund.github.io/block-party/striping/#id=8346.9,https://safitwebapps.blob.core.windows.net/$web/Striping%20Drawings/A_Streets/Alemany%20Blvd/Alemany%20Blvd_STR-8346.9%20%28Justin%20Dr%20to%20Trumble%20Ave%29rev1.pdf,,,,,
low,6663,Alta st_Str-6663 (Montgomery St to Sansome St).pdf,ALTA ST,MONTGOMERY ST,,2,between,"couldn't find ""sansome st"" at ALTA ST; listed the blocks touching MONTGOMERY ST",yes,2024-08-15,https://civic-joy-fund.github.io/block-party/striping/#id=6663,https://safitwebapps.blob.core.windows.net/$web/Striping%20Drawings/A_Streets/Alta%20St/Alta%20st_Str-6663%20%28Montgomery%20St%20to%20Sansome%20St%29.pdf,,,,,
low,8530,TI_Avenue H_STR-8530 (13th St to 4th St).pdf,AVENUE H,13TH TI ST,,1,between,"read cross street ""13th st"" as ""13thti""; couldn't find ""4th st"" at AVENUE H; listed the blocks touching 13TH TI ST",yes,2026-01-23,https://civic-joy-fund.github.io/block-party/striping/#id=8530,https://safitwebapps.blob.core.windows.net/$web/Striping%20Drawings/T_Streets/Treasure%20Island%20Roads/TI_Avenue%20H_STR-8530%20%2813th%20St%20to%204th%20St%29.pdf,,,,,
low,8204,Banks St_ Str-8204 (Crescent Ave to Bernal Heights Boulevard).pdf,BANKS ST,CRESCENT AVE,,2,between,"couldn't find ""bernal heights blvd"" at BANKS ST; listed the blocks touching CRESCENT AVE",yes,2026-08-29,https://civic-joy-fund.github.io/block-party/striping/#id=8204,https://safitwebapps.blob.core.windows.net/$web/Striping%20Drawings/B_Streets/Banks%20St/Banks%20St_%20Str-8204%20%28Crescent%20Ave%20to%20Bernal%20Heights%20Boulevard%29.pdf,,,,,
low,8394,Berry St Str-8394 (Mission Bay Dr to 5th St).pdf,BERRY ST,05TH ST,,2,between,"couldn't find ""mission bay dr"" at BERRY ST; listed the blocks touching 05TH ST",yes,2024-08-15,https://civic-joy-fund.github.io/block-party/striping/#id=8394,https://safitwebapps.blob.core.windows.net/$web/Striping%20Drawings/B_Streets/Berry%20St/Berry%20St%20Str-8394%20%28Mission%20Bay%20Dr%20to%205th%20St%29.pdf,,,,,
low,8007,Bowling Green Dr_Str-8007 (JFK to Martin Luther King).pdf,BOWLING GREEN DR,MARTIN LUTHER KING JR DR,,1,between,"read cross street ""martin luther king"" as ""martin luther king jr""; couldn't find ""john f kennedy dr"" at BOWLING GREEN DR; listed the blocks touching MARTIN LUTHER KING JR DR",yes,2024-11-28,https://civic-joy-fund.github.io/block-party/striping/#id=8007,https://safitwebapps.blob.core.windows.net/$web/Striping%20Drawings/B_Streets/Bowling%20Green%20Dr/Bowling%20Green%20Dr_Str-8007%20%28JFK%20to%20Martin%20Luther%20King%29.pdf,,,,,
low,8061,Buena Vista Ave West_Str-8061 (Haight St. to Upper Terrace) .pdf,BUENA VISTA AVE WEST,HAIGHT ST,,1,between,"couldn't find ""upper terrace"" at BUENA VISTA AVE WEST; listed the blocks touching HAIGHT ST",yes,2025-11-11,https://civic-joy-fund.github.io/block-party/striping/#id=8061,https://safitwebapps.blob.core.windows.net/$web/Striping%20Drawings/B_Streets/Buena%20Vista%20Ave/Buena%20Vista%20Ave%20West_Str-8061%20%28Haight%20St.%20to%20Upper%20Terrace%29%20.pdf,,,,,
low,7612.3,10-California st_Str-7612.3 (Grant St to Market St).pdf,CALIFORNIA ST,GRANT AVE,,2,between,"couldn't find ""market st"" at CALIFORNIA ST; listed the blocks touching GRANT AVE",yes,2026-06-05,https://civic-joy-fund.github.io/block-party/striping/#id=7612.3,https://safitwebapps.blob.core.windows.net/$web/Striping%20Drawings/C_Streets/California%20St/10-California%20st_Str-7612.3%20%28Grant%20St%20to%20Market%20St%29.pdf,,,,,
low,6451,Str-6451 (California_steiner to Filmore_parking stalls).pdf,CALIFORNIA ST,STEINER ST,,2,between,"couldn't find ""filmore parking stalls"" at CALIFORNIA ST; listed the blocks touching STEINER ST",yes,2024-08-15,https://civic-joy-fund.github.io/block-party/striping/#id=6451,https://safitwebapps.blob.core.windows.net/$web/Striping%20Drawings/C_Streets/California%20St/Str-6451%20%28California_steiner%20to%20Filmore_parking%20stalls%29.pdf,,,,,
low,7295,Cambon st_Str-7295 (Cardenas Ave to Felix Ave) See Jonathan Wong 2026-09-24.pdf,CAMBON DR,CARDENAS AVE,,1,between,"couldn't find ""felix ave"" at CAMBON DR; listed the blocks touching CARDENAS AVE",yes,2026-09-25,https://civic-joy-fund.github.io/block-party/striping/#id=7295,https://safitwebapps.blob.core.windows.net/$web/Striping%20Drawings/C_Streets/Cambon%20St/Cambon%20st_Str-7295%20%28Cardenas%20Ave%20to%20Felix%20Ave%29%20See%20Jonathan%20Wong%202026-09-24.pdf,,,,,
low,5599,Str-5599 (Cashmere st_ East of Hudson)_see Pallavi Panyam corridor file 2026-01-28.pdf,CASHMERE ST,,,8,whole_street,no cross streets in the name; used all of CASHMERE ST,yes,2026-01-29,https://civic-joy-fund.github.io/block-party/striping/#id=5599,https://safitwebapps.blob.core.windows.net/$web/Striping%20Drawings/C_Streets/Cashmere%20St/Str-5599%20%28Cashmere%20st_%20East%20of%20Hudson%29_see%20Pallavi%20Panyam%20corridor%20file%202026-01-28.pdf,,,,,
low,7942,Cedro Ave_STR-7942 (Junipero Serra Blvd to Ocean A).pdf,CEDRO AVE,OCEAN AVE,,1,between,"read cross street ""ocean a"" as ""ocean""; couldn't find ""junipero serra blvd"" at CEDRO AVE; listed the blocks touching OCEAN AVE",yes,2024-08-15,https://civic-joy-fund.github.io/block-party/striping/#id=7942,https://safitwebapps.blob.core.windows.net/$web/Striping%20Drawings/C_Streets/Cedro%20Ave/Cedro%20Ave_STR-7942%20%28Junipero%20Serra%20Blvd%20to%20Ocean%20A%29.pdf,,,,,
low,8211.4,Cesar Chavez St_STR-8211.4 (Bryant St to Potrero St).pdf,CESAR CHAVEZ ST,BRYANT ST,,4,between,"couldn't find ""potrero st"" at CESAR CHAVEZ ST; listed the blocks touching BRYANT ST",yes,2026-06-04,https://civic-joy-fund.github.io/block-party/striping/#id=8211.4,https://safitwebapps.blob.core.windows.net/$web/Striping%20Drawings/C_Streets/Cesar%20Chavez/Cesar%20Chavez%20St_STR-8211.4%20%28Bryant%20St%20to%20Potrero%20St%29.pdf,,,,,
low,8211.5,Cesar Chavez St_STR-8211.5 (Potrero Ave to Mississippi St).pdf,CESAR CHAVEZ ST,MISSISSIPPI ST,,2,between,"couldn't find ""potrero ave"" at CESAR CHAVEZ ST; listed the blocks touching MISSISSIPPI ST",yes,2025-12-05,https://civic-joy-fund.github.io/block-party/striping/#id=8211.5,https://safitwebapps.blob.core.windows.net/$web/Striping%20Drawings/C_Streets/Cesar%20Chavez/Cesar%20Chavez%20St_STR-8211.5%20%28Potrero%20Ave%20to%20Mississippi%20St%29.pdf,,,,,
low,8146,Cherry St_Str-8146 (California St to W Pacific Ave).pdf,CHERRY ST,CALIFORNIA ST,,1,between,"couldn't find ""w pacific ave"" at CHERRY ST; listed the blocks touching CALIFORNIA ST",yes,2025-02-11,https://civic-joy-fund.github.io/block-party/striping/#id=8146,https://safitwebapps.blob.core.windows.net/$web/Striping%20Drawings/C_Streets/Cherry%20St/Cherry%20St_Str-8146%20%28California%20St%20to%20W%20Pacific%20Ave%29.pdf,,,,,
low,7759,Clipper St_Str-7759 (Portola Dr to Douglass St).pdf,CLIPPER ST,DOUGLASS ST,,2,between,"couldn't find ""portola dr"" at CLIPPER ST; listed the blocks touching DOUGLASS ST",yes,2024-08-15,https://civic-joy-fund.github.io/block-party/striping/#id=7759,https://safitwebapps.blob.core.windows.net/$web/Striping%20Drawings/C_Streets/Clipper%20st/Clipper%20St_Str-7759%20%28Portola%20Dr%20to%20Douglass%20St%29.pdf,,,,,
low,8354,Cordova St_STR-8354 (Rolph St to Canyon Dr).pdf,CORDOVA ST,ROLPH ST,,1,between,"couldn't find ""canyon dr"" at CORDOVA ST; listed the blocks touching ROLPH ST",yes,2024-08-15,https://civic-joy-fund.github.io/block-party/striping/#id=8354,https://safitwebapps.blob.core.windows.net/$web/Striping%20Drawings/C_Streets/Cordova%20St/Cordova%20St_STR-8354%20%28Rolph%20St%20to%20Canyon%20Dr%29.pdf,,,,,
low,6308,STRIPING_Str-6308 (Corwin st_45 degree Stalls ).pdf,CORWIN ST,,,2,whole_street,no cross streets in the name; used all of CORWIN ST,yes,2024-12-04,https://civic-joy-fund.github.io/block-party/striping/#id=6308,https://safitwebapps.blob.core.windows.net/$web/Striping%20Drawings/C_Streets/Corwin%20st/STRIPING_Str-6308%20%28Corwin%20st_45%20degree%20Stalls%20%29.pdf,,,,,
low,7795,Coso Ave_Str-7795 (Bineview St to Shotwell st).pdf,COSO AVE,BONVIEW ST,,1,between,"read cross street ""bineview st"" as ""bonview""; couldn't find ""shotwell st"" at COSO AVE; listed the blocks touching BONVIEW ST",yes,2024-08-15,https://civic-joy-fund.github.io/block-party/striping/#id=7795,https://safitwebapps.blob.core.windows.net/$web/Striping%20Drawings/C_Streets/Coso%20St/Coso%20Ave_Str-7795%20%28Bineview%20St%20to%20Shotwell%20st%29.pdf,,,,,
low,7870,Crestlake Dr_Str-7870 (Vicente St to El Mirasol Pl).pdf,CRESTLAKE DR,EL MIRASOL PL,,2,between,"couldn't find ""vicente st"" at CRESTLAKE DR; listed the blocks touching EL MIRASOL PL",yes,2024-08-15,https://civic-joy-fund.github.io/block-party/striping/#id=7870,https://safitwebapps.blob.core.windows.net/$web/Striping%20Drawings/C_Streets/Crestlake%20Dr/Crestlake%20Dr_Str-7870%20%28Vicente%20St%20to%20El%20Mirasol%20Pl%29.pdf,,,,,
low,6298.5,STRIPING_Str-6298.5 (Crestlake Dr_Landscape).pdf,CRESTLAKE DR,,,9,whole_street,no cross streets in the name; used all of CRESTLAKE DR,yes,2024-08-15,https://civic-joy-fund.github.io/block-party/striping/#id=6298.5,https://safitwebapps.blob.core.windows.net/$web/Striping%20Drawings/C_Streets/Crestlake%20Dr/STRIPING_Str-6298.5%20%28Crestlake%20Dr_Landscape%29.pdf,,,,,
low,7641,Davis st_STR-7641 (Embarcadero to Market St)r13.pdf,DAVIS ST,MARKET ST,,1,between,"couldn't find ""the embarcadero"" at DAVIS ST; listed the blocks touching MARKET ST",yes,2026-04-10,https://civic-joy-fund.github.io/block-party/striping/#id=7641,https://safitwebapps.blob.core.windows.net/$web/Striping%20Drawings/D_Streets/Davis%20st/Davis%20st_STR-7641%20%28Embarcadero%20to%20Market%20St%29r13.pdf,,,,,
low,6848,De Haro_Str-6848 (Angle Parking-Alemeda to Division)_see 8370 corridor file rev0.pdf,DE HARO ST,DIVISION ST,,1,between,"couldn't find ""angle parking-alemeda"" at DE HARO ST; listed the blocks touching DIVISION ST",yes,2024-08-15,https://civic-joy-fund.github.io/block-party/striping/#id=6848,https://safitwebapps.blob.core.windows.net/$web/Striping%20Drawings/D_Streets/De%20Haro%20st/De%20Haro_Str-6848%20%28Angle%20Parking-Alemeda%20to%20Division%29_see%208370%20corridor%20file%20rev0.pdf,,,,,
low,3138.1,DellBrook Ave_Str-3138.1 (Palo Alto to Clarendon St).pdf,DELLBROOK AVE,CLARENDON AVE,,1,between,"couldn't find ""palo alto"" at DELLBROOK AVE; listed the blocks touching CLARENDON AVE",yes,2025-09-21,https://civic-joy-fund.github.io/block-party/striping/#id=3138.1,https://safitwebapps.blob.core.windows.net/$web/Striping%20Drawings/D_Streets/Dell%20Brook/DellBrook%20Ave_Str-3138.1%20%28Palo%20Alto%20to%20Clarendon%20St%29.pdf,,,,,
low,8069,Dewey Blvd_Str-8069 (Dewey Circle to Laguna Honda Blvd).pdf,DEWEY BLVD,LAGUNA HONDA BLVD,,1,between,"couldn't find ""dewey circle"" at DEWEY BLVD; listed the blocks touching LAGUNA HONDA BLVD",yes,2024-08-15,https://civic-joy-fund.github.io/block-party/striping/#id=8069,https://safitwebapps.blob.core.windows.net/$web/Striping%20Drawings/D_Streets/Dewey%20Blvd/Dewey%20Blvd_Str-8069%20%28Dewey%20Circle%20to%20Laguna%20Honda%20Blvd%29.pdf,,,,,
low,7882,Douglass St_Str-7882 (21St St to Roamin St).pdf,DOUGLASS ST,21ST ST,,2,between,"couldn't find ""roamin st"" at DOUGLASS ST; listed the blocks touching 21ST ST",yes,2024-08-15,https://civic-joy-fund.github.io/block-party/striping/#id=7882,https://safitwebapps.blob.core.windows.net/$web/Striping%20Drawings/D_Streets/Douglass%20St/Douglass%20St_Str-7882%20%2821St%20St%20to%20Roamin%20St%29.pdf,,,,,
low,7955.1,Duboce Ave_Str-7955.1 (Webster St to Woodward St).pdf,DUBOCE AVE,WOODWARD ST,,2,between,"couldn't find ""webster st"" at DUBOCE AVE; listed the blocks touching WOODWARD ST",yes,2025-11-05,https://civic-joy-fund.github.io/block-party/striping/#id=7955.1,https://safitwebapps.blob.core.windows.net/$web/Striping%20Drawings/D_Streets/Duboce%20st/Duboce%20Ave_Str-7955.1%20%28Webster%20St%20to%20Woodward%20St%29.pdf,,,,,
low,7825.2,Duncan St_STR-7825.2 (Dolores St to Valencia St).pdf,DUNCAN ST,DOLORES ST,,2,between,"couldn't find ""valencia st"" at DUNCAN ST; listed the blocks touching DOLORES ST",yes,2026-05-30,https://civic-joy-fund.github.io/block-party/striping/#id=7825.2,https://safitwebapps.blob.core.windows.net/$web/Striping%20Drawings/D_Streets/Duncan%20st/Duncan%20St_STR-7825.2%20%28Dolores%20St%20to%20Valencia%20St%29.pdf,,,,,
low,7851.1,04-Eddy St _Str-7851.1 (Larkin St to Market St).pdf,EDDY ST,LARKIN ST,,2,between,"couldn't find ""market st"" at EDDY ST; listed the blocks touching LARKIN ST",yes,2024-12-17,https://civic-joy-fund.github.io/block-party/striping/#id=7851.1,https://safitwebapps.blob.core.windows.net/$web/Striping%20Drawings/E_Streets/Eddy%20St/04-Eddy%20St%20_Str-7851.1%20%28Larkin%20St%20to%20Market%20St%29.pdf,,,,,
low,7907,Escolta Way_Str-7907 (33rd Ave to 30th Ave).pdf,ESCOLTA WAY,30TH AVE,,1,between,"couldn't find ""33rd ave"" at ESCOLTA WAY; listed the blocks touching 30TH AVE",yes,2024-08-15,https://civic-joy-fund.github.io/block-party/striping/#id=7907,https://safitwebapps.blob.core.windows.net/$web/Striping%20Drawings/E_Streets/Escolta%20Way/Escolta%20Way_Str-7907%20%2833rd%20Ave%20to%2030th%20Ave%29.pdf,,,,,
low,8387,Everglade Dr_Str-8387 (Lake Merced Blvd to Sloat Blvd) 2022-04-04.pdf,EVERGLADE DR,SLOAT BLVD,,1,between,"couldn't find ""lake merced blvd"" at EVERGLADE DR; listed the blocks touching SLOAT BLVD",yes,2024-08-15,https://civic-joy-fund.github.io/block-party/striping/#id=8387,https://safitwebapps.blob.core.windows.net/$web/Striping%20Drawings/E_Streets/Everglade%20Dr/Everglade%20Dr_Str-8387%20%28Lake%20Merced%20Blvd%20to%20Sloat%20Blvd%29%202022-04-04.pdf,,,,,
low,8350,Fitzgerald Ave_Str-8350 (3rd St to Griffith St).pdf,FITZGERALD AVE,03RD ST,,1,between,"couldn't find ""griffith st"" at FITZGERALD AVE; listed the blocks touching 03RD ST",yes,2024-08-15,https://civic-joy-fund.github.io/block-party/striping/#id=8350,https://safitwebapps.blob.core.windows.net/$web/Striping%20Drawings/F_Streets/Fitzgerald%20St/Fitzgerald%20Ave_Str-8350%20%283rd%20St%20to%20Griffith%20St%29.pdf,,,,,
low,8440,12-Fulton St_Str-8440 (Larkin St to Leavenworth St).pdf,FULTON ST,LARKIN ST,,1,between,"couldn't find ""leavenworth st"" at FULTON ST; listed the blocks touching LARKIN ST",yes,2025-09-10,https://civic-joy-fund.github.io/block-party/striping/#id=8440,https://safitwebapps.blob.core.windows.net/$web/Striping%20Drawings/F_Streets/Fulton%20St/12-Fulton%20St_Str-8440%20%28Larkin%20St%20to%20Leavenworth%20St%29.pdf,,,,,
low,8222.10,11_Geary Blvd Str-8222.10 (Van Ness Ave to Jones St).pdf,GEARY BLVD,VAN NESS AVE,,1,between,"couldn't find ""jones st"" at GEARY BLVD; listed the blocks touching VAN NESS AVE",yes,2025-11-05,https://civic-joy-fund.github.io/block-party/striping/#id=8222.10,https://safitwebapps.blob.core.windows.net/$web/Striping%20Drawings/G_Streets/Geary%20blvd/11_Geary%20Blvd%20Str-8222.10%20%28Van%20Ness%20Ave%20to%20Jones%20St%29.pdf,,,,,
low,8252,Genebern Way STR-8252 (Justin Dr to College Ave).pdf,GENEBERN WAY,JUSTIN DR,,2,between,"couldn't find ""college ave"" at GENEBERN WAY; listed the blocks touching JUSTIN DR",yes,2026-08-11,https://civic-joy-fund.github.io/block-party/striping/#id=8252,https://safitwebapps.blob.core.windows.net/$web/Striping%20Drawings/G_Streets/Genebern%20Way/Genebern%20Way%20STR-8252%20%28Justin%20Dr%20to%20College%20Ave%29.pdf,,,,,
low,8234,Gilman_Carroll_Arelious Walker_Griffith_Giants_Str-8234 (Gilman Ave to Carroll Ave).pdf,GIANTS DR,GILMAN AVE,,1,between,"couldn't find ""carroll ave"" at GIANTS DR; listed the blocks touching GILMAN AVE",yes,2024-08-15,https://civic-joy-fund.github.io/block-party/striping/#id=8234,https://safitwebapps.blob.core.windows.net/$web/Striping%20Drawings/G_Streets/Giants%20St/Gilman_Carroll_Arelious%20Walker_Griffith_Giants_Str-8234%20%28Gilman%20Ave%20to%20Carroll%20Ave%29.pdf,,,,,
low,3036,Gilman Ave_Str-3036 (3rd st to Hunters Point)r33_see Jonathan Chimento 2025-12-10.pdf,GILMAN AVE,03RD ST,,1,between,"couldn't find ""hunters point"" at GILMAN AVE; listed the blocks touching 03RD ST",yes,2025-12-11,https://civic-joy-fund.github.io/block-party/striping/#id=3036,https://safitwebapps.blob.core.windows.net/$web/Striping%20Drawings/G_Streets/Gilman%20Ave/Gilman%20Ave_Str-3036%20%283rd%20st%20to%20Hunters%20Point%29r33_see%20Jonathan%20Chimento%202025-12-10.pdf,,,,,
low,8125,Goethe St_STR-8125 (Alemany Blvd to San Jose Ave ).pdf,GOETHE ST,SAN JOSE AVE,,2,between,"couldn't find ""alemany blvd"" at GOETHE ST; listed the blocks touching SAN JOSE AVE",yes,2025-04-22,https://civic-joy-fund.github.io/block-party/striping/#id=8125,https://safitwebapps.blob.core.windows.net/$web/Striping%20Drawings/G_Streets/Goethe%20St/Goethe%20St_STR-8125%20%28Alemany%20Blvd%20to%20San%20Jose%20Ave%20%29.pdf,,,,,
low,6082,Gold Mine Dr_Str-6082 (Gold Mine Drive) See Jonathan Wong 2026-09-24.pdf,GOLD MINE DR,,,8,whole_street,no cross streets in the name; used all of GOLD MINE DR,yes,2026-10-01,https://civic-joy-fund.github.io/block-party/striping/#id=6082,https://safitwebapps.blob.core.windows.net/$web/Striping%20Drawings/G_Streets/Gold%20mine%20Dr/Gold%20Mine%20Dr_Str-6082%20%28Gold%20Mine%20Drive%29%20See%20Jonathan%20Wong%202026-09-24.pdf,,,,,
low,6082.1,Gold Mine Dr_Str-6082.1 (Gold Mine Drive).pdf,GOLD MINE DR,,,8,whole_street,no cross streets in the name; used all of GOLD MINE DR,yes,2026-04-22,https://civic-joy-fund.github.io/block-party/striping/#id=6082.1,https://safitwebapps.blob.core.windows.net/$web/Striping%20Drawings/G_Streets/Gold%20mine%20Dr/Gold%20Mine%20Dr_Str-6082.1%20%28Gold%20Mine%20Drive%29.pdf,,,,,
low,6494,Str-6494 Grafton at Plymouth Ave (Clearance Zone for Bus Turning) rev0_missing.pdf,GRAFTON AVE,,,11,whole_street,no cross streets in the name; used all of GRAFTON AVE,yes,2024-08-15,https://civic-joy-fund.github.io/block-party/striping/#id=6494,https://safitwebapps.blob.core.windows.net/$web/Striping%20Drawings/G_Streets/Grafton%20Ave/Str-6494%20Grafton%20at%20Plymouth%20Ave%20%28Clearance%20Zone%20for%20Bus%20Turning%29%20rev0_missing.pdf,,,,,
low,2762,Grant Ave_Str-2762 (Market St to Pinr St).pdf,GRANT AVE,MARKET ST,,1,between,"couldn't find ""pinr st"" at GRANT AVE; listed the blocks touching MARKET ST",yes,2024-08-15,https://civic-joy-fund.github.io/block-party/striping/#id=2762,https://safitwebapps.blob.core.windows.net/$web/Striping%20Drawings/G_Streets/Grant%20Ave/Grant%20Ave_Str-2762%20%28Market%20St%20to%20Pinr%20St%29.pdf,,,,,
low,7856.6,Great Highway_Str- 7856.6 (Kirkham St To Beach Chalet).pdf,GREAT HWY,KIRKHAM ST,,2,between,"couldn't find ""beach chalet"" at GREAT HWY; listed the blocks touching KIRKHAM ST",yes,2025-05-30,https://civic-joy-fund.github.io/block-party/striping/#id=7856.6,https://safitwebapps.blob.core.windows.net/$web/Striping%20Drawings/G_Streets/Great%20Highway/Great%20Highway_Str-%207856.6%20%28Kirkham%20St%20To%20Beach%20Chalet%29.pdf,,,,,
low,7856.7,Great Highway_Str- 7856.7 (Beach Chalet to Balboa St).pdf,GREAT HWY,BALBOA ST,,4,between,"couldn't find ""beach chalet"" at GREAT HWY; listed the blocks touching BALBOA ST",yes,2026-01-03,https://civic-joy-fund.github.io/block-party/striping/#id=7856.7,https://safitwebapps.blob.core.windows.net/$web/Striping%20Drawings/G_Streets/Great%20Highway/Great%20Highway_Str-%207856.7%20%28Beach%20Chalet%20to%20Balboa%20St%29.pdf,,,,,
low,7856.8,Great Highway_Str- 7856.8 (Balboa St to 700' northerly).pdf,GREAT HWY,BALBOA ST,,4,between,"couldn't find ""700' northerly"" at GREAT HWY; listed the blocks touching BALBOA ST",yes,2025-09-25,https://civic-joy-fund.github.io/block-party/striping/#id=7856.8,https://safitwebapps.blob.core.windows.net/$web/Striping%20Drawings/G_Streets/Great%20Highway/Great%20Highway_Str-%207856.8%20%28Balboa%20St%20to%20700%27%20northerly%29.pdf,,,,,
low,8427,Guttenberg St_Str-8427 (San Francisco County Line to Mission St).pdf,GUTTENBERG ST,MISSION ST,,1,between,"couldn't find ""san francisco county line"" at GUTTENBERG ST; listed the blocks touching MISSION ST",yes,2024-12-17,https://civic-joy-fund.github.io/block-party/striping/#id=8427,https://safitwebapps.blob.core.windows.net/$web/Striping%20Drawings/G_Streets/Guttenberg%20St/Guttenberg%20St_Str-8427%20%28San%20Francisco%20County%20Line%20to%20Mission%20St%29.pdf,,,,,
low,6787,Str-6787 Haight St (Motorcycle Parking-1300 Block).pdf,HAIGHT ST,,,23,whole_street,no cross streets in the name; used all of HAIGHT ST,yes,2024-08-15,https://civic-joy-fund.github.io/block-party/striping/#id=6787,https://safitwebapps.blob.core.windows.net/$web/Striping%20Drawings/H_Streets/Haight%20St/Str-6787%20Haight%20St%20%28Motorcycle%20Parking-1300%20Block%29.pdf,,,,,
low,3043,Harney way_str-3043 (Bayshore to James town).pdf,HARNEY WAY,JAMESTOWN AVE,,1,between,"read cross street ""james town"" as ""jamestown""; couldn't find ""bayshore"" at HARNEY WAY; listed the blocks touching JAMESTOWN AVE",yes,2024-08-15,https://civic-joy-fund.github.io/block-party/striping/#id=3043,https://safitwebapps.blob.core.windows.net/$web/Striping%20Drawings/H_Streets/Harney%20Way/Harney%20way_str-3043%20%28Bayshore%20to%20James%20town%29.pdf,,,,,
low,4885,Harney way_str-4885 (West of James town).pdf,HARNEY WAY,,,3,whole_street,no cross streets in the name; used all of HARNEY WAY,yes,2024-08-15,https://civic-joy-fund.github.io/block-party/striping/#id=4885,https://safitwebapps.blob.core.windows.net/$web/Striping%20Drawings/H_Streets/Harney%20Way/Harney%20way_str-4885%20%28West%20of%20James%20town%29.pdf,,,,,
low,4926.1,Harney way_str-4926.1 (James town to Mckinley ave).pdf,HARNEY WAY,JAMESTOWN AVE,,1,between,"read cross street ""james town"" as ""jamestown""; couldn't find ""mckinley ave"" at HARNEY WAY; listed the blocks touching JAMESTOWN AVE",yes,2024-08-15,https://civic-joy-fund.github.io/block-party/striping/#id=4926.1,https://safitwebapps.blob.core.windows.net/$web/Striping%20Drawings/H_Streets/Harney%20Way/Harney%20way_str-4926.1%20%28James%20town%20to%20Mckinley%20ave%29.pdf,,,,,
low,7624,Str-7624 (Herbst_Rd striping and parking).pdf,HEARST AVE,,,7,whole_street,"read ""herbst"" as ""hearst""; no cross streets in the name; used all of HEARST AVE",yes,2024-08-15,https://civic-joy-fund.github.io/block-party/striping/#id=7624,https://safitwebapps.blob.core.windows.net/$web/Striping%20Drawings/H_Streets/Herbst%20Rd/Str-7624%20%28Herbst_Rd%20striping%20and%20parking%29.pdf,,,,,
low,8380,Hester Ave_STR-8380 (Bayshore Blvd to Bayshore Blvd).pdf,HESTER AVE,BAY SHORE BLVD,,2,between,"couldn't find ""bayshore blvd"" at HESTER AVE; listed the blocks touching BAY SHORE BLVD",yes,2024-12-20,https://civic-joy-fund.github.io/block-party/striping/#id=8380,https://safitwebapps.blob.core.windows.net/$web/Striping%20Drawings/H_Streets/Hester%20Ave/Hester%20Ave_STR-8380%20%28Bayshore%20Blvd%20to%20Bayshore%20Blvd%29.pdf,,,,,
low,4042,Hillpoint Ave_Str-4042 (traffic Island).pdf,HILL POINT AVE,,,1,whole_street,no cross streets in the name; used all of HILL POINT AVE,yes,2024-08-15,https://civic-joy-fund.github.io/block-party/striping/#id=4042,https://safitwebapps.blob.core.windows.net/$web/Striping%20Drawings/H_Streets/Hillpoint%20Ave/Hillpoint%20Ave_Str-4042%20%28traffic%20Island%29.pdf,,,,,
low,5090,Hillpoint Ave_Str-5090 (traffic Island).pdf,HILL POINT AVE,,,1,whole_street,no cross streets in the name; used all of HILL POINT AVE,yes,2024-08-15,https://civic-joy-fund.github.io/block-party/striping/#id=5090,https://safitwebapps.blob.core.windows.net/$web/Striping%20Drawings/H_Streets/Hillpoint%20Ave/Hillpoint%20Ave_Str-5090%20%28traffic%20Island%29.pdf,,,,,
low,8148,Hillcrest Rd_STR-8148 (Treasure Island to I-80).pdf,HILLCREST RD,TREASURE ISLAND RD,,2,between,"couldn't find ""i-80"" at HILLCREST RD; listed the blocks touching TREASURE ISLAND RD",yes,2024-08-15,https://civic-joy-fund.github.io/block-party/striping/#id=8148,https://safitwebapps.blob.core.windows.net/$web/Striping%20Drawings/H_Streets/Hillcrest%20Rd/Hillcrest%20Rd_STR-8148%20%28Treasure%20Island%20to%20I-80%29.pdf,,,,,
low,1739.1,Hunter's Point_Str-1739.1 (3rd St to Innes Ave).pdf,HUNTERS POINT BLVD,INNES AVE,,1,between,"couldn't find ""3rd st"" at HUNTERS POINT BLVD; listed the blocks touching INNES AVE",yes,2025-10-16,https://civic-joy-fund.github.io/block-party/striping/#id=1739.1,https://safitwebapps.blob.core.windows.net/$web/Striping%20Drawings/H_Streets/Hunter%27s%20Point/Hunter%27s%20Point_Str-1739.1%20%283rd%20St%20to%20Innes%20Ave%29.pdf,,,,,
low,7880,Illinois St_STR-7880 (Cargo Way to 25th St)R.pdf,ILLINOIS ST,25TH ST,,2,between,"couldn't find ""cargo way"" at ILLINOIS ST; listed the blocks touching 25TH ST",yes,2026-03-19,https://civic-joy-fund.github.io/block-party/striping/#id=7880,https://safitwebapps.blob.core.windows.net/$web/Striping%20Drawings/I_Streets/Illinois%20st/Illinois%20St_STR-7880%20%28Cargo%20Way%20to%2025th%20St%29R.pdf,,,,,
low,7827.1,Indiana St_Str-7827.1 (Tubbs St to Tular St).pdf,INDIANA ST,TUBBS ST,,2,between,"couldn't find ""tular st"" at INDIANA ST; listed the blocks touching TUBBS ST",yes,2024-10-19,https://civic-joy-fund.github.io/block-party/striping/#id=7827.1,https://safitwebapps.blob.core.windows.net/$web/Striping%20Drawings/I_Streets/Indiana%20st/Indiana%20St_Str-7827.1%20%28Tubbs%20St%20to%20Tular%20St%29.pdf,,,,,
low,8303,Iowa St_Str-8303 (25th St to 22nd St).pdf,IOWA ST,22ND ST,,1,between,"couldn't find ""25th st"" at IOWA ST; listed the blocks touching 22ND ST",yes,2024-08-15,https://civic-joy-fund.github.io/block-party/striping/#id=8303,https://safitwebapps.blob.core.windows.net/$web/Striping%20Drawings/I_Streets/Iowa%20St/Iowa%20St_Str-8303%20%2825th%20St%20to%2022nd%20St%29.pdf,,,,,
low,7465.2,Irving st_Str-7465.2 (9th Ave to Carl st).pdf,IRVING ST,09TH AVE,,2,between,"couldn't find ""carl st"" at IRVING ST; listed the blocks touching 09TH AVE",yes,2024-08-15,https://civic-joy-fund.github.io/block-party/striping/#id=7465.2,https://safitwebapps.blob.core.windows.net/$web/Striping%20Drawings/I_Streets/Irving%20st/Irving%20st_Str-7465.2%20%289th%20Ave%20to%20Carl%20st%29.pdf,,,,,
low,2124,Irwin St_str-2124 (seventh to eigth Sts).pdf,IRWIN ST,07TH ST,,1,between,"couldn't find ""eigth sts"" at IRWIN ST; listed the blocks touching 07TH ST",yes,2024-12-24,https://civic-joy-fund.github.io/block-party/striping/#id=2124,https://safitwebapps.blob.core.windows.net/$web/Striping%20Drawings/I_Streets/Irwin%20St/Irwin%20St_str-2124%20%28seventh%20to%20eigth%20Sts%29.pdf,,,,,
low,8521,Jefferson st_Str-8521 (Larkin St to Powell St).pdf,JEFFERSON ST,POWELL ST,,1,between,"couldn't find ""larkin st"" at JEFFERSON ST; listed the blocks touching POWELL ST",yes,2026-06-11,https://civic-joy-fund.github.io/block-party/striping/#id=8521,https://safitwebapps.blob.core.windows.net/$web/Striping%20Drawings/J_Streets/Jefferson%20St/Jefferson%20st_Str-8521%20%28Larkin%20St%20to%20Powell%20St%29.pdf,,,,,
low,8114,Jennings St_Str-8114 (Cargo Way to Amador St).pdf,JENNINGS ST,CARGO WAY,,1,between,"couldn't find ""amador st"" at JENNINGS ST; listed the blocks touching CARGO WAY",yes,2024-08-15,https://civic-joy-fund.github.io/block-party/striping/#id=8114,https://safitwebapps.blob.core.windows.net/$web/Striping%20Drawings/J_Streets/Jennings%20St/Jennings%20St_Str-8114%20%28Cargo%20Way%20to%20Amador%20St%29.pdf,,,,,
low,8185.2,Jessie St_Str-8185.2 (3rd St to 1st St).pdf,JESSIE ST,03RD ST,,1,between,"couldn't find ""1st st"" at JESSIE ST; listed the blocks touching 03RD ST",yes,2024-08-15,https://civic-joy-fund.github.io/block-party/striping/#id=8185.2,https://safitwebapps.blob.core.windows.net/$web/Striping%20Drawings/J_Streets/Jessie%20St/Jessie%20St_Str-8185.2%20%283rd%20St%20to%201st%20St%29.pdf,,,,,
low,7935.0,John F Kennedy Dr_STR-7935.0 (Cross Over Dr to Stow Lake Dr).pdf,JOHN F KENNEDY DR,STOW LAKE DR,,2,between,"couldn't find ""cross over dr"" at JOHN F KENNEDY DR; listed the blocks touching STOW LAKE DR",yes,2025-01-08,https://civic-joy-fund.github.io/block-party/striping/#id=7935.0,https://safitwebapps.blob.core.windows.net/$web/Striping%20Drawings/K_Streets/Kennedy%20JFDr/John%20F%20Kennedy%20Dr_STR-7935.0%20%28Cross%20Over%20Dr%20to%20Stow%20Lake%20Dr%29.pdf,,,,,
low,7935.3,John F Kennedy Dr_STR-7935.3 (6th Ave to Bowling Green Dr).pdf,JOHN F KENNEDY DR,36TH AVE,,6,between,"read cross street ""6th ave"" as ""36th""; couldn't find ""bowling green dr"" at JOHN F KENNEDY DR; listed the blocks touching 36TH AVE",yes,2025-01-08,https://civic-joy-fund.github.io/block-party/striping/#id=7935.3,https://safitwebapps.blob.core.windows.net/$web/Striping%20Drawings/K_Streets/Kennedy%20JFDr/John%20F%20Kennedy%20Dr_STR-7935.3%20%286th%20Ave%20to%20Bowling%20Green%20Dr%29.pdf,,,,,
low,7935.4,John F Kennedy Dr_STR-7935.4 (Bowling Green Dr to Stanyan St).pdf,JOHN F KENNEDY DR,STANYAN ST,,2,between,"couldn't find ""bowling green dr"" at JOHN F KENNEDY DR; listed the blocks touching STANYAN ST",yes,2026-06-12,https://civic-joy-fund.github.io/block-party/striping/#id=7935.4,https://safitwebapps.blob.core.windows.net/$web/Striping%20Drawings/K_Streets/Kennedy%20JFDr/John%20F%20Kennedy%20Dr_STR-7935.4%20%28Bowling%20Green%20Dr%20to%20Stanyan%20St%29.pdf,,,,,
low,8173.2,John F Kennedy Dr_STR-8173.2 (36th Ave to Marx Meadow Dr).pdf,JOHN F KENNEDY DR,36TH AVE,,6,between,"couldn't find ""marx meadow dr"" at JOHN F KENNEDY DR; listed the blocks touching 36TH AVE",yes,2024-08-15,https://civic-joy-fund.github.io/block-party/striping/#id=8173.2,https://safitwebapps.blob.core.windows.net/$web/Striping%20Drawings/K_Streets/Kennedy%20JFDr/John%20F%20Kennedy%20Dr_STR-8173.2%20%2836th%20Ave%20to%20Marx%20Meadow%20Dr%29.pdf,,,,,
low,8173.3,John F Kennedy Dr_STR-8173.3 (Marx Meadow Dr to Tranverse Dr).pdf,JOHN F KENNEDY DR,TRANSVERSE DR,,2,between,"read cross street ""tranverse dr"" as ""transverse""; couldn't find ""marx meadow dr"" at JOHN F KENNEDY DR; listed the blocks touching TRANSVERSE DR",yes,2024-08-15,https://civic-joy-fund.github.io/block-party/striping/#id=8173.3,https://safitwebapps.blob.core.windows.net/$web/Striping%20Drawings/K_Streets/Kennedy%20JFDr/John%20F%20Kennedy%20Dr_STR-8173.3%20%28Marx%20Meadow%20Dr%20to%20Tranverse%20Dr%29.pdf,,,,,
low,8261,John F. Shelley Dr STR-8261 (John F Shelly Drive (West to East).pdf,JOHN F SHELLEY DR,,,2,whole_street,no cross streets in the name; used all of JOHN F SHELLEY DR,yes,2024-08-15,https://civic-joy-fund.github.io/block-party/striping/#id=8261,https://safitwebapps.blob.core.windows.net/$web/Striping%20Drawings/J_Streets/John%20F%20Shelley%20Dr/John%20F.%20Shelley%20Dr%20STR-8261%20%28John%20F%20Shelly%20Drive%20%28West%20to%20East%29.pdf,,,,,
low,8261.1,John F. Shelley Dr STR-8261.1 (John F Shelly Drive (West to East).pdf,JOHN F SHELLEY DR,,,2,whole_street,no cross streets in the name; used all of JOHN F SHELLEY DR,yes,2024-08-15,https://civic-joy-fund.github.io/block-party/striping/#id=8261.1,https://safitwebapps.blob.core.windows.net/$web/Striping%20Drawings/J_Streets/John%20F%20Shelley%20Dr/John%20F.%20Shelley%20Dr%20STR-8261.1%20%28John%20F%20Shelly%20Drive%20%28West%20to%20East%29.pdf,,,,,
low,8261.2,John F. Shelley Dr STR-8261.2 (John F Shelly Drive (West to East).pdf,JOHN F SHELLEY DR,,,2,whole_street,no cross streets in the name; used all of JOHN F SHELLEY DR,yes,2024-08-15,https://civic-joy-fund.github.io/block-party/striping/#id=8261.2,https://safitwebapps.blob.core.windows.net/$web/Striping%20Drawings/J_Streets/John%20F%20Shelley%20Dr/John%20F.%20Shelley%20Dr%20STR-8261.2%20%28John%20F%20Shelly%20Drive%20%28West%20to%20East%29.pdf,,,,,
low,8261.3,John F. Shelley Dr STR-8261.3 (John F Shelly Drive (West to East).pdf,JOHN F SHELLEY DR,,,2,whole_street,no cross streets in the name; used all of JOHN F SHELLEY DR,yes,2024-08-15,https://civic-joy-fund.github.io/block-party/striping/#id=8261.3,https://safitwebapps.blob.core.windows.net/$web/Striping%20Drawings/J_Streets/John%20F%20Shelley%20Dr/John%20F.%20Shelley%20Dr%20STR-8261.3%20%28John%20F%20Shelly%20Drive%20%28West%20to%20East%29.pdf,,,,,
low,8385,Joice St_STR 8385 (Pine St to Clay St).pdf,JOICE ST,CLAY ST,,1,between,"couldn't find ""pine st"" at JOICE ST; listed the blocks touching CLAY ST",yes,2024-08-15,https://civic-joy-fund.github.io/block-party/striping/#id=8385,https://safitwebapps.blob.core.windows.net/$web/Striping%20Drawings/J_Streets/Joice%20St/Joice%20St_STR%208385%20%28Pine%20St%20to%20Clay%20St%29.pdf,,,,,
low,8343,Kezar Dr_Str-8343 (Lincolnway to Stanyan).pdf,KEZAR DR,LINCOLN WAY,,2,between,"couldn't find ""stanyan"" at KEZAR DR; listed the blocks touching LINCOLN WAY",yes,2024-08-15,https://civic-joy-fund.github.io/block-party/striping/#id=8343,https://safitwebapps.blob.core.windows.net/$web/Striping%20Drawings/K_Streets/Kezar%20Dr/Kezar%20Dr_Str-8343%20%28Lincolnway%20to%20Stanyan%29.pdf,,,,,
low,6149,Str-6149 (Lguna Honda School_parking lot).pdf,LAGUNA HONDA BLVD,,,19,whole_street,no cross streets in the name; used all of LAGUNA HONDA BLVD,yes,2024-08-15,https://civic-joy-fund.github.io/block-party/striping/#id=6149,https://safitwebapps.blob.core.windows.net/$web/Striping%20Drawings/L_Streets/Laguna%20Honda%20blvd/Str-6149%20%28Lguna%20Honda%20School_parking%20lot%29.pdf,,,,,
low,2181,Lake Merced Blvd_STR-2181 (Herbst rd to Sunset blvd) rev5_see Mark Manalo corridor file 2022-03-24.pdf,LAKE MERCED BLVD,SUNSET BLVD,,3,between,"couldn't find ""herbst rd"" at LAKE MERCED BLVD; listed the blocks touching SUNSET BLVD",yes,2025-09-25,https://civic-joy-fund.github.io/block-party/striping/#id=2181,https://safitwebapps.blob.core.windows.net/$web/Striping%20Drawings/L_Streets/Lake%20Merced%20Blvd/Lake%20Merced%20Blvd_STR-2181%20%28Herbst%20rd%20to%20Sunset%20blvd%29%20rev5_see%20Mark%20Manalo%20corridor%20file%202022-03-24.pdf,,,,,
low,5759,Lake Merced Blvd_STR-5759 (Sunset Blvd to John Daly Blvd) rev6.pdf,LAKE MERCED BLVD,SUNSET BLVD,,3,between,"couldn't find ""john daly blvd"" at LAKE MERCED BLVD; listed the blocks touching SUNSET BLVD",yes,2025-09-25,https://civic-joy-fund.github.io/block-party/striping/#id=5759,https://safitwebapps.blob.core.windows.net/$web/Striping%20Drawings/L_Streets/Lake%20Merced%20Blvd/Lake%20Merced%20Blvd_STR-5759%20%28Sunset%20Blvd%20to%20John%20Daly%20Blvd%29%20rev6.pdf,,,,,
low,8021,Lane St_Str-8021 (Bayshore Blvd to McKinnon St).pdf,LANE ST,MCKINNON AVE,,2,between,"couldn't find ""bayshore blvd"" at LANE ST; listed the blocks touching MCKINNON AVE",yes,2025-09-10,https://civic-joy-fund.github.io/block-party/striping/#id=8021,https://safitwebapps.blob.core.windows.net/$web/Striping%20Drawings/L_Streets/Lane%20St/Lane%20St_Str-8021%20%28Bayshore%20Blvd%20to%20McKinnon%20St%29.pdf,,,,,
low,8019,Larkin St_Str-8019 (Polk St to Francisco St).pdf,LARKIN ST,FRANCISCO ST,,2,between,"couldn't find ""polk st"" at LARKIN ST; listed the blocks touching FRANCISCO ST",yes,2026-07-15,https://civic-joy-fund.github.io/block-party/striping/#id=8019,https://safitwebapps.blob.core.windows.net/$web/Striping%20Drawings/L_Streets/Larkin%20st/Larkin%20St_Str-8019%20%28Polk%20St%20to%20Francisco%20St%29.pdf,,,,,
low,1123,Lawton st_Str-1123 (Funston to Noriega) Rev1.pdf,LAWTON ST,FUNSTON AVE,,2,between,"couldn't find ""noriega"" at LAWTON ST; listed the blocks touching FUNSTON AVE",yes,2026-07-24,https://civic-joy-fund.github.io/block-party/striping/#id=1123,https://safitwebapps.blob.core.windows.net/$web/Striping%20Drawings/01_Numbered_Avenue/16th%20Ave/Lawton%20st_Str-1123%20%28Funston%20to%20Noriega%29%20Rev1.pdf,,,,,
low,3355,Legion of Honor Dr_str-3355 (Palace of the legion of honor to clement st).pdf,LEGION OF HONOR DR,CLEMENT ST,,1,between,"couldn't find ""palace of the legion of honor"" at LEGION OF HONOR DR; listed the blocks touching CLEMENT ST",yes,2024-08-15,https://civic-joy-fund.github.io/block-party/striping/#id=3355,https://safitwebapps.blob.core.windows.net/$web/Striping%20Drawings/L_Streets/Legion%20of%20Honor/Legion%20of%20Honor%20Dr_str-3355%20%28Palace%20of%20the%20legion%20of%20honor%20to%20clement%20st%29.pdf,,,,,
low,6270,Linares Ave_Str-6270 (Ortega ave to Ventura ave).pdf,LINARES AVE,VENTURA AVE,,2,between,"couldn't find ""ortega ave"" at LINARES AVE; listed the blocks touching VENTURA AVE",yes,2024-08-15,https://civic-joy-fund.github.io/block-party/striping/#id=6270,https://safitwebapps.blob.core.windows.net/$web/Striping%20Drawings/L_Streets/Linares/Linares%20Ave_Str-6270%20%28Ortega%20ave%20to%20Ventura%20ave%29.pdf,,,,,
low,8484.1,YBI_Macalla Rd-STR-8484.1 (Yerba Buena Rd to I-80 Westbound) 2025-03-12.pdf,MACALLA RD,YERBA BUENA RD,,4,between,"couldn't find ""i-80 westbound"" at MACALLA RD; listed the blocks touching YERBA BUENA RD",yes,2025-03-26,https://civic-joy-fund.github.io/block-party/striping/#id=8484.1,https://safitwebapps.blob.core.windows.net/$web/Striping%20Drawings/Y_Streets/Yerba%20Buena%20Island%20Rd/YBI_Macalla%20Rd-STR-8484.1%20%28Yerba%20Buena%20Rd%20to%20I-80%20Westbound%29%202025-03-12.pdf,,,,,
low,4273,Marina Green Dr_Str-4273 (Perimeter Roadway Parking Stalls).pdf,MARINA GREEN DR,,,1,whole_street,no cross streets in the name; used all of MARINA GREEN DR,yes,2025-10-13,https://civic-joy-fund.github.io/block-party/striping/#id=4273,https://safitwebapps.blob.core.windows.net/$web/Striping%20Drawings/M_Streets/Marina%20Green%20Dr/Marina%20Green%20Dr_Str-4273%20%28Perimeter%20Roadway%20Parking%20Stalls%29.pdf,,,,,
low,8410,Merrimac St_Str-8410 (Nelson Rising to China Basin St).pdf,MERRIMAC ST,CHINA BASIN ST,,1,between,"couldn't find ""nelson rising"" at MERRIMAC ST; listed the blocks touching CHINA BASIN ST",yes,2026-09-25,https://civic-joy-fund.github.io/block-party/striping/#id=8410,https://safitwebapps.blob.core.windows.net/$web/Striping%20Drawings/M_Streets/Merrimac%20St/Merrimac%20St_Str-8410%20%28Nelson%20Rising%20to%20China%20Basin%20St%29.pdf,,,,,
low,8367,Minna St_Str-8367 (3rd St to Beale St).pdf,MINNA ST,03RD ST,,1,between,"couldn't find ""beale st"" at MINNA ST; listed the blocks touching 03RD ST",yes,2026-06-18,https://civic-joy-fund.github.io/block-party/striping/#id=8367,https://safitwebapps.blob.core.windows.net/$web/Striping%20Drawings/M_Streets/Minna%20st/Minna%20St_Str-8367%20%283rd%20St%20to%20Beale%20St%29.pdf,,,,,
low,7796,Mountain Spring Ave_Str-7796 (Twin Peaks Blvd to Terminus).pdf,MOUNTAIN SPRING AVE,TWIN PEAKS BLVD,,1,between,"couldn't find ""dead end"" at MOUNTAIN SPRING AVE; listed the blocks touching TWIN PEAKS BLVD",yes,2025-01-16,https://civic-joy-fund.github.io/block-party/striping/#id=7796,https://safitwebapps.blob.core.windows.net/$web/Striping%20Drawings/M_Streets/Mountain%20Spring%20Ave/Mountain%20Spring%20Ave_Str-7796%20%28Twin%20Peaks%20Blvd%20to%20Terminus%29.pdf,,,,,
low,7751,STR-7751 Noriega St (Lower Rd to 40th Ave).pdf,NORIEGA ST,40TH AVE,,2,between,"couldn't find ""lower rd"" at NORIEGA ST; listed the blocks touching 40TH AVE",yes,2026-06-17,https://civic-joy-fund.github.io/block-party/striping/#id=7751,https://safitwebapps.blob.core.windows.net/$web/Striping%20Drawings/N_Streets/Noriega%20st/STR-7751%20Noriega%20St%20%28Lower%20Rd%20to%2040th%20Ave%29.pdf,,,,,
low,8408,O'Farrell St_STR-8408 (Steiner St to Gough St).pdf,OFARRELL ST,STEINER ST,,1,between,"couldn't find ""gough st"" at OFARRELL ST; listed the blocks touching STEINER ST",yes,2024-08-15,https://civic-joy-fund.github.io/block-party/striping/#id=8408,https://safitwebapps.blob.core.windows.net/$web/Striping%20Drawings/O_Streets/O%27Farrell%20st/O%27Farrell%20St_STR-8408%20%28Steiner%20St%20to%20Gough%20St%29.pdf,,,,,
low,7136,Palace Dr_Str-7136 (Under Jurisdiction of Rec. and Park Dept).pdf,PALACE DR,,,1,whole_street,no cross streets in the name; used all of PALACE DR,yes,2024-08-15,https://civic-joy-fund.github.io/block-party/striping/#id=7136,https://safitwebapps.blob.core.windows.net/$web/Striping%20Drawings/P_Streets/Palace%20Dr/Palace%20Dr_Str-7136%20%28Under%20Jurisdiction%20of%20Rec.%20and%20Park%20Dept%29.pdf,,,,,
low,7603,Post St_Str-7603 (Market St to Mason St).pdf,POST ST,MASON ST,,2,between,"couldn't find ""market st"" at POST ST; listed the blocks touching MASON ST",yes,2025-07-10,https://civic-joy-fund.github.io/block-party/striping/#id=7603,https://safitwebapps.blob.core.windows.net/$web/Striping%20Drawings/P_Streets/Post%20St/Post%20St_Str-7603%20%28Market%20St%20to%20Mason%20St%29.pdf,,,,,
low,8289,Potrero Ave_Str-8289 (Ceasar Chavez St to 24th St).pdf,POTRERO AVE,24TH ST,,2,between,"couldn't find ""ceasar chavez st"" at POTRERO AVE; listed the blocks touching 24TH ST",yes,2024-08-15,https://civic-joy-fund.github.io/block-party/striping/#id=8289,https://safitwebapps.blob.core.windows.net/$web/Striping%20Drawings/P_Streets/Potrero%20Ave/Potrero%20Ave_Str-8289%20%28Ceasar%20Chavez%20St%20to%2024th%20St%29.pdf,,,,,
low,7689,Str-7689_Precita ave (speed humps).pdf,PRECITA AVE,,,13,whole_street,no cross streets in the name; used all of PRECITA AVE,yes,2024-08-15,https://civic-joy-fund.github.io/block-party/striping/#id=7689,https://safitwebapps.blob.core.windows.net/$web/Striping%20Drawings/P_Streets/Precita%20Ave/Str-7689_Precita%20ave%20%28speed%20humps%29.pdf,,,,,
low,8506,Prentiss St_Str-8506 (Crescent Ave to Bernal Heights Blvd).pdf,PRENTISS ST,CRESCENT AVE,,1,between,"couldn't find ""bernal heights blvd"" at PRENTISS ST; listed the blocks touching CRESCENT AVE",yes,2025-12-05,https://civic-joy-fund.github.io/block-party/striping/#id=8506,https://safitwebapps.blob.core.windows.net/$web/Striping%20Drawings/P_Streets/Prentiss%20St/Prentiss%20St_Str-8506%20%28Crescent%20Ave%20to%20Bernal%20Heights%20Blvd%29.pdf,,,,,
low,6812,Str-6812 RayCliff Terrace (Angle Parking).pdf,RAYCLIFF TER,,,1,whole_street,no cross streets in the name; used all of RAYCLIFF TER,yes,2024-08-15,https://civic-joy-fund.github.io/block-party/striping/#id=6812,https://safitwebapps.blob.core.windows.net/$web/Striping%20Drawings/R_Streets/Raycliff/Str-6812%20RayCliff%20Terrace%20%28Angle%20Parking%29.pdf,,,,,
low,5600,Str-5600 (Reuel Court-stall markings) rev2.pdf,REUEL CT,,,2,whole_street,no cross streets in the name; used all of REUEL CT,yes,2024-08-15,https://civic-joy-fund.github.io/block-party/striping/#id=5600,https://safitwebapps.blob.core.windows.net/$web/Striping%20Drawings/R_Streets/Reuel%20st/Str-5600%20%28Reuel%20Court-stall%20markings%29%20rev2.pdf,,,,,
low,7881,Romain St_STR-7881 (Corbett Ave to Douglas St).pdf,ROMAIN ST,CORBETT AVE,,1,between,"couldn't find ""douglas st"" at ROMAIN ST; listed the blocks touching CORBETT AVE",yes,2025-11-13,https://civic-joy-fund.github.io/block-party/striping/#id=7881,https://safitwebapps.blob.core.windows.net/$web/Striping%20Drawings/R_Streets/Romain%20St/Romain%20St_STR-7881%20%28Corbett%20Ave%20to%20Douglas%20St%29.pdf,,,,,
low,8264.4,San Bruno Ave_STR-8264.4 (Hale St to Alemany Blvd).pdf,SAN BRUNO AVE,HALE ST,,2,between,"couldn't find ""alemany blvd"" at SAN BRUNO AVE; listed the blocks touching HALE ST",yes,2025-11-11,https://civic-joy-fund.github.io/block-party/striping/#id=8264.4,https://safitwebapps.blob.core.windows.net/$web/Striping%20Drawings/S_Streets/San%20Bruno%20ave/San%20Bruno%20Ave_STR-8264.4%20%28Hale%20St%20to%20Alemany%20Blvd%29.pdf,,,,,
low,6092,Superceded San Fernando Way _Str-6092 (Mid block x-walk).pdf,SAN FERNANDO WAY,,,4,whole_street,no cross streets in the name; used all of SAN FERNANDO WAY,yes,2024-08-15,https://civic-joy-fund.github.io/block-party/striping/#id=6092,https://safitwebapps.blob.core.windows.net/$web/Striping%20Drawings/S_Streets/San%20Fernando%20Way/Superceded%20San%20Fernando%20Way%20_Str-6092%20%28Mid%20block%20x-walk%29.pdf,,,,,
low,7793,Sansome st_Str-7793 (Market St to Pacific Ave).pdf,SANSOME ST,PACIFIC AVE,,2,between,"couldn't find ""market st"" at SANSOME ST; listed the blocks touching PACIFIC AVE",yes,2026-02-20,https://civic-joy-fund.github.io/block-party/striping/#id=7793,https://safitwebapps.blob.core.windows.net/$web/Striping%20Drawings/S_Streets/Sansome%20st/Sansome%20st_Str-7793%20%28Market%20St%20to%20Pacific%20Ave%29.pdf,,,,,
low,8481,TI_Seven Seas Ave_STR-8481 (9th Ave to Clipper Cove Ave).pdf,SEVEN SEAS AVE,CLIPPER COVE AVE,,1,between,"couldn't find ""9th ave"" at SEVEN SEAS AVE; listed the blocks touching CLIPPER COVE AVE",yes,2025-03-20,https://civic-joy-fund.github.io/block-party/striping/#id=8481,https://safitwebapps.blob.core.windows.net/$web/Striping%20Drawings/T_Streets/Treasure%20Island%20Roads/TI_Seven%20Seas%20Ave_STR-8481%20%289th%20Ave%20to%20Clipper%20Cove%20Ave%29.pdf,,,,,
low,,Sloat Blvd (36th Ave to Havenside Dr) CALTRANS.pdf,SLOAT BLVD,36TH AVE,,2,between,"couldn't find ""havenside dr"" at SLOAT BLVD; listed the blocks touching 36TH AVE",yes,2024-08-15,https://civic-joy-fund.github.io/block-party/striping/#id=04041b2dfd73,https://safitwebapps.blob.core.windows.net/$web/Striping%20Drawings/S_Streets/Sloat%20blvd/Sloat%20Blvd%20%2836th%20Ave%20to%20Havenside%20Dr%29%20CALTRANS.pdf,,,,,
low,,Sloat Blvd (Havenside Dr to Sylvan Dr) CALTRANS.pdf,SLOAT BLVD,SYLVAN DR,,2,between,"couldn't find ""havenside dr"" at SLOAT BLVD; listed the blocks touching SYLVAN DR",yes,2024-08-15,https://civic-joy-fund.github.io/block-party/striping/#id=129d77b62665,https://safitwebapps.blob.core.windows.net/$web/Striping%20Drawings/S_Streets/Sloat%20blvd/Sloat%20Blvd%20%28Havenside%20Dr%20to%20Sylvan%20Dr%29%20CALTRANS.pdf,,,,,
low,7685.1,STR-7685.1_Sloat Blvd (44th Ave to 40th Ave).pdf,SLOAT BLVD,44TH AVE,,2,between,"couldn't find ""40th ave"" at SLOAT BLVD; listed the blocks touching 44TH AVE",yes,2026-08-20,https://civic-joy-fund.github.io/block-party/striping/#id=7685.1,https://safitwebapps.blob.core.windows.net/$web/Striping%20Drawings/S_Streets/Sloat%20blvd/STR-7685.1_Sloat%20Blvd%20%2844th%20Ave%20to%2040th%20Ave%29.pdf,,,,,
low,7605,Spear st_Str-7605 (Market St to The Embarcadero).pdf,SPEAR ST,MARKET ST,,1,between,"couldn't find ""the embarcadero"" at SPEAR ST; listed the blocks touching MARKET ST",yes,2025-07-25,https://civic-joy-fund.github.io/block-party/striping/#id=7605,https://safitwebapps.blob.core.windows.net/$web/Striping%20Drawings/S_Streets/Spear%20st/Spear%20st_Str-7605%20%28Market%20St%20to%20The%20Embarcadero%29.pdf,,,,,
low,7993.2,Stanyan St_STR-7993.2 (Fulton St to Geary Blvd).pdf,STANYAN ST,FULTON ST,,2,between,"couldn't find ""geary blvd"" at STANYAN ST; listed the blocks touching FULTON ST",yes,2026-09-20,https://civic-joy-fund.github.io/block-party/striping/#id=7993.2,https://safitwebapps.blob.core.windows.net/$web/Striping%20Drawings/S_Streets/Stanyan%20st/Stanyan%20St_STR-7993.2%20%28Fulton%20St%20to%20Geary%20Blvd%29.pdf,,,,,
low,4977,Stowe Lake_Str-4977 (North End) See Elizabeth Chen 2026-04-16.pdf,STOW LAKE DR,,,3,whole_street,"read ""stowe lake"" as ""stow lake""; no cross streets in the name; used all of STOW LAKE DR",yes,2026-04-17,https://civic-joy-fund.github.io/block-party/striping/#id=4977,https://safitwebapps.blob.core.windows.net/$web/Striping%20Drawings/S_Streets/Stowe%20Lake/Stowe%20Lake_Str-4977%20%28North%20End%29%20See%20Elizabeth%20Chen%202026-04-16.pdf,,,,,
low,2987,"Sunnydale Ave, STR-2987 (Dublin St to Santos St).pdf",SUNNYDALE AVE,SANTOS ST,,2,between,"couldn't find ""dublin st"" at SUNNYDALE AVE; listed the blocks touching SANTOS ST",yes,2026-07-23,https://civic-joy-fund.github.io/block-party/striping/#id=2987,https://safitwebapps.blob.core.windows.net/$web/Striping%20Drawings/S_Streets/Sunnydale%20Dr/Sunnydale%20Ave%2C%20STR-2987%20%28Dublin%20St%20to%20Santos%20St%29.pdf,,,,,
low,8505.4,Sunset Blvd_Str-8505.4 (Kirkham St to Lincoln Way).pdf,SUNSET BLVD,KIRKHAM ST,,4,between,"couldn't find ""lincoln way"" at SUNSET BLVD; listed the blocks touching KIRKHAM ST",yes,2026-02-15,https://civic-joy-fund.github.io/block-party/striping/#id=8505.4,https://safitwebapps.blob.core.windows.net/$web/Striping%20Drawings/S_Streets/Sunset%20blvd/Sunset%20Blvd_Str-8505.4%20%28Kirkham%20St%20to%20Lincoln%20Way%29.pdf,,,,,
low,6306,Tapia dr_str-6306 (Holloway ave to Font blvd).pdf,TAPIA DR,HOLLOWAY AVE,,2,between,"couldn't find ""font blvd"" at TAPIA DR; listed the blocks touching HOLLOWAY AVE",yes,2025-10-05,https://civic-joy-fund.github.io/block-party/striping/#id=6306,https://safitwebapps.blob.core.windows.net/$web/Striping%20Drawings/T_Streets/Tapia%20Dr/Tapia%20dr_str-6306%20%28Holloway%20ave%20to%20Font%20blvd%29.pdf,,,,,
low,8256,Teresita Blvd Str-8256 (East Foerster St to West Foerster St).pdf,TERESITA BLVD,FOERSTER ST,,3,between,"couldn't find ""west foerster st"" at TERESITA BLVD; listed the blocks touching FOERSTER ST",yes,2024-08-26,https://civic-joy-fund.github.io/block-party/striping/#id=8256,https://safitwebapps.blob.core.windows.net/$web/Striping%20Drawings/T_Streets/Teresita%20Blvd/Teresita%20Blvd%20Str-8256%20%28East%20Foerster%20St%20to%20West%20Foerster%20St%29.pdf,,,,,
low,8119,Tioga Ave_Str-8119 (Delta St to Wilde Ave).pdf,TIOGA AVE,DELTA ST,,1,between,"couldn't find ""wilde ave"" at TIOGA AVE; listed the blocks touching DELTA ST",yes,2024-08-15,https://civic-joy-fund.github.io/block-party/striping/#id=8119,https://safitwebapps.blob.core.windows.net/$web/Striping%20Drawings/T_Streets/Tioga%20Ave/Tioga%20Ave_Str-8119%20%28Delta%20St%20to%20Wilde%20Ave%29.pdf,,,,,
low,8507,Tompkins Ave_STR-8507 (Andover St to Alemany Blvd).pdf,TOMPKINS AVE,ANDOVER ST,,1,between,"couldn't find ""alemany blvd"" at TOMPKINS AVE; listed the blocks touching ANDOVER ST",yes,2025-10-10,https://civic-joy-fund.github.io/block-party/striping/#id=8507,https://safitwebapps.blob.core.windows.net/$web/Striping%20Drawings/T_Streets/Tompkins%20Ave/Tompkins%20Ave_STR-8507%20%28Andover%20St%20to%20Alemany%20Blvd%29.pdf,,,,,
low,8525,Toni Stone Crossing_Str-8525 (3rd St to Terry Francois Blvd).pdf,TONI STONE XING,03RD ST,,1,between,"read ""toni stone crossing"" as ""toni stone xing""; couldn't find ""terry francois blvd"" at TONI STONE XING; listed the blocks touching 03RD ST",yes,2026-02-10,https://civic-joy-fund.github.io/block-party/striping/#id=8525,https://safitwebapps.blob.core.windows.net/$web/Striping%20Drawings/T_Streets/Toni%20Stone%20Crossing/Toni%20Stone%20Crossing_Str-8525%20%283rd%20St%20to%20Terry%20Francois%20Blvd%29.pdf,,,,,
low,6478,Tunnel Ave_str-6478 (San Mateo County to Bayshore Blvd).pdf,TUNNEL AVE,BAY SHORE BLVD,,1,between,"couldn't find ""san mateo county"" at TUNNEL AVE; listed the blocks touching BAY SHORE BLVD",yes,2025-08-02,https://civic-joy-fund.github.io/block-party/striping/#id=6478,https://safitwebapps.blob.core.windows.net/$web/Striping%20Drawings/T_Streets/Tunnel%20Ave/Tunnel%20Ave_str-6478%20%28San%20Mateo%20County%20to%20Bayshore%20Blvd%29.pdf,,,,,
low,7758.1,Turk St_Str-7758.1 (Tamalpais Terrace to Divisadero St).pdf,TURK ST,DIVISADERO ST,,2,between,"couldn't find ""tamalpais terrace"" at TURK ST; listed the blocks touching DIVISADERO ST",yes,2026-06-13,https://civic-joy-fund.github.io/block-party/striping/#id=7758.1,https://safitwebapps.blob.core.windows.net/$web/Striping%20Drawings/T_Streets/Turk%20St/Turk%20St_Str-7758.1%20%28Tamalpais%20Terrace%20to%20Divisadero%20St%29.pdf,,,,,
low,2109,Upper Terrace_str-2109 (Sutro Mt).pdf,UPPER TER,,,6,whole_street,no cross streets in the name; used all of UPPER TER,yes,2024-08-15,https://civic-joy-fund.github.io/block-party/striping/#id=2109,https://safitwebapps.blob.core.windows.net/$web/Striping%20Drawings/U_Streets/Upper%20Terrace/Upper%20Terrace_str-2109%20%28Sutro%20Mt%29.pdf,,,,,
low,7811,Vicente St Str-7811 (48th Ave to 40th Ave).pdf,VICENTE ST,40TH AVE,,2,between,"couldn't find ""48th ave"" at VICENTE ST; listed the blocks touching 40TH AVE",yes,2026-04-17,https://civic-joy-fund.github.io/block-party/striping/#id=7811,https://safitwebapps.blob.core.windows.net/$web/Striping%20Drawings/V_Streets/Vicente%20st/Vicente%20St%20Str-7811%20%2848th%20Ave%20to%2040th%20Ave%29.pdf,,,,,
low,8559,Waterville St & Conkling St STR-8559 (Silver Ave to Cul De Sac).pdf,WATERVILLE ST,SILVER AVE,,1,between,"couldn't find ""cul de sac"" at WATERVILLE ST; listed the blocks touching SILVER AVE",yes,2026-08-13,https://civic-joy-fund.github.io/block-party/striping/#id=8559,https://safitwebapps.blob.core.windows.net/$web/Striping%20Drawings/W_Streets/Waterville%20St%20%26%20Conkling%20St/Waterville%20St%20%26%20Conkling%20St%20STR-8559%20%28Silver%20Ave%20to%20Cul%20De%20Sac%29.pdf,,,,,
low,,Waterville St.pdf,WATERVILLE ST,,,4,whole_street,no cross streets in the name; used all of WATERVILLE ST,yes,2026-08-13,https://civic-joy-fund.github.io/block-party/striping/#id=08d08577e33c,https://safitwebapps.blob.core.windows.net/$web/Striping%20Drawings/W_Streets/Waterville%20St.pdf,,,,,
low,8294,Webster St_Str-8294 (Duboce Ave to Fulton St).pdf,WEBSTER ST,FULTON ST,,4,between,"couldn't find ""duboce ave"" at WEBSTER ST; listed the blocks touching FULTON ST",yes,2026-04-17,https://civic-joy-fund.github.io/block-party/striping/#id=8294,https://safitwebapps.blob.core.windows.net/$web/Striping%20Drawings/W_Streets/Webster%20st/Webster%20St_Str-8294%20%28Duboce%20Ave%20to%20Fulton%20St%29.pdf,,,,,
low,4423.1,West Portal ave_Str-4423.1 (Neighbourhood Shopping).pdf,WEST PORTAL AVE,,,8,whole_street,no cross streets in the name; used all of WEST PORTAL AVE,yes,2024-08-15,https://civic-joy-fund.github.io/block-party/striping/#id=4423.1,https://safitwebapps.blob.core.windows.net/$web/Striping%20Drawings/W_Streets/West%20Portal%20Ave/West%20Portal%20ave_Str-4423.1%20%28Neighbourhood%20Shopping%29.pdf,,,,,
low,8061,Berkeley Way_Str-8061 (Diamond Heights Blvd W to Diamond Heights Blvd E).pdf,BERKELEY WAY,DIAMOND HEIGHTS BLVD,,2,between,"read cross street ""diamond heights blvd w"" as ""diamond heights""; couldn't find ""diamond heights blvd e"" at BERKELEY WAY; listed the blocks touching DIAMOND HEIGHTS BLVD",older upload,2024-08-15,https://civic-joy-fund.github.io/block-party/striping/#id=8061,https://safitwebapps.blob.core.windows.net/$web/Striping%20Drawings/B_Streets/Berkeley%20Way/Berkeley%20Way_Str-8061%20%28Diamond%20Heights%20Blvd%20W%20to%20Diamond%20Heights%20Blvd%20E%29.pdf,,,,,
low,7907,Escolta Way_Str-7907 (33rd Ave to 30th Ave.pdf,ESCOLTA WAY,30TH AVE,,1,between,"couldn't find ""33rd ave"" at ESCOLTA WAY; listed the blocks touching 30TH AVE",older upload,2024-08-15,https://civic-joy-fund.github.io/block-party/striping/#id=7907,https://safitwebapps.blob.core.windows.net/$web/Striping%20Drawings/E_Streets/Escolta%20Way/Escolta%20Way_Str-7907%20%2833rd%20Ave%20to%2030th%20Ave.pdf,,,,,
low,3045,Giants Dr_Str- 3045 (Gilman Ave to Jamestown) See Bill Walsh Way.pdf,GIANTS DR,GILMAN AVE,,1,between,"couldn't find ""jamestown"" at GIANTS DR; listed the blocks touching GILMAN AVE",older upload,2024-08-15,https://civic-joy-fund.github.io/block-party/striping/#id=3045,https://safitwebapps.blob.core.windows.net/$web/Striping%20Drawings/G_Streets/Giants%20Dr/Giants%20Dr_Str-%203045%20%28Gilman%20Ave%20to%20Jamestown%29%20See%20Bill%20Walsh%20Way.pdf,,,,,
low,7796,Mountain Spring Ave and Glenbrook Ave_Str-7796 (Twin Peaks Blvd to Terminus).pdf,MOUNTAIN SPRING AVE,TWIN PEAKS BLVD,,1,between,"couldn't find ""dead end"" at MOUNTAIN SPRING AVE; listed the blocks touching TWIN PEAKS BLVD",older upload,2024-08-15,https://civic-joy-fund.github.io/block-party/striping/#id=7796,https://safitwebapps.blob.core.windows.net/$web/Striping%20Drawings/G_Streets/Glenbrook%20Ave/Mountain%20Spring%20Ave%20and%20Glenbrook%20Ave_Str-7796%20%28Twin%20Peaks%20Blvd%20to%20Terminus%29.pdf,,,,,
low,5740,Str-5740 (Music Concourse_Parking stallslayout).pdf,MUSIC CONCOURSE DR,,,4,whole_street,no cross streets in the name; used all of MUSIC CONCOURSE DR,older upload,2024-08-15,https://civic-joy-fund.github.io/block-party/striping/#id=5740,https://safitwebapps.blob.core.windows.net/$web/Striping%20Drawings/M_Streets/Music%20Concourse/Str-5740%20%28Music%20Concourse_Parking%20stallslayout%29.pdf,,,,,
medium,7604,2nd St_STR-7604 (Market St to Harrision St).pdf,02ND ST,MARKET ST,HARRISON ST,12,between,"read cross street ""harrision st"" as ""harrison""",yes,2026-08-20,https://civic-joy-fund.github.io/block-party/striping/#id=7604,https://safitwebapps.blob.core.windows.net/$web/Striping%20Drawings/02_Numbered_Street/2nd%20st/2nd%20St_STR-7604%20%28Market%20St%20to%20Harrision%20St%29.pdf,,,,,
medium,8536,4th St_STR-8536 (Townsend St to Mission Bay Blvd(N).pdf,04TH ST,TOWNSEND ST,MISSION BAY BLVD NORTH,12,between,"read cross street ""mission bay blvd(n"" as ""mission bay blvd north""",yes,2026-06-26,https://civic-joy-fund.github.io/block-party/striping/#id=8536,https://safitwebapps.blob.core.windows.net/$web/Striping%20Drawings/02_Numbered_Street/4th%20st/4th%20St_STR-8536%20%28Townsend%20St%20to%20Mission%20Bay%20Blvd%28N%29.pdf,,,,,
medium,8536.1,4th St_STR-8536.1 (Mission Bay Blvd(N) to 16th St).pdf,04TH ST,MISSION BAY BLVD NORTH,,4,intersection,"read cross street ""mission bay blvd(n"" as ""mission bay blvd north""",yes,2026-03-26,https://civic-joy-fund.github.io/block-party/striping/#id=8536.1,https://safitwebapps.blob.core.windows.net/$web/Striping%20Drawings/02_Numbered_Street/4th%20st/4th%20St_STR-8536.1%20%28Mission%20Bay%20Blvd%28N%29%20to%2016th%20St%29.pdf,,,,,
medium,8064.1,9th Ave_STR-8064.1 (Ortega St to Kirham St).pdf,09TH AVE,ORTEGA ST,KIRKHAM ST,4,between,"read cross street ""kirham st"" as ""kirkham""",yes,2024-08-15,https://civic-joy-fund.github.io/block-party/striping/#id=8064.1,https://safitwebapps.blob.core.windows.net/$web/Striping%20Drawings/01_Numbered_Avenue/9th%20Ave/9th%20Ave_STR-8064.1%20%28Ortega%20St%20to%20Kirham%20St%29.pdf,,,,,
medium,8348.2,14th St_Str-8348.2 (S Van Ness Ave to Harrison St).pdf,14TH ST,SOUTH VAN NESS AVE,HARRISON ST,5,between,"read cross street ""s van ness ave"" as ""south van ness""",yes,2025-08-29,https://civic-joy-fund.github.io/block-party/striping/#id=8348.2,https://safitwebapps.blob.core.windows.net/$web/Striping%20Drawings/02_Numbered_Street/14th%20St/14th%20St_Str-8348.2%20%28S%20Van%20Ness%20Ave%20to%20Harrison%20St%29.pdf,,,,,
medium,4469,24th Ave_Str-4469 (24th_ave Balboa & Cabrillo).pdf,24TH AVE,BALBOA ST,CABRILLO ST,1,between,"read ""A & B"" as the stretch between them",yes,2024-08-15,https://civic-joy-fund.github.io/block-party/striping/#id=4469,https://safitwebapps.blob.core.windows.net/$web/Striping%20Drawings/01_Numbered_Avenue/24th%20Ave/24th%20Ave_Str-4469%20%2824th_ave%20Balboa%20%26%20Cabrillo%29.pdf,,,,,
medium,8375,27th Ave_STR-8375 (Vicente St to Quintera St).pdf,27TH AVE,VICENTE ST,QUINTARA ST,5,between,"read cross street ""quintera st"" as ""quintara""",yes,2026-09-22,https://civic-joy-fund.github.io/block-party/striping/#id=8375,https://safitwebapps.blob.core.windows.net/$web/Striping%20Drawings/01_Numbered_Avenue/27th%20Ave/27th%20Ave_STR-8375%20%28Vicente%20St%20to%20Quintera%20St%29.pdf,,,,,
medium,8260.1,37th Ave_STR-8260.1 (Anza St to Shores View Ave).pdf,37TH AVE,ANZA ST,SHORE VIEW AVE,3,between,"read cross street ""shores view ave"" as ""shore view""",yes,2025-09-02,https://civic-joy-fund.github.io/block-party/striping/#id=8260.1,https://safitwebapps.blob.core.windows.net/$web/Striping%20Drawings/01_Numbered_Avenue/37th%20Ave/37th%20Ave_STR-8260.1%20%28Anza%20St%20to%20Shores%20View%20Ave%29.pdf,,,,,
medium,3939,45th Ave_Str-3939 (45th_ave Anza & Balboa).pdf,45TH AVE,ANZA ST,BALBOA ST,1,between,"read ""A & B"" as the stretch between them",yes,2024-08-15,https://civic-joy-fund.github.io/block-party/striping/#id=3939,https://safitwebapps.blob.core.windows.net/$web/Striping%20Drawings/01_Numbered_Avenue/45th%20Ave/45th%20Ave_Str-3939%20%2845th_ave%20Anza%20%26%20Balboa%29.pdf,,,,,
medium,8346.11,Alemany Blvd_STR-8346.11 (Elsworth St to Folsom St).pdf,ALEMANY BLVD,ELLSWORTH ST,FOLSOM ST,1,between,"read cross street ""elsworth st"" as ""ellsworth""",yes,2024-08-15,https://civic-joy-fund.github.io/block-party/striping/#id=8346.11,https://safitwebapps.blob.core.windows.net/$web/Striping%20Drawings/A_Streets/Alemany%20Blvd/Alemany%20Blvd_STR-8346.11%20%28Elsworth%20St%20to%20Folsom%20St%29.pdf,,,,,
medium,8346.4,Alemany Blvd_STR-8346.4 (Laura St to Mt Vernon Ave).pdf,ALEMANY BLVD,LAURA ST,MOUNT VERNON AVE,12,between,"read cross street ""mt vernon ave"" as ""mount vernon""",yes,2025-02-15,https://civic-joy-fund.github.io/block-party/striping/#id=8346.4,https://safitwebapps.blob.core.windows.net/$web/Striping%20Drawings/A_Streets/Alemany%20Blvd/Alemany%20Blvd_STR-8346.4%20%28Laura%20St%20to%20Mt%20Vernon%20Ave%29.pdf,,,,,
medium,8346.5,Alemany Blvd_STR-8346.5 (Mt Vernon Ave to Onondaga Ave).pdf,ALEMANY BLVD,MOUNT VERNON AVE,ONONDAGA AVE,11,between,"read cross street ""mt vernon ave"" as ""mount vernon""",yes,2025-02-15,https://civic-joy-fund.github.io/block-party/striping/#id=8346.5,https://safitwebapps.blob.core.windows.net/$web/Striping%20Drawings/A_Streets/Alemany%20Blvd/Alemany%20Blvd_STR-8346.5%20%28Mt%20Vernon%20Ave%20to%20Onondaga%20Ave%29.pdf,,,,,
medium,8346.6,Alemany Blvd_STR-8346.6 (Onandaga to Santa Rosa).pdf,ALEMANY BLVD,ONONDAGA AVE,SANTA ROSA AVE,9,between,"read cross street ""onandaga"" as ""onondaga""",yes,2025-11-25,https://civic-joy-fund.github.io/block-party/striping/#id=8346.6,https://safitwebapps.blob.core.windows.net/$web/Striping%20Drawings/A_Streets/Alemany%20Blvd/Alemany%20Blvd_STR-8346.6%20%28Onandaga%20to%20Santa%20Rosa%29.pdf,,,,,
medium,8241.3,Anza St_STR-8241.3 (21St Ave to Presidio Blvd).pdf,ANZA ST,21ST AVE,PARK PRESIDIO BLVD,10,between,"read cross street ""presidio blvd"" as ""parkpresidio""",yes,2025-07-29,https://civic-joy-fund.github.io/block-party/striping/#id=8241.3,https://safitwebapps.blob.core.windows.net/$web/Striping%20Drawings/A_Streets/Anza%20St/Anza%20St_STR-8241.3%20%2821St%20Ave%20to%20Presidio%20Blvd%29.pdf,,,,,
medium,8118,Arch St_Str-8118 (Alemany Blvd to Sargeant St) r3.pdf,ARCH ST,ALEMANY BLVD,SARGENT ST,3,between,"read cross street ""sargeant st"" as ""sargent""",yes,2024-08-15,https://civic-joy-fund.github.io/block-party/striping/#id=8118,https://safitwebapps.blob.core.windows.net/$web/Striping%20Drawings/A_Streets/Arch%20St/Arch%20St_Str-8118%20%28Alemany%20Blvd%20to%20Sargeant%20St%29%20r3.pdf,,,,,
medium,7889,Arlington St_STR-7889 (Bosworth St to Wild St).pdf,ARLINGTON ST,BOSWORTH ST,WILDER ST,1,between,"read cross street ""wild st"" as ""wilder""",yes,2026-04-30,https://civic-joy-fund.github.io/block-party/striping/#id=7889,https://safitwebapps.blob.core.windows.net/$web/Striping%20Drawings/A_Streets/Arlington%20St/Arlington%20St_STR-7889%20%28Bosworth%20St%20to%20Wild%20St%29.pdf,,,,,
medium,8227.1,Battery St_Str-8227.1 (Broadway St to The Embarcadero).pdf,BATTERY ST,BROADWAY,THE EMBARCADERO,8,between,"read cross street ""the embarcadero"" as ""theembarcadero""",yes,2026-07-10,https://civic-joy-fund.github.io/block-party/striping/#id=8227.1,https://safitwebapps.blob.core.windows.net/$web/Striping%20Drawings/B_Streets/Battery%20st/Battery%20St_Str-8227.1%20%28Broadway%20St%20to%20The%20Embarcadero%29.pdf,,,,,
medium,7938.6,Bayshore Blvd_Str-7938.6 (Fitzgerald Ave to Carrol Ave).pdf,BAY SHORE BLVD,FITZGERALD AVE,CARROLL AVE,6,between,"read cross street ""carrol ave"" as ""carroll""",yes,2024-08-15,https://civic-joy-fund.github.io/block-party/striping/#id=7938.6,https://safitwebapps.blob.core.windows.net/$web/Striping%20Drawings/B_Streets/Bayshore%20Blvd/Bayshore%20Blvd_Str-7938.6%20%28Fitzgerald%20Ave%20to%20Carrol%20Ave%29.pdf,,,,,
medium,7938.7,Bayshore Blvd_Str-7938.7 (Carrol Ave to Augusta St).pdf,BAY SHORE BLVD,CARROLL AVE,AUGUSTA ST,3,between,"read cross street ""carrol ave"" as ""carroll""",yes,2024-08-15,https://civic-joy-fund.github.io/block-party/striping/#id=7938.7,https://safitwebapps.blob.core.windows.net/$web/Striping%20Drawings/B_Streets/Bayshore%20Blvd/Bayshore%20Blvd_Str-7938.7%20%28Carrol%20Ave%20to%20Augusta%20St%29.pdf,,,,,
medium,7938.9,Bayshore Blvd_Str-7938.9 (Industrial St to Flowers St ).pdf,BAY SHORE BLVD,INDUSTRIAL ST,FLOWER ST,10,between,"read cross street ""flowers st"" as ""flower""",yes,2024-08-15,https://civic-joy-fund.github.io/block-party/striping/#id=7938.9,https://safitwebapps.blob.core.windows.net/$web/Striping%20Drawings/B_Streets/Bayshore%20Blvd/Bayshore%20Blvd_Str-7938.9%20%28Industrial%20St%20to%20Flowers%20St%20%29.pdf,,,,,
medium,2251.2,5-Bay St_Str-2251.2 (Mason st to The Embarcadero).pdf,BAY ST,MASON ST,THE EMBARCADERO,5,between,"read cross street ""the embarcadero"" as ""theembarcadero""",yes,2025-08-27,https://civic-joy-fund.github.io/block-party/striping/#id=2251.2,https://safitwebapps.blob.core.windows.net/$web/Striping%20Drawings/B_Streets/Bay%20st/5-Bay%20St_Str-2251.2%20%28Mason%20st%20to%20The%20Embarcadero%29.pdf,,,,,
medium,7613,Beach st_Str-7613 (Embarcadero to Polk).pdf,BEACH ST,THE EMBARCADERO,POLK ST,11,between,"read cross street ""the embarcadero"" as ""theembarcadero""",yes,2026-04-22,https://civic-joy-fund.github.io/block-party/striping/#id=7613,https://safitwebapps.blob.core.windows.net/$web/Striping%20Drawings/B_Streets/Beach%20st/Beach%20st_Str-7613%20%28Embarcadero%20to%20Polk%29.pdf,,,,,
medium,5351,Bocana St_Str-5351 (Cortland ave to Holy Park Circle).pdf,BOCANA ST,CORTLAND AVE,HOLLY PARK CIR,2,between,"read cross street ""holy park circle"" as ""holly park""",yes,2025-03-26,https://civic-joy-fund.github.io/block-party/striping/#id=5351,https://safitwebapps.blob.core.windows.net/$web/Striping%20Drawings/B_Streets/Bocana%20St/Bocana%20St_Str-5351%20%28Cortland%20ave%20to%20Holy%20Park%20Circle%29.pdf,,,,,
medium,8219.2,Brannan St_Str-8219.2 (3rd St to the Embarcadero).pdf,BRANNAN ST,03RD ST,THE EMBARCADERO,8,between,"read cross street ""the embarcadero"" as ""theembarcadero""",yes,2026-09-12,https://civic-joy-fund.github.io/block-party/striping/#id=8219.2,https://safitwebapps.blob.core.windows.net/$web/Striping%20Drawings/B_Streets/Brannan%20St/Brannan%20St_Str-8219.2%20%283rd%20St%20to%20the%20Embarcadero%29.pdf,,,,,
medium,8220.5,Broadway St_STR-8220.5 (Sansome St to The Embarcadero).pdf,BROADWAY,SANSOME ST,THE EMBARCADERO,4,between,"read cross street ""the embarcadero"" as ""theembarcadero""",yes,2026-09-03,https://civic-joy-fund.github.io/block-party/striping/#id=8220.5,https://safitwebapps.blob.core.windows.net/$web/Striping%20Drawings/B_Streets/Broadway/Broadway%20St_STR-8220.5%20%28Sansome%20St%20to%20The%20Embarcadero%29.pdf,,,,,
medium,7636,Bryant st_Str-7636 (2nd St to The Embarcadero).pdf,BRYANT ST,02ND ST,THE EMBARCADERO,5,between,"read cross street ""the embarcadero"" as ""theembarcadero""",yes,2025-07-31,https://civic-joy-fund.github.io/block-party/striping/#id=7636,https://safitwebapps.blob.core.windows.net/$web/Striping%20Drawings/B_Streets/Bryant%20st/Bryant%20st_Str-7636%20%282nd%20St%20to%20The%20Embarcadero%29.pdf,,,,,
medium,4341,Burnett Ave_Str-4341 (Portola dr to Twin Peak).pdf,BURNETT AVE,PORTOLA DR,TWIN PEAKS BLVD,14,between,"read cross street ""twin peak"" as ""twin peaks""",yes,2024-11-28,https://civic-joy-fund.github.io/block-party/striping/#id=4341,https://safitwebapps.blob.core.windows.net/$web/Striping%20Drawings/B_Streets/Burnett%20Ave/Burnett%20Ave_Str-4341%20%28Portola%20dr%20to%20Twin%20Peak%29.pdf,,,,,
medium,3166,Carroll Ave_Str-3166 (Thorton to Phelps).pdf,CARROLL AVE,THORNTON AVE,PHELPS ST,2,between,"read cross street ""thorton"" as ""thornton""",yes,2024-12-04,https://civic-joy-fund.github.io/block-party/striping/#id=3166,https://safitwebapps.blob.core.windows.net/$web/Striping%20Drawings/C_Streets/Carroll%20Ave/Carroll%20Ave_Str-3166%20%28Thorton%20to%20Phelps%29.pdf,,,,,
medium,8405,Central Ave_STR-8405 (Buena Vista Ave W  to Hayes St).pdf,CENTRAL AVE,BUENA VISTA AVE WEST,HAYES ST,5,between,"read cross street ""buena vista ave w"" as ""buena vista ave west""",yes,2024-11-28,https://civic-joy-fund.github.io/block-party/striping/#id=8405,https://safitwebapps.blob.core.windows.net/$web/Striping%20Drawings/C_Streets/Central%20Ave/Central%20Ave_STR-8405%20%28Buena%20Vista%20Ave%20W%20%20to%20Hayes%20St%29.pdf,,,,,
medium,8150,Chain of Lakes Dr _STR-8150 (Lincoln Way to JFKennedy Dr).pdf,CHAIN OF LAKES DR,LINCOLN WAY,JOHN F KENNEDY DR,4,between,"read cross street ""jfkennedy dr"" as ""johnfkennedy""",yes,2025-04-01,https://civic-joy-fund.github.io/block-party/striping/#id=8150,https://safitwebapps.blob.core.windows.net/$web/Striping%20Drawings/C_Streets/Chain%20of%20lakes/Chain%20of%20Lakes%20Dr%20_STR-8150%20%28Lincoln%20Way%20to%20JFKennedy%20Dr%29.pdf,,,,,
medium,8150.1,Chain of Lakes Dr _STR-8150.1(JFKennedy Dr to Fulton St).pdf,CHAIN OF LAKES DR,JOHN F KENNEDY DR,FULTON ST,4,between,"read cross street ""jfkennedy dr"" as ""johnfkennedy""",yes,2024-08-15,https://civic-joy-fund.github.io/block-party/striping/#id=8150.1,https://safitwebapps.blob.core.windows.net/$web/Striping%20Drawings/C_Streets/Chain%20of%20lakes/Chain%20of%20Lakes%20Dr%20_STR-8150.1%28JFKennedy%20Dr%20to%20Fulton%20St%29.pdf,,,,,
medium,7841,ChattanoogaSt_Str-7841 (Jersey St to 21st St).pdf,CHATTANOOGA ST,JERSEY ST,21ST ST,4,between,"read ""chattanoogast"" as ""chattanooga""",yes,2025-05-20,https://civic-joy-fund.github.io/block-party/striping/#id=7841,https://safitwebapps.blob.core.windows.net/$web/Striping%20Drawings/C_Streets/Chattanooga%20St/ChattanoogaSt_Str-7841%20%28Jersey%20St%20to%2021st%20St%29.pdf,,,,,
medium,7633.3,Chestnut st_str-7633.3 (Taylor St to The Embarcadero ).pdf,CHESTNUT ST,TAYLOR ST,THE EMBARCADERO,11,between,"read cross street ""the embarcadero"" as ""theembarcadero""",yes,2026-01-13,https://civic-joy-fund.github.io/block-party/striping/#id=7633.3,https://safitwebapps.blob.core.windows.net/$web/Striping%20Drawings/C_Streets/Chestnut%20st/Chestnut%20st_str-7633.3%20%28Taylor%20St%20to%20The%20Embarcadero%20%29.pdf,,,,,
medium,8508,China Basin St_Str-8508 (Long Bridge St to Terry Francois Blvd).pdf,CHINA BASIN ST,LONG BRIDGE ST,TERRY A FRANCOIS BLVD,4,between,"read cross street ""terry francois blvd"" as ""terry a francois""",yes,2026-02-10,https://civic-joy-fund.github.io/block-party/striping/#id=8508,https://safitwebapps.blob.core.windows.net/$web/Striping%20Drawings/C_Streets/China%20Basin%20St/China%20Basin%20St_Str-8508%20%28Long%20Bridge%20St%20to%20Terry%20Francois%20Blvd%29.pdf,,,,,
medium,7611.2,Clarendon Ave_STR-7611.2 (Johnston St to Twin Peaks Blvd).pdf,CLARENDON AVE,JOHNSTONE DR,TWIN PEAKS BLVD,2,between,"read cross street ""johnston st"" as ""johnstone""",yes,2026-02-07,https://civic-joy-fund.github.io/block-party/striping/#id=7611.2,https://safitwebapps.blob.core.windows.net/$web/Striping%20Drawings/C_Streets/Clarendon%20Ave/Clarendon%20Ave_STR-7611.2%20%28Johnston%20St%20to%20Twin%20Peaks%20Blvd%29.pdf,,,,,
medium,5230,Congden St_Str-5230 (Ney Sts).pdf,CONGDON ST,NEY ST,,4,intersection,"read ""congden"" as ""congdon""",yes,2024-08-15,https://civic-joy-fund.github.io/block-party/striping/#id=5230,https://safitwebapps.blob.core.windows.net/$web/Striping%20Drawings/C_Streets/Congden%20St/Congden%20St_Str-5230%20%28Ney%20Sts%29.pdf,,,,,
medium,7961,Congo St_Str-7961 (between Martha and Stillings).pdf,CONGO ST,MARTHA AVE,STILLINGS AVE,2,between,"read ""A & B"" as the stretch between them",yes,2024-08-15,https://civic-joy-fund.github.io/block-party/striping/#id=7961,https://safitwebapps.blob.core.windows.net/$web/Striping%20Drawings/C_Streets/Congo%20St/Congo%20St_Str-7961%20%28between%20Martha%20and%20Stillings%29.pdf,,,,,
medium,7727,Cortland Ave_Str-7727 (Mission St to Elsworth St)r23.pdf,CORTLAND AVE,MISSION ST,ELLSWORTH ST,15,between,"read cross street ""elsworth st"" as ""ellsworth""",yes,2026-06-24,https://civic-joy-fund.github.io/block-party/striping/#id=7727,https://safitwebapps.blob.core.windows.net/$web/Striping%20Drawings/C_Streets/Cortland%20Ave/Cortland%20Ave_Str-7727%20%28Mission%20St%20to%20Elsworth%20St%29r23.pdf,,,,,
medium,7727.1,Cortland Ave_Str-7727.1 (Elsworth St to Bayshore Blvd)r19.pdf,CORTLAND AVE,ELLSWORTH ST,BAY SHORE BLVD,14,between,"read cross street ""elsworth st"" as ""ellsworth""",yes,2026-06-24,https://civic-joy-fund.github.io/block-party/striping/#id=7727.1,https://safitwebapps.blob.core.windows.net/$web/Striping%20Drawings/C_Streets/Cortland%20Ave/Cortland%20Ave_Str-7727.1%20%28Elsworth%20St%20to%20Bayshore%20Blvd%29r19.pdf,,,,,
medium,7643,CrossOver Drive_STR-7643 (Fulton st to Park Presidio By Pass).pdf,CROSSOVER DR,FULTON ST,PARK PRESIDIO BYPASS DR,4,between,"read cross street ""park presidio by pass"" as ""park presidio bypass""",yes,2024-08-15,https://civic-joy-fund.github.io/block-party/striping/#id=7643,https://safitwebapps.blob.core.windows.net/$web/Striping%20Drawings/C_Streets/Crossover%20Dr/CrossOver%20Drive_STR-7643%20%28Fulton%20st%20to%20Park%20Presidio%20By%20Pass%29.pdf,,,,,
medium,7643.1,CrossOver Drive_str-7643.1 (Park Presidio By Pass to Lincoln Way).pdf,CROSSOVER DR,PARK PRESIDIO BYPASS DR,LINCOLN WAY,4,between,"read cross street ""park presidio by pass"" as ""park presidio bypass""",yes,2024-08-15,https://civic-joy-fund.github.io/block-party/striping/#id=7643.1,https://safitwebapps.blob.core.windows.net/$web/Striping%20Drawings/C_Streets/Crossover%20Dr/CrossOver%20Drive_str-7643.1%20%28Park%20Presidio%20By%20Pass%20to%20Lincoln%20Way%29.pdf,,,,,
medium,7858,Cyril Magnin St_Str-7858 (Market St to O'ffarrel St).pdf,CYRIL MAGNIN ST,MARKET ST,O'FARRELL ST,3,between,"read cross street ""o'ffarrel st"" as ""ofarrell""",yes,2025-07-02,https://civic-joy-fund.github.io/block-party/striping/#id=7858,https://safitwebapps.blob.core.windows.net/$web/Striping%20Drawings/C_Streets/Cyril%20Magnin%20St/Cyril%20Magnin%20St_Str-7858%20%28Market%20St%20to%20O%27ffarrel%20St%29.pdf,,,,,
medium,7955,Duboce Ave_Str-7955 (Buena Vista East to Church St).pdf,DUBOCE AVE,BUENA VISTA AVE EAST,CHURCH ST,11,between,"read cross street ""buena vista east"" as ""buena vista ave east""",yes,2026-07-15,https://civic-joy-fund.github.io/block-party/striping/#id=7955,https://safitwebapps.blob.core.windows.net/$web/Striping%20Drawings/D_Streets/Duboce%20st/Duboce%20Ave_Str-7955%20%28Buena%20Vista%20East%20to%20Church%20St%29.pdf,,,,,
medium,5953,01-Eddy st_Str- 5953 (St. Joseph Ave to Divisadero St).pdf,EDDY ST,SAINT JOSEPH'S AVE,DIVISADERO ST,2,between,"read cross street ""st. joseph ave"" as ""saint josephs""",yes,2024-08-15,https://civic-joy-fund.github.io/block-party/striping/#id=5953,https://safitwebapps.blob.core.windows.net/$web/Striping%20Drawings/E_Streets/Eddy%20St/01-Eddy%20st_Str-%205953%20%28St.%20Joseph%20Ave%20to%20Divisadero%20St%29.pdf,,,,,
medium,1793,El Camino Del Mar_str-1793 (From Land's End Area to Pt. Lobos).pdf,EL CAMINO DEL MAR,END: 1200-1299 BLOCK,POINT LOBOS AVE,1,between,"read cross street ""pt. lobos"" as ""point lobos""",yes,2024-08-15,https://civic-joy-fund.github.io/block-party/striping/#id=1793,https://safitwebapps.blob.core.windows.net/$web/Striping%20Drawings/E_Streets/El%20Camino%20Del%20Mar/El%20Camino%20Del%20Mar_str-1793%20%28From%20Land%27s%20End%20Area%20to%20Pt.%20Lobos%29.pdf,,,,,
medium,2441.3,El Camino Del Mar_str-2441.3 (Sea Cliff Ave to 27th Ave).pdf,EL CAMINO DEL MAR,SEACLIFF AVE,27TH AVE,2,between,"read cross street ""sea cliff ave"" as ""seacliff""",yes,2024-12-11,https://civic-joy-fund.github.io/block-party/striping/#id=2441.3,https://safitwebapps.blob.core.windows.net/$web/Striping%20Drawings/E_Streets/El%20Camino%20Del%20Mar/El%20Camino%20Del%20Mar_str-2441.3%20%28Sea%20Cliff%20Ave%20to%2027th%20Ave%29.pdf,,,,,
medium,2441.4,El Camino Del Mar_str-2441.4 (Sea Cliff Ave to 25th Ave).pdf,EL CAMINO DEL MAR,SEACLIFF AVE,25TH AVE,4,between,"read cross street ""sea cliff ave"" as ""seacliff""",yes,2024-12-11,https://civic-joy-fund.github.io/block-party/striping/#id=2441.4,https://safitwebapps.blob.core.windows.net/$web/Striping%20Drawings/E_Streets/El%20Camino%20Del%20Mar/El%20Camino%20Del%20Mar_str-2441.4%20%28Sea%20Cliff%20Ave%20to%2025th%20Ave%29.pdf,,,,,
medium,,Elsie 5350(Cortland to Holy Park Circle).pdf,ELSIE ST,CORTLAND AVE,HOLLY PARK CIR,2,between,"read cross street ""holy park circle"" as ""holly park""",yes,2024-08-15,https://civic-joy-fund.github.io/block-party/striping/#id=c60000bf0ec5,https://safitwebapps.blob.core.windows.net/$web/Striping%20Drawings/E_Streets/Elsie%20St/Elsie%205350%28Cortland%20to%20Holy%20Park%20Circle%29.pdf,,,,,
medium,7610.2,Folsom St_STR-7610.2 (1st St to Embarcadero).pdf,FOLSOM ST,01ST ST,THE EMBARCADERO,7,between,"read cross street ""the embarcadero"" as ""theembarcadero""",yes,2025-12-20,https://civic-joy-fund.github.io/block-party/striping/#id=7610.2,https://safitwebapps.blob.core.windows.net/$web/Striping%20Drawings/F_Streets/Folsom%20St/Folsom%20St_STR-7610.2%20%281st%20St%20to%20Embarcadero%29.pdf,,,,,
medium,8395,Font Blvd_Str-8395 (Lake Merced Blvd to Juan Batista Cir).pdf,FONT BLVD,LAKE MERCED BLVD,JUAN BAUTISTA CIR,8,between,"read cross street ""juan batista cir"" as ""juan bautista""",yes,2026-08-14,https://civic-joy-fund.github.io/block-party/striping/#id=8395,https://safitwebapps.blob.core.windows.net/$web/Striping%20Drawings/F_Streets/Font%20Blvd/Font%20Blvd_Str-8395%20%28Lake%20Merced%20Blvd%20to%20Juan%20Batista%20Cir%29.pdf,,,,,
medium,8363,Forest Side Ave_Str-8363 (Vicenter Ave to Taraval St).pdf,FOREST SIDE AVE,VICENTE ST,TARAVAL ST,2,between,"read cross street ""vicenter ave"" as ""vicente""",yes,2025-04-18,https://civic-joy-fund.github.io/block-party/striping/#id=8363,https://safitwebapps.blob.core.windows.net/$web/Striping%20Drawings/F_Streets/Forest%20Side%20Ave/Forest%20Side%20Ave_Str-8363%20%28Vicenter%20Ave%20to%20Taraval%20St%29.pdf,,,,,
medium,8160.6,Harrison St_Str-8160.6 (Essex St to The Embarcadero).pdf,HARRISON ST,ESSEX ST,THE EMBARCADERO,6,between,"read cross street ""the embarcadero"" as ""theembarcadero""",yes,2025-09-27,https://civic-joy-fund.github.io/block-party/striping/#id=8160.6,https://safitwebapps.blob.core.windows.net/$web/Striping%20Drawings/H_Streets/Harrison%20St/Harrison%20St_Str-8160.6%20%28Essex%20St%20to%20The%20Embarcadero%29.pdf,,,,,
medium,7842,HermannSt_Str-7842 (Church St to Webster St).pdf,HERMANN ST,CHURCH ST,WEBSTER ST,1,between,"read ""hermannst"" as ""hermann""",yes,2025-10-28,https://civic-joy-fund.github.io/block-party/striping/#id=7842,https://safitwebapps.blob.core.windows.net/$web/Striping%20Drawings/H_Streets/Hermann%20St/HermannSt_Str-7842%20%28Church%20St%20to%20Webster%20St%29.pdf,,,,,
medium,7761.3,Howard St_STR-7761.3 (2nd St to the Embarcadero).pdf,HOWARD ST,02ND ST,THE EMBARCADERO,10,between,"read cross street ""the embarcadero"" as ""theembarcadero""",yes,2025-12-05,https://civic-joy-fund.github.io/block-party/striping/#id=7761.3,https://safitwebapps.blob.core.windows.net/$web/Striping%20Drawings/H_Streets/Howard%20St/Howard%20St_STR-7761.3%20%282nd%20St%20to%20the%20Embarcadero%29.pdf,,,,,
medium,7966,Hudson Ave_STR-7966 (Toland St to Reul Ct).pdf,HUDSON AVE,TOLAND ST,REUEL CT,6,between,"read cross street ""reul ct"" as ""reuel""",yes,2026-07-16,https://civic-joy-fund.github.io/block-party/striping/#id=7966,https://safitwebapps.blob.core.windows.net/$web/Striping%20Drawings/H_Streets/Hudson%20Ave/Hudson%20Ave_STR-7966%20%28Toland%20St%20to%20Reul%20Ct%29.pdf,,,,,
medium,8336.1,Ingalls St_STR-8336.1 (Yosemite Ave to Oakdalet Ave).pdf,INGALLS ST,YOSEMITE AVE,OAKDALE AVE,11,between,"read cross street ""oakdalet ave"" as ""oakdale""",yes,2025-11-04,https://civic-joy-fund.github.io/block-party/striping/#id=8336.1,https://safitwebapps.blob.core.windows.net/$web/Striping%20Drawings/I_Streets/Ingalls%20st/Ingalls%20St_STR-8336.1%20%28Yosemite%20Ave%20to%20Oakdalet%20Ave%29.pdf,,,,,
medium,8226,Jamestown Ave_Str-8226 (Salinas Ave to Corona St).pdf,JAMESTOWN AVE,SALINAS AVE,CORONADO ST,8,between,"read cross street ""corona st"" as ""coronado""",yes,2024-12-25,https://civic-joy-fund.github.io/block-party/striping/#id=8226,https://safitwebapps.blob.core.windows.net/$web/Striping%20Drawings/J_Streets/Jamestown%20Ave/Jamestown%20Ave_Str-8226%20%28Salinas%20Ave%20to%20Corona%20St%29.pdf,,,,,
medium,7935.2,John F Kennedy Dr_STR-7935.2 (10th Ave to 6th Ave).pdf,JOHN F KENNEDY DR,10TH AVE,36TH AVE,11,between,"read cross street ""6th ave"" as ""36th""",yes,2025-01-08,https://civic-joy-fund.github.io/block-party/striping/#id=7935.2,https://safitwebapps.blob.core.windows.net/$web/Striping%20Drawings/K_Streets/Kennedy%20JFDr/John%20F%20Kennedy%20Dr_STR-7935.2%20%2810th%20Ave%20to%206th%20Ave%29.pdf,,,,,
medium,8553,Long Bridge St_ Str-8553 (Mission Bay Blvd (N) to 4th St).pdf,LONG BRIDGE ST,MISSION BAY BLVD NORTH,,4,intersection,"read cross street ""mission bay blvd (n"" as ""mission bay blvd north""",yes,2026-06-17,https://civic-joy-fund.github.io/block-party/striping/#id=8553,https://safitwebapps.blob.core.windows.net/$web/Striping%20Drawings/L_Streets/Long%20Bridge%20St/Long%20Bridge%20St_%20Str-8553%20%28Mission%20Bay%20Blvd%20%28N%29%20to%204th%20St%29.pdf,,,,,
medium,5342,Lyon st_str-5342 (At Greenwichst).pdf,LYON ST,GREENWICH ST,,3,intersection,"read cross street ""greenwichst"" as ""greenwich""",yes,2025-01-15,https://civic-joy-fund.github.io/block-party/striping/#id=5342,https://safitwebapps.blob.core.windows.net/$web/Striping%20Drawings/L_Streets/Lyon%20st/Lyon%20st_str-5342%20%28At%20Greenwichst%29.pdf,,,,,
medium,7866,Mangels Ave_Str-7866 (Gennessee St to Hammerton Ave).pdf,MANGELS AVE,GENNESSEE ST,HAMERTON AVE,8,between,"read cross street ""hammerton ave"" as ""hamerton""",yes,2024-08-15,https://civic-joy-fund.github.io/block-party/striping/#id=7866,https://safitwebapps.blob.core.windows.net/$web/Striping%20Drawings/M_Streets/Mangels%20Ave/Mangels%20Ave_Str-7866%20%28Gennessee%20St%20to%20Hammerton%20Ave%29.pdf,,,,,
medium,8142,Mansell st_Str-8142 (Brazil Ave to John F. Shelly Dr).pdf,MANSELL ST,BRAZIL AVE,JOHN F SHELLEY DR,2,between,"read cross street ""john f. shelly dr"" as ""john f shelley""",yes,2024-08-15,https://civic-joy-fund.github.io/block-party/striping/#id=8142,https://safitwebapps.blob.core.windows.net/$web/Striping%20Drawings/M_Streets/Mansell%20St/Mansell%20st_Str-8142%20%28Brazil%20Ave%20to%20John%20F.%20Shelly%20Dr%29.pdf,,,,,
medium,8142.1,Mansell st_Str-8142.1 (John F. Shelly Dr to University St).pdf,MANSELL ST,JOHN F SHELLEY DR,UNIVERSITY ST,3,between,"read cross street ""john f. shelly dr"" as ""john f shelley""",yes,2024-08-15,https://civic-joy-fund.github.io/block-party/striping/#id=8142.1,https://safitwebapps.blob.core.windows.net/$web/Striping%20Drawings/M_Streets/Mansell%20St/Mansell%20st_Str-8142.1%20%28John%20F.%20Shelly%20Dr%20to%20University%20St%29.pdf,,,,,
medium,7930,Mariposa St_STR-7930 (101 Off Ramp to Kansas St).pdf,MARIPOSA ST,HWY 101 N OFF RAMP,KANSAS ST,2,between,"read cross street ""101 off ramp"" as ""hwy 101st n off ramp""",yes,2025-02-15,https://civic-joy-fund.github.io/block-party/striping/#id=7930,https://safitwebapps.blob.core.windows.net/$web/Striping%20Drawings/M_Streets/Mariposa%20St/Mariposa%20St_STR-7930%20%28101%20Off%20Ramp%20to%20Kansas%20St%29.pdf,,,,,
medium,8438,Mariposa St_STR-8438 (Mississippi St to Terry Francois Blvd).pdf,MARIPOSA ST,MISSISSIPPI ST,TERRY A FRANCOIS BLVD,9,between,"read cross street ""terry francois blvd"" as ""terry a francois""",yes,2025-04-16,https://civic-joy-fund.github.io/block-party/striping/#id=8438,https://safitwebapps.blob.core.windows.net/$web/Striping%20Drawings/M_Streets/Mariposa%20St/Mariposa%20St_STR-8438%20%28Mississippi%20St%20to%20Terry%20Francois%20Blvd%29.pdf,,,,,
medium,4547,Mars St_Str-4547 (Corbet Ave).pdf,MARS ST,CORBETT AVE,,3,intersection,"read cross street ""corbet ave"" as ""corbett""",yes,2024-08-15,https://civic-joy-fund.github.io/block-party/striping/#id=4547,https://safitwebapps.blob.core.windows.net/$web/Striping%20Drawings/M_Streets/Mars%20St/Mars%20St_Str-4547%20%28Corbet%20Ave%29.pdf,,,,,
medium,8255,Mission Bay Blvd North & South Str-8255 (Merimac St to Terry Francois Blvd).pdf,MISSION BAY BLVD NORTH,MERRIMAC ST,TERRY A FRANCOIS BLVD,4,between,"read cross street ""merimac st"" as ""merrimac""; read cross street ""terry francois blvd"" as ""terry a francois""",yes,2026-09-25,https://civic-joy-fund.github.io/block-party/striping/#id=8255,https://safitwebapps.blob.core.windows.net/$web/Striping%20Drawings/M_Streets/Mission%20Bay%20Blvd%20%28N%29%20%28S%29/Mission%20Bay%20Blvd%20North%20%26%20South%20Str-8255%20%28Merimac%20St%20to%20Terry%20Francois%20Blvd%29.pdf,,,,,
medium,8509,Mission Rock St_Str-8509 (4th St to Terry Francois Blvd).pdf,MISSION ROCK ST,04TH ST,TERRY A FRANCOIS BLVD,2,between,"read cross street ""terry francois blvd"" as ""terry a francois""",yes,2026-02-10,https://civic-joy-fund.github.io/block-party/striping/#id=8509,https://safitwebapps.blob.core.windows.net/$web/Striping%20Drawings/M_Streets/Mission%20Rock%20St/Mission%20Rock%20St_Str-8509%20%284th%20St%20to%20Terry%20Francois%20Blvd%29.pdf,,,,,
medium,7728.4,15-Mission st_Str-7728.4 (1st St to The Embarcadero St).pdf,MISSION ST,01ST ST,THE EMBARCADERO,7,between,"read cross street ""the embarcadero st"" as ""theembarcadero""",yes,2025-07-10,https://civic-joy-fund.github.io/block-party/striping/#id=7728.4,https://safitwebapps.blob.core.windows.net/$web/Striping%20Drawings/M_Streets/Mission%20St/15-Mission%20st_Str-7728.4%20%281st%20St%20to%20The%20Embarcadero%20St%29.pdf,,,,,
medium,7861.5,Monterey Blvd_STR-7861.5 (Circular St to San Jose Ave Off Ramp)R.pdf,MONTEREY BLVD,CIRCULAR AVE,SAN JOSE AV OFF RAMP,3,between,"read cross street ""san jose ave off ramp"" as ""san jose av off ramp""",yes,2025-05-02,https://civic-joy-fund.github.io/block-party/striping/#id=7861.5,https://safitwebapps.blob.core.windows.net/$web/Striping%20Drawings/M_Streets/Monterey%20blvd/Monterey%20Blvd_STR-7861.5%20%28Circular%20St%20to%20San%20Jose%20Ave%20Off%20Ramp%29R.pdf,,,,,
medium,4655,Montgomery st_Str-4655 (Market St & Broadway St).pdf,MONTGOMERY ST,MARKET ST,BROADWAY,16,between,"read ""A & B"" as the stretch between them",yes,2026-06-03,https://civic-joy-fund.github.io/block-party/striping/#id=4655,https://safitwebapps.blob.core.windows.net/$web/Striping%20Drawings/M_Streets/Montgomery%20st/Montgomery%20st_Str-4655%20%28Market%20St%20%26%20Broadway%20St%29.pdf,,,,,
medium,8359,Mt Vernon Ave_STR-8359 (Getz St to San Jose Ave).pdf,MOUNT VERNON AVE,GETZ ST,SAN JOSE AVE,6,between,"read ""mt vernon"" as ""mount vernon""",yes,2025-01-16,https://civic-joy-fund.github.io/block-party/striping/#id=8359,https://safitwebapps.blob.core.windows.net/$web/Striping%20Drawings/M_Streets/Mount%20Vernon%20Ave/Mt%20Vernon%20Ave_STR-8359%20%28Getz%20St%20to%20San%20Jose%20Ave%29.pdf,,,,,
medium,7713.1,North Point St_Str-7713.1 (Jones St to the Embarcadero).pdf,NORTH POINT ST,JONES ST,THE EMBARCADERO,7,between,"read cross street ""the embarcadero"" as ""theembarcadero""",yes,2026-08-04,https://civic-joy-fund.github.io/block-party/striping/#id=7713.1,https://safitwebapps.blob.core.windows.net/$web/Striping%20Drawings/N_Streets/North%20Point%20st/North%20Point%20St_Str-7713.1%20%28Jones%20St%20to%20the%20Embarcadero%29.pdf,,,,,
medium,7985.2,Page St_STR-7985.2 (Scott St to Burchanan St).pdf,PAGE ST,SCOTT ST,BUCHANAN ST,5,between,"read cross street ""burchanan st"" as ""buchanan""",yes,2026-07-10,https://civic-joy-fund.github.io/block-party/striping/#id=7985.2,https://safitwebapps.blob.core.windows.net/$web/Striping%20Drawings/P_Streets/Page%20St/Page%20St_STR-7985.2%20%28Scott%20St%20to%20Burchanan%20St%29.pdf,,,,,
medium,8423.2,Palou st_Str-8423.2 (Lanes St to Hawes St)r2.pdf,PALOU AVE,LANE ST,HAWES ST,4,between,"read cross street ""lanes st"" as ""lane""",yes,2026-08-05,https://civic-joy-fund.github.io/block-party/striping/#id=8423.2,https://safitwebapps.blob.core.windows.net/$web/Striping%20Drawings/P_Streets/Palou%20St/Palou%20st_Str-8423.2%20%28Lanes%20St%20to%20Hawes%20St%29r2.pdf,,,,,
medium,8020,Pennsylvania st_str-8020 (Ceasar Chavez St to 22nd st).pdf,PENNSYLVANIA AVE,CESAR CHAVEZ ST,22ND ST,7,between,"read cross street ""ceasar chavez st"" as ""cesar chavez""",yes,2024-08-15,https://civic-joy-fund.github.io/block-party/striping/#id=8020,https://safitwebapps.blob.core.windows.net/$web/Striping%20Drawings/P_Streets/Pennsylvania%20Ave/Pennsylvania%20st_str-8020%20%28Ceasar%20Chavez%20St%20to%2022nd%20st%29.pdf,,,,,
medium,3625,Plum St_Str-3625 (Mission St to So.Van Ness Ave).pdf,PLUM ST,MISSION ST,SOUTH VAN NESS AVE,1,between,"read cross street ""so.van ness ave"" as ""south van ness""",yes,2024-08-15,https://civic-joy-fund.github.io/block-party/striping/#id=3625,https://safitwebapps.blob.core.windows.net/$web/Striping%20Drawings/P_Streets/Plum%20St/Plum%20St_Str-3625%20%28Mission%20St%20to%20So.Van%20Ness%20Ave%29.pdf,,,,,
medium,7767.3,Portola Dr_STR-7767.3 (O'Shaugnessy Blvd to Corbett Ave).pdf,PORTOLA DR,OSHAUGHNESSY BLVD,CORBETT AVE,16,between,"read cross street ""o'shaugnessy blvd"" as ""oshaughnessy""",yes,2024-12-28,https://civic-joy-fund.github.io/block-party/striping/#id=7767.3,https://safitwebapps.blob.core.windows.net/$web/Striping%20Drawings/P_Streets/Portola%20Dr/Portola%20Dr_STR-7767.3%20%28O%27Shaugnessy%20Blvd%20to%20Corbett%20Ave%29.pdf,,,,,
medium,8062.1,Roosevelt way_Str-8062.1 (Museum Way to14thSt).pdf,ROOSEVELT WAY,MUSEUM WAY,14TH ST,4,between,"read cross street ""14thst"" as ""14th""",yes,2024-08-15,https://civic-joy-fund.github.io/block-party/striping/#id=8062.1,https://safitwebapps.blob.core.windows.net/$web/Striping%20Drawings/R_Streets/Roosevelt%20Way/Roosevelt%20way_Str-8062.1%20%28Museum%20Way%20to14thSt%29.pdf,,,,,
medium,8212,Saint Francis Blvd_STR-8212 (Junipero Serra Blvd to San AnselmoAve).pdf,SAINT FRANCIS BLVD,JUNIPERO SERRA BLVD,SAN ANSELMO AVE,12,between,"read cross street ""san anselmoave"" as ""san anselmo""",yes,2024-08-15,https://civic-joy-fund.github.io/block-party/striping/#id=8212,https://safitwebapps.blob.core.windows.net/$web/Striping%20Drawings/S_Streets/Saint%20Francis%20Blvd/Saint%20Francis%20Blvd_STR-8212%20%28Junipero%20Serra%20Blvd%20to%20San%20AnselmoAve%29.pdf,,,,,
medium,8504,San Jose Ave_Str-8504 (Lake View Ave to Ocean Ave).pdf,SAN JOSE AVE,LAKEVIEW AVE,OCEAN AVE,13,between,"read cross street ""lake view ave"" as ""lakeview""",yes,2026-08-05,https://civic-joy-fund.github.io/block-party/striping/#id=8504,https://safitwebapps.blob.core.windows.net/$web/Striping%20Drawings/S_Streets/San%20Jose%20Ave/San%20Jose%20Ave_Str-8504%20%28Lake%20View%20Ave%20to%20Ocean%20Ave%29.pdf,,,,,
medium,7793.1,Sansome st_Str-7793.1 (Pacific Ave to Chesnut St).pdf,SANSOME ST,PACIFIC AVE,CHESTNUT ST,10,between,"read cross street ""chesnut st"" as ""chestnut""",yes,2026-09-03,https://civic-joy-fund.github.io/block-party/striping/#id=7793.1,https://safitwebapps.blob.core.windows.net/$web/Striping%20Drawings/S_Streets/Sansome%20st/Sansome%20st_Str-7793.1%20%28Pacific%20Ave%20to%20Chesnut%20St%29.pdf,,,,,
medium,5654,Str-5654 (Capistrano and San Ysable ave).pdf,SANTA YSABEL AVE,CAPISTRANO AVE,,3,intersection,"read ""san ysable"" as ""santa ysabel""",yes,2024-08-15,https://civic-joy-fund.github.io/block-party/striping/#id=5654,https://safitwebapps.blob.core.windows.net/$web/Striping%20Drawings/S_Streets/San%20Ysable/Str-5654%20%28Capistrano%20and%20San%20Ysable%20ave%29.pdf,,,,,
medium,5226,Santiago st_str-5226 (20th and 21st angle parking).pdf,SANTIAGO ST,20TH AVE,21ST AVE,1,between,"read ""A & B"" as the stretch between them",yes,2024-08-15,https://civic-joy-fund.github.io/block-party/striping/#id=5226,https://safitwebapps.blob.core.windows.net/$web/Striping%20Drawings/S_Streets/Santiago%20st/Santiago%20st_str-5226%20%2820th%20and%2021st%20angle%20parking%29.pdf,,,,,
medium,5317,Scott st_Str-5317 (Clay St and Jackson St).pdf,SCOTT ST,CLAY ST,JACKSON ST,2,between,"read ""A & B"" as the stretch between them",yes,2024-08-15,https://civic-joy-fund.github.io/block-party/striping/#id=5317,https://safitwebapps.blob.core.windows.net/$web/Striping%20Drawings/S_Streets/Scott%20st/Scott%20st_Str-5317%20%28Clay%20St%20and%20Jackson%20St%29.pdf,,,,,
medium,8299,Sgt John Young_str-8299 (San Jose Ave to Terminus).pdf,SERGEANT JOHN V YOUNG ST,SAN JOSE AVE,END: 1-99 BLOCK,1,between,"read ""sergeant john young"" as ""sergeant john v young""",yes,2024-08-15,https://civic-joy-fund.github.io/block-party/striping/#id=8299,https://safitwebapps.blob.core.windows.net/$web/Striping%20Drawings/Y_Streets/Young%2C%20Sgt%20John/Sgt%20John%20Young_str-8299%20%28San%20Jose%20Ave%20to%20Terminus%29.pdf,,,,,
medium,2714,"Shrader st_Str-2714 ( Hayes, Grove & Fulton Parking Stalls).pdf",SHRADER ST,HAYES ST,FULTON ST,2,between,"read ""A & B"" as the stretch between them",yes,2024-08-15,https://civic-joy-fund.github.io/block-party/striping/#id=2714,https://safitwebapps.blob.core.windows.net/$web/Striping%20Drawings/S_Streets/Shrader%20st/Shrader%20st_Str-2714%20%28%20Hayes%2C%20Grove%20%26%20Fulton%20Parking%20Stalls%29.pdf,,,,,
medium,8505,Sunset Blvd_Str-8505 (Lake Merced Blvd to Wawon St).pdf,SUNSET BLVD,LAKE MERCED BLVD,WAWONA ST,10,between,"read cross street ""wawon st"" as ""wawona""",yes,2026-02-15,https://civic-joy-fund.github.io/block-party/striping/#id=8505,https://safitwebapps.blob.core.windows.net/$web/Striping%20Drawings/S_Streets/Sunset%20blvd/Sunset%20Blvd_Str-8505%20%28Lake%20Merced%20Blvd%20to%20Wawon%20St%29.pdf,,,,,
medium,8505.1,Sunset Blvd_Str-8505.1 (Wawon St to Santiago St).pdf,SUNSET BLVD,WAWONA ST,SANTIAGO ST,8,between,"read cross street ""wawon st"" as ""wawona""",yes,2026-02-15,https://civic-joy-fund.github.io/block-party/striping/#id=8505.1,https://safitwebapps.blob.core.windows.net/$web/Striping%20Drawings/S_Streets/Sunset%20blvd/Sunset%20Blvd_Str-8505.1%20%28Wawon%20St%20to%20Santiago%20St%29.pdf,,,,,
medium,8340.3,Taylor St_STR-8340.3 (Greenwich St to Embarcadero).pdf,TAYLOR ST,GREENWICH ST,THE EMBARCADERO,9,between,"read cross street ""the embarcadero"" as ""theembarcadero""",yes,2026-08-12,https://civic-joy-fund.github.io/block-party/striping/#id=8340.3,https://safitwebapps.blob.core.windows.net/$web/Striping%20Drawings/T_Streets/Taylor%20St/Taylor%20St_STR-8340.3%20%28Greenwich%20St%20to%20Embarcadero%29.pdf,,,,,
medium,8528,Teddy Ave_STR-8528 (Elliott St to San Bruno Ave).pdf,TEDDY AVE,ELLIOT ST,SAN BRUNO AVE,4,between,"read cross street ""elliott st"" as ""elliot""",yes,2026-02-07,https://civic-joy-fund.github.io/block-party/striping/#id=8528,https://safitwebapps.blob.core.windows.net/$web/Striping%20Drawings/T_Streets/Teddy%20Ave/Teddy%20Ave_STR-8528%20%28Elliott%20St%20to%20San%20Bruno%20Ave%29.pdf,,,,,
medium,8374.1,Terry Francois Blvd_Str-8374.1 (Mission Rock St to Warriors Way).pdf,TERRY A FRANCOIS BLVD,MISSION ROCK ST,WARRIORS WAY,4,between,"read ""terry francois"" as ""terry a francois""",yes,2025-12-17,https://civic-joy-fund.github.io/block-party/striping/#id=8374.1,https://safitwebapps.blob.core.windows.net/$web/Striping%20Drawings/T_Streets/Terry%20Francois%20Blvd/Terry%20Francois%20Blvd_Str-8374.1%20%28Mission%20Rock%20St%20to%20Warriors%20Way%29.pdf,,,,,
medium,8374.2,Terry Francois Blvd_Str-8374.2 (Warriors Way to Mariposa St).pdf,TERRY A FRANCOIS BLVD,WARRIORS WAY,MARIPOSA ST,4,between,"read ""terry francois"" as ""terry a francois""",yes,2024-11-21,https://civic-joy-fund.github.io/block-party/striping/#id=8374.2,https://safitwebapps.blob.core.windows.net/$web/Striping%20Drawings/T_Streets/Terry%20Francois%20Blvd/Terry%20Francois%20Blvd_Str-8374.2%20%28Warriors%20Way%20to%20Mariposa%20St%29.pdf,,,,,
medium,8281.1,1-Townsend St_Str-8281.1 (4th St to Colin P Kelly).pdf,TOWNSEND ST,04TH ST,COLIN P KELLY JR ST,8,between,"read cross street ""colin p kelly"" as ""colin p kelly jr""",yes,2026-09-16,https://civic-joy-fund.github.io/block-party/striping/#id=8281.1,https://safitwebapps.blob.core.windows.net/$web/Striping%20Drawings/T_Streets/Townsend%20St/1-Townsend%20St_Str-8281.1%20%284th%20St%20to%20Colin%20P%20Kelly%29.pdf,,,,,
medium,8281.2,1-Townsend St_Str-8281.2 (Colin P Kelly to The Embarcadero).pdf,TOWNSEND ST,COLIN P KELLY JR ST,THE EMBARCADERO,1,between,"read cross street ""colin p kelly"" as ""colin p kelly jr""; read cross street ""the embarcadero"" as ""theembarcadero""",yes,2024-08-15,https://civic-joy-fund.github.io/block-party/striping/#id=8281.2,https://safitwebapps.blob.core.windows.net/$web/Striping%20Drawings/T_Streets/Townsend%20St/1-Townsend%20St_Str-8281.2%20%28Colin%20P%20Kelly%20to%20The%20Embarcadero%29.pdf,,,,,
medium,8101.5,Ulloa St_STR-8101.5 (Claremont Blvd to Waitham Way).pdf,ULLOA ST,CLAREMONT BLVD,WAITHMAN WAY,7,between,"read cross street ""waitham way"" as ""waithman""",yes,2025-10-02,https://civic-joy-fund.github.io/block-party/striping/#id=8101.5,https://safitwebapps.blob.core.windows.net/$web/Striping%20Drawings/U_Streets/Ulloa%20st/Ulloa%20St_STR-8101.5%20%28Claremont%20Blvd%20to%20Waitham%20Way%29.pdf,,,,,
medium,8101.6,Ulloa St_STR-8101.6 (Waitham Way to Woodside Ave).pdf,ULLOA ST,WAITHMAN WAY,WOODSIDE AVE,4,between,"read cross street ""waitham way"" as ""waithman""",yes,2025-10-02,https://civic-joy-fund.github.io/block-party/striping/#id=8101.6,https://safitwebapps.blob.core.windows.net/$web/Striping%20Drawings/U_Streets/Ulloa%20st/Ulloa%20St_STR-8101.6%20%28Waitham%20Way%20to%20Woodside%20Ave%29.pdf,,,,,
medium,1574,Union St_Str-1574 (Lyon St to Buchannan St) See Kristen Nugent 2026-03-20.pdf,UNION ST,LYON ST,BUCHANAN ST,11,between,"read cross street ""buchannan st"" as ""buchanan""",yes,2026-03-21,https://civic-joy-fund.github.io/block-party/striping/#id=1574,https://safitwebapps.blob.core.windows.net/$web/Striping%20Drawings/U_Streets/Union%20st/Union%20St_Str-1574%20%28Lyon%20St%20to%20Buchannan%20St%29%20See%20Kristen%20Nugent%202026-03-20.pdf,,,,,
medium,1574.1,Union St_Str-1574.1 (Buchannan St to Hyde St) See Kristen Nugent 2026-03-20.pdf,UNION ST,BUCHANAN ST,HYDE ST,14,between,"read cross street ""buchannan st"" as ""buchanan""",yes,2026-03-21,https://civic-joy-fund.github.io/block-party/striping/#id=1574.1,https://safitwebapps.blob.core.windows.net/$web/Striping%20Drawings/U_Streets/Union%20st/Union%20St_Str-1574.1%20%28Buchannan%20St%20to%20Hyde%20St%29%20See%20Kristen%20Nugent%202026-03-20.pdf,,,,,
medium,6090,Washington St_Str-6090 (Lyon and Baker) mid block x-walk r0_see corridor file 8519.2.pdf,WASHINGTON ST,LYON ST,BAKER ST,1,between,"read ""A & B"" as the stretch between them",yes,2026-02-10,https://civic-joy-fund.github.io/block-party/striping/#id=6090,https://safitwebapps.blob.core.windows.net/$web/Striping%20Drawings/W_Streets/Washington%20St/Washington%20St_Str-6090%20%28Lyon%20and%20Baker%29%20mid%20block%20x-walk%20r0_see%20corridor%20file%208519.2.pdf,,,,,
medium,7824,Washington St_Str-7824 (Kearny St to The Embarcadero).pdf,WASHINGTON ST,KEARNY ST,THE EMBARCADERO,11,between,"read cross street ""the embarcadero"" as ""theembarcadero""",yes,2025-06-21,https://civic-joy-fund.github.io/block-party/striping/#id=7824,https://safitwebapps.blob.core.windows.net/$web/Striping%20Drawings/W_Streets/Washington%20St/Washington%20St_Str-7824%20%28Kearny%20St%20to%20The%20Embarcadero%29.pdf,,,,,
medium,8294.3,Webster St_Str-8294.3 (Broadway St to Chesnut St).pdf,WEBSTER ST,BROADWAY,CHESTNUT ST,11,between,"read cross street ""chesnut st"" as ""chestnut""",yes,2026-05-19,https://civic-joy-fund.github.io/block-party/striping/#id=8294.3,https://safitwebapps.blob.core.windows.net/$web/Striping%20Drawings/W_Streets/Webster%20st/Webster%20St_Str-8294.3%20%28Broadway%20St%20to%20Chesnut%20St%29.pdf,,,,,
medium,8357,Winding Way_STR-8357 (Prague St to South Bill Blvd) rev0.pdf,WINDING WAY,PRAGUE ST,SOUTH HILL BLVD,5,between,"read cross street ""south bill blvd"" as ""south hill""",yes,2024-08-15,https://civic-joy-fund.github.io/block-party/striping/#id=8357,https://safitwebapps.blob.core.windows.net/$web/Striping%20Drawings/W_Streets/Winding%20Way/Winding%20Way_STR-8357%20%28Prague%20St%20to%20South%20Bill%20Blvd%29%20rev0.pdf,,,,,
high,7602,1st St_str-7602 (Market St to Harrison St).pdf,01ST ST,MARKET ST,HARRISON ST,15,between,,yes,2026-06-18,https://civic-joy-fund.github.io/block-party/striping/#id=7602,https://safitwebapps.blob.core.windows.net/$web/Striping%20Drawings/02_Numbered_Street/1st%20st/1st%20St_str-7602%20%28Market%20St%20to%20Harrison%20St%29.pdf,,,,,
high,8466,2nd Ave_Str-8466 (Fulton St to Geary Blvd).pdf,02ND AVE,FULTON ST,GEARY BLVD,4,between,,yes,2025-07-09,https://civic-joy-fund.github.io/block-party/striping/#id=8466,https://safitwebapps.blob.core.windows.net/$web/Striping%20Drawings/01_Numbered_Avenue/2nd%20Ave/2nd%20Ave_Str-8466%20%28Fulton%20St%20to%20Geary%20Blvd%29.pdf,,,,,
high,8466.1,2nd Ave_Str-8466.1 (Geary Blvd to Lake St).pdf,02ND AVE,GEARY BLVD,LAKE ST,5,between,,yes,2026-09-02,https://civic-joy-fund.github.io/block-party/striping/#id=8466.1,https://safitwebapps.blob.core.windows.net/$web/Striping%20Drawings/01_Numbered_Avenue/2nd%20Ave/2nd%20Ave_Str-8466.1%20%28Geary%20Blvd%20to%20Lake%20St%29.pdf,,,,,
high,7604.1,2nd St_STR-7604.1 (Harrison St to King St).pdf,02ND ST,HARRISON ST,KING ST,10,between,,yes,2026-08-20,https://civic-joy-fund.github.io/block-party/striping/#id=7604.1,https://safitwebapps.blob.core.windows.net/$web/Striping%20Drawings/02_Numbered_Street/2nd%20st/2nd%20St_STR-7604.1%20%28Harrison%20St%20to%20King%20St%29.pdf,,,,,
high,8130,3rd Ave_STR-8130 (Fulton St to Geary Blvd).pdf,03RD AVE,FULTON ST,GEARY BLVD,4,between,,yes,2026-07-11,https://civic-joy-fund.github.io/block-party/striping/#id=8130,https://safitwebapps.blob.core.windows.net/$web/Striping%20Drawings/01_Numbered_Avenue/3rd%20Ave/3rd%20Ave_STR-8130%20%28Fulton%20St%20to%20Geary%20Blvd%29.pdf,,,,,
high,7678.3,3rd St_str-7678.3 (19th St to 24th St).pdf,03RD ST,19TH ST,24TH ST,8,between,,yes,2025-07-08,https://civic-joy-fund.github.io/block-party/striping/#id=7678.3,https://safitwebapps.blob.core.windows.net/$web/Striping%20Drawings/02_Numbered_Street/3rd%20st/3rd%20St_str-7678.3%20%2819th%20St%20to%2024th%20St%29.pdf,,,,,
high,7678.4,3rd st_str-7678.4 (24th St to Burke Ave).pdf,03RD ST,24TH ST,BURKE AVE,16,between,,yes,2024-11-27,https://civic-joy-fund.github.io/block-party/striping/#id=7678.4,https://safitwebapps.blob.core.windows.net/$web/Striping%20Drawings/02_Numbered_Street/3rd%20st/3rd%20st_str-7678.4%20%2824th%20St%20to%20Burke%20Ave%29.pdf,,,,,
high,7678.5,3rd st_str-7678.5 (Burke Ave to Jerrold Ave).pdf,03RD ST,BURKE AVE,JERROLD AVE,21,between,,yes,2025-08-05,https://civic-joy-fund.github.io/block-party/striping/#id=7678.5,https://safitwebapps.blob.core.windows.net/$web/Striping%20Drawings/02_Numbered_Street/3rd%20st/3rd%20st_str-7678.5%20%28Burke%20Ave%20to%20Jerrold%20Ave%29.pdf,,,,,
high,7678.6,3rd St_str-7678.6 (Jerrold Ave to Shafter Ave).pdf,03RD ST,JERROLD AVE,SHAFTER AVE,25,between,,yes,2026-08-25,https://civic-joy-fund.github.io/block-party/striping/#id=7678.6,https://safitwebapps.blob.core.windows.net/$web/Striping%20Drawings/02_Numbered_Street/3rd%20st/3rd%20St_str-7678.6%20%28Jerrold%20Ave%20to%20Shafter%20Ave%29.pdf,,,,,
high,7678.7,3rd st_str-7678.7 (Shafter Ave to Donner Ave).pdf,03RD ST,SHAFTER AVE,DONNER AVE,24,between,,yes,2025-12-19,https://civic-joy-fund.github.io/block-party/striping/#id=7678.7,https://safitwebapps.blob.core.windows.net/$web/Striping%20Drawings/02_Numbered_Street/3rd%20st/3rd%20st_str-7678.7%20%28Shafter%20Ave%20to%20Donner%20Ave%29.pdf,,,,,
high,7678.8,3rd st_str-7678.8 (Donner Ave to Meade Ave).pdf,03RD ST,DONNER AVE,MEADE AVE,21,between,,yes,2025-08-05,https://civic-joy-fund.github.io/block-party/striping/#id=7678.8,https://safitwebapps.blob.core.windows.net/$web/Striping%20Drawings/02_Numbered_Street/3rd%20st/3rd%20st_str-7678.8%20%28Donner%20Ave%20to%20Meade%20Ave%29.pdf,,,,,
high,8015,3rd St_Str-8015 (Market St to Folsom St).pdf,03RD ST,MARKET ST,FOLSOM ST,7,between,,yes,2026-06-11,https://civic-joy-fund.github.io/block-party/striping/#id=8015,https://safitwebapps.blob.core.windows.net/$web/Striping%20Drawings/02_Numbered_Street/3rd%20st/3rd%20St_Str-8015%20%28Market%20St%20to%20Folsom%20St%29.pdf,,,,,
high,8015.1,3rd St_Str-8015.1 (Folsom St to Townsend St).pdf,03RD ST,FOLSOM ST,TOWNSEND ST,12,between,,yes,2025-08-06,https://civic-joy-fund.github.io/block-party/striping/#id=8015.1,https://safitwebapps.blob.core.windows.net/$web/Striping%20Drawings/02_Numbered_Street/3rd%20st/3rd%20St_Str-8015.1%20%28Folsom%20St%20to%20Townsend%20St%29.pdf,,,,,
high,8287,3rd st_Str-8287 (Townsend St to Mission Rock St).pdf,03RD ST,TOWNSEND ST,MISSION ROCK ST,11,between,,yes,2025-12-17,https://civic-joy-fund.github.io/block-party/striping/#id=8287,https://safitwebapps.blob.core.windows.net/$web/Striping%20Drawings/02_Numbered_Street/3rd%20st/3rd%20st_Str-8287%20%28Townsend%20St%20to%20Mission%20Rock%20St%29.pdf,,,,,
high,8287.1,3rd st_Str-8287.1 (China Basin St to Mariposa St).pdf,03RD ST,CHINA BASIN ST,MARIPOSA ST,14,between,,yes,2026-03-20,https://civic-joy-fund.github.io/block-party/striping/#id=8287.1,https://safitwebapps.blob.core.windows.net/$web/Striping%20Drawings/02_Numbered_Street/3rd%20st/3rd%20st_Str-8287.1%20%28China%20Basin%20St%20to%20Mariposa%20St%29.pdf,,,,,
high,5546,4th Ave_STR-5546 (Balboa barrier).pdf,04TH AVE,BALBOA ST,,4,intersection,,yes,2024-08-15,https://civic-joy-fund.github.io/block-party/striping/#id=5546,https://safitwebapps.blob.core.windows.net/$web/Striping%20Drawings/01_Numbered_Avenue/4th%20Ave/4th%20Ave_STR-5546%20%28Balboa%20barrier%29.pdf,,,,,
high,8392,4th Ave_STR-8392 (Parnassus Ave to Lincoln Way) Rev0.pdf,04TH AVE,PARNASSUS AVE,LINCOLN WAY,3,between,,yes,2024-08-15,https://civic-joy-fund.github.io/block-party/striping/#id=8392,https://safitwebapps.blob.core.windows.net/$web/Striping%20Drawings/01_Numbered_Avenue/4th%20Ave/4th%20Ave_STR-8392%20%28Parnassus%20Ave%20to%20Lincoln%20Way%29%20Rev0.pdf,,,,,
high,8406.1,4th Ave_STR-8406.1 (Fulton St to Geary Blvd).pdf,04TH AVE,FULTON ST,GEARY BLVD,4,between,,yes,2024-08-15,https://civic-joy-fund.github.io/block-party/striping/#id=8406.1,https://safitwebapps.blob.core.windows.net/$web/Striping%20Drawings/01_Numbered_Avenue/4th%20Ave/4th%20Ave_STR-8406.1%20%28Fulton%20St%20to%20Geary%20Blvd%29.pdf,,,,,
high,7642,4th St_str-7642 (Market St to Harrison St).pdf,04TH ST,MARKET ST,HARRISON ST,12,between,,yes,2025-08-31,https://civic-joy-fund.github.io/block-party/striping/#id=7642,https://safitwebapps.blob.core.windows.net/$web/Striping%20Drawings/02_Numbered_Street/4th%20st/4th%20St_str-7642%20%28Market%20St%20to%20Harrison%20St%29.pdf,,,,,
high,7642.1,4th st_str-7642.1 (Harrison st to King St).pdf,04TH ST,HARRISON ST,KING ST,11,between,,yes,2026-07-14,https://civic-joy-fund.github.io/block-party/striping/#id=7642.1,https://safitwebapps.blob.core.windows.net/$web/Striping%20Drawings/02_Numbered_Street/4th%20st/4th%20st_str-7642.1%20%28Harrison%20st%20to%20King%20St%29.pdf,,,,,
high,8000,5th Ave_Str-8000 (Kirkham St to Lincoln Way).pdf,05TH AVE,KIRKHAM ST,LINCOLN WAY,4,between,,yes,2025-01-09,https://civic-joy-fund.github.io/block-party/striping/#id=8000,https://safitwebapps.blob.core.windows.net/$web/Striping%20Drawings/01_Numbered_Avenue/5th%20Ave/5th%20Ave_Str-8000%20%28Kirkham%20St%20to%20Lincoln%20Way%29.pdf,,,,,
high,7816,5th St_STR-7816 (Market St to Shipley St).pdf,05TH ST,MARKET ST,SHIPLEY ST,14,between,,yes,2025-03-08,https://civic-joy-fund.github.io/block-party/striping/#id=7816,https://safitwebapps.blob.core.windows.net/$web/Striping%20Drawings/02_Numbered_Street/5th%20st/5th%20St_STR-7816%20%28Market%20St%20to%20Shipley%20St%29.pdf,,,,,
high,7816.1,5th St_STR-7816.1 (Shipley St to Berry St).pdf,05TH ST,SHIPLEY ST,BERRY ST,11,between,,yes,2025-09-25,https://civic-joy-fund.github.io/block-party/striping/#id=7816.1,https://safitwebapps.blob.core.windows.net/$web/Striping%20Drawings/02_Numbered_Street/5th%20st/5th%20St_STR-7816.1%20%28Shipley%20St%20to%20Berry%20St%29.pdf,,,,,
high,2992.1,6th Ave_Str-2992.1 (Fulton St to Anza St) See Kevin Shue 2026-09-21.pdf,06TH AVE,FULTON ST,ANZA ST,3,between,,yes,2026-09-22,https://civic-joy-fund.github.io/block-party/striping/#id=2992.1,https://safitwebapps.blob.core.windows.net/$web/Striping%20Drawings/01_Numbered_Avenue/6th%20Ave/6th%20Ave_Str-2992.1%20%28Fulton%20St%20to%20Anza%20St%29%20See%20Kevin%20Shue%202026-09-21.pdf,,,,,
high,8310,6th Ave_Str-8310 (Kirkham St to Irving St).pdf,06TH AVE,KIRKHAM ST,IRVING ST,2,between,,yes,2026-07-10,https://civic-joy-fund.github.io/block-party/striping/#id=8310,https://safitwebapps.blob.core.windows.net/$web/Striping%20Drawings/01_Numbered_Avenue/6th%20Ave/6th%20Ave_Str-8310%20%28Kirkham%20St%20to%20Irving%20St%29.pdf,,,,,
high,8418.1,6th Ave_Str-8418.1 (Clement St to Lake St).pdf,06TH AVE,CLEMENT ST,LAKE ST,3,between,,yes,2025-12-17,https://civic-joy-fund.github.io/block-party/striping/#id=8418.1,https://safitwebapps.blob.core.windows.net/$web/Striping%20Drawings/01_Numbered_Avenue/6th%20Ave/6th%20Ave_Str-8418.1%20%28Clement%20St%20to%20Lake%20St%29.pdf,,,,,
high,8151,6th St_STR-8151 Market Street to Ahern Way.pdf,06TH ST,MARKET ST,AHERN WAY,14,between,,yes,2025-09-25,https://civic-joy-fund.github.io/block-party/striping/#id=8151,https://safitwebapps.blob.core.windows.net/$web/Striping%20Drawings/02_Numbered_Street/6th%20St/6th%20St_STR-8151%20Market%20Street%20to%20Ahern%20Way.pdf,,,,,
high,8151.1,6th St_STR-8151.1 (Ahern St to Townsend St).pdf,06TH ST,AHERN WAY,TOWNSEND ST,3,between,,yes,2025-09-09,https://civic-joy-fund.github.io/block-party/striping/#id=8151.1,https://safitwebapps.blob.core.windows.net/$web/Striping%20Drawings/02_Numbered_Street/6th%20St/6th%20St_STR-8151.1%20%28Ahern%20St%20to%20Townsend%20St%29.pdf,,,,,
high,7812,7th Ave_STR-7812 (Lincoln Way to Noriega).pdf,07TH AVE,LINCOLN WAY,NORIEGA ST,8,between,,yes,2026-09-18,https://civic-joy-fund.github.io/block-party/striping/#id=7812,https://safitwebapps.blob.core.windows.net/$web/Striping%20Drawings/01_Numbered_Avenue/7th%20Ave/7th%20Ave_STR-7812%20%28Lincoln%20Way%20to%20Noriega%29.pdf,,,,,
high,8166,7th Ave_STR-8166 (Fulton St to Geary Blvd).pdf,07TH AVE,FULTON ST,GEARY BLVD,4,between,,yes,2025-07-11,https://civic-joy-fund.github.io/block-party/striping/#id=8166,https://safitwebapps.blob.core.windows.net/$web/Striping%20Drawings/01_Numbered_Avenue/7th%20Ave/7th%20Ave_STR-8166%20%28Fulton%20St%20to%20Geary%20Blvd%29.pdf,,,,,
high,8166.1,7th Ave_STR-8166.1 (Geary Blvd to Lake St).pdf,07TH AVE,GEARY BLVD,LAKE ST,3,between,,yes,2025-11-01,https://civic-joy-fund.github.io/block-party/striping/#id=8166.1,https://safitwebapps.blob.core.windows.net/$web/Striping%20Drawings/01_Numbered_Avenue/7th%20Ave/7th%20Ave_STR-8166.1%20%28Geary%20Blvd%20to%20Lake%20St%29.pdf,,,,,
high,8238,7th St_STR-8238 (Market St to Folsom St).pdf,07TH ST,MARKET ST,FOLSOM ST,7,between,,yes,2026-05-29,https://civic-joy-fund.github.io/block-party/striping/#id=8238,https://safitwebapps.blob.core.windows.net/$web/Striping%20Drawings/02_Numbered_Street/7th%20st/7th%20St_STR-8238%20%28Market%20St%20to%20Folsom%20St%29.pdf,,,,,
high,8238.1,7th St_STR-8238.1 (Folsom St to Townsend St).pdf,07TH ST,FOLSOM ST,TOWNSEND ST,8,between,,yes,2025-12-17,https://civic-joy-fund.github.io/block-party/striping/#id=8238.1,https://safitwebapps.blob.core.windows.net/$web/Striping%20Drawings/02_Numbered_Street/7th%20st/7th%20St_STR-8238.1%20%28Folsom%20St%20to%20Townsend%20St%29.pdf,,,,,
high,8273,7th St_Str-8273 (Townsend St to 16th St).pdf,07TH ST,TOWNSEND ST,16TH ST,9,between,,yes,2026-08-11,https://civic-joy-fund.github.io/block-party/striping/#id=8273,https://safitwebapps.blob.core.windows.net/$web/Striping%20Drawings/02_Numbered_Street/7th%20st/7th%20St_Str-8273%20%28Townsend%20St%20to%2016th%20St%29.pdf,,,,,
high,6502,8th Ave_Str-6502 (8th_ave Clement).pdf,08TH AVE,CLEMENT ST,,4,intersection,,yes,2024-08-15,https://civic-joy-fund.github.io/block-party/striping/#id=6502,https://safitwebapps.blob.core.windows.net/$web/Striping%20Drawings/01_Numbered_Avenue/8th%20Ave/8th%20Ave_Str-6502%20%288th_ave%20Clement%29.pdf,,,,,
high,8003,8th Ave_STR-8003 (JFK Dr to Geary Blvd).pdf,08TH AVE,JOHN F KENNEDY DR,GEARY BLVD,5,between,,yes,2026-09-26,https://civic-joy-fund.github.io/block-party/striping/#id=8003,https://safitwebapps.blob.core.windows.net/$web/Striping%20Drawings/01_Numbered_Avenue/8th%20Ave/8th%20Ave_STR-8003%20%28JFK%20Dr%20to%20Geary%20Blvd%29.pdf,,,,,
high,8003.1,8th Ave_Str-8003.1 (Geary Blvd to Lake St).pdf,08TH AVE,GEARY BLVD,LAKE ST,4,between,,yes,2025-07-11,https://civic-joy-fund.github.io/block-party/striping/#id=8003.1,https://safitwebapps.blob.core.windows.net/$web/Striping%20Drawings/01_Numbered_Avenue/8th%20Ave/8th%20Ave_Str-8003.1%20%28Geary%20Blvd%20to%20Lake%20St%29.pdf,,,,,
high,8063,8th Ave_Str-8063 (Pacheco St to Lawton St).pdf,08TH AVE,PACHECO ST,LAWTON ST,5,between,,yes,2024-08-15,https://civic-joy-fund.github.io/block-party/striping/#id=8063,https://safitwebapps.blob.core.windows.net/$web/Striping%20Drawings/01_Numbered_Avenue/8th%20Ave/8th%20Ave_Str-8063%20%28Pacheco%20St%20to%20Lawton%20St%29.pdf,,,,,
high,8063.1,8th Ave_Str-8063.1 ( Lawton St to Lincoln Way).pdf,08TH AVE,LAWTON ST,LINCOLN WAY,4,between,,yes,2025-08-31,https://civic-joy-fund.github.io/block-party/striping/#id=8063.1,https://safitwebapps.blob.core.windows.net/$web/Striping%20Drawings/01_Numbered_Avenue/8th%20Ave/8th%20Ave_Str-8063.1%20%28%20Lawton%20St%20to%20Lincoln%20Way%29.pdf,,,,,
high,7950,8th St_Str-7950 (Market St to Folsom St).pdf,08TH ST,MARKET ST,FOLSOM ST,9,between,,yes,2026-04-04,https://civic-joy-fund.github.io/block-party/striping/#id=7950,https://safitwebapps.blob.core.windows.net/$web/Striping%20Drawings/02_Numbered_Street/8th%20St/8th%20St_Str-7950%20%28Market%20St%20to%20Folsom%20St%29.pdf,,,,,
high,7950.1,8th St_Str-7950.1 (Folsom St to Townsend St).pdf,08TH ST,FOLSOM ST,TOWNSEND ST,11,between,,yes,2026-08-29,https://civic-joy-fund.github.io/block-party/striping/#id=7950.1,https://safitwebapps.blob.core.windows.net/$web/Striping%20Drawings/02_Numbered_Street/8th%20St/8th%20St_Str-7950.1%20%28Folsom%20St%20to%20Townsend%20St%29.pdf,,,,,
high,4704,9th Ave_Str-4704 (Lincoln way to Kirkham St).pdf,09TH AVE,LINCOLN WAY,KIRKHAM ST,4,between,,yes,2026-04-16,https://civic-joy-fund.github.io/block-party/striping/#id=4704,https://safitwebapps.blob.core.windows.net/$web/Striping%20Drawings/01_Numbered_Avenue/9th%20Ave/9th%20Ave_Str-4704%20%28Lincoln%20way%20to%20Kirkham%20St%29.pdf,,,,,
high,8064,9th Ave_STR-8064 (12th Ave to Ortega St).pdf,09TH AVE,12TH AVE,ORTEGA ST,11,between,,yes,2024-08-15,https://civic-joy-fund.github.io/block-party/striping/#id=8064,https://safitwebapps.blob.core.windows.net/$web/Striping%20Drawings/01_Numbered_Avenue/9th%20Ave/9th%20Ave_STR-8064%20%2812th%20Ave%20to%20Ortega%20St%29.pdf,,,,,
high,8064.3,9th Ave_STR-8064.3 (Fulton St to Geary Blvd).pdf,09TH AVE,FULTON ST,GEARY BLVD,4,between,,yes,2025-02-21,https://civic-joy-fund.github.io/block-party/striping/#id=8064.3,https://safitwebapps.blob.core.windows.net/$web/Striping%20Drawings/01_Numbered_Avenue/9th%20Ave/9th%20Ave_STR-8064.3%20%28Fulton%20St%20to%20Geary%20Blvd%29.pdf,,,,,
high,8064.4,9th Ave_STR-8064.4 (Geary Blvd to Lake St).pdf,09TH AVE,GEARY BLVD,LAKE ST,4,between,,yes,2024-08-15,https://civic-joy-fund.github.io/block-party/striping/#id=8064.4,https://safitwebapps.blob.core.windows.net/$web/Striping%20Drawings/01_Numbered_Avenue/9th%20Ave/9th%20Ave_STR-8064.4%20%28Geary%20Blvd%20to%20Lake%20St%29.pdf,,,,,
high,8052,9th St_STR-8052 (Market St to Folsom St).pdf,09TH ST,MARKET ST,FOLSOM ST,9,between,,yes,2026-06-16,https://civic-joy-fund.github.io/block-party/striping/#id=8052,https://safitwebapps.blob.core.windows.net/$web/Striping%20Drawings/02_Numbered_Street/9th%20St/9th%20St_STR-8052%20%28Market%20St%20to%20Folsom%20St%29.pdf,,,,,
high,8052.1,9th St_STR-8052.1 (Folsom St to Division St).pdf,09TH ST,FOLSOM ST,DIVISION ST,8,between,,yes,2025-09-01,https://civic-joy-fund.github.io/block-party/striping/#id=8052.1,https://safitwebapps.blob.core.windows.net/$web/Striping%20Drawings/02_Numbered_Street/9th%20St/9th%20St_STR-8052.1%20%28Folsom%20St%20to%20Division%20St%29.pdf,,,,,
high,8096,10th Ave_Str-8096 (Mendosa Ave to Moraga St).pdf,10TH AVE,MENDOSA AVE,MORAGA ST,5,between,,yes,2025-11-01,https://civic-joy-fund.github.io/block-party/striping/#id=8096,https://safitwebapps.blob.core.windows.net/$web/Striping%20Drawings/01_Numbered_Avenue/10th%20Ave/10th%20Ave_Str-8096%20%28Mendosa%20Ave%20to%20Moraga%20St%29.pdf,,,,,
high,8096.1,10th Ave_Str-8096.1 (Moraga St to Judah St).pdf,10TH AVE,MORAGA ST,JUDAH ST,3,between,,yes,2026-09-22,https://civic-joy-fund.github.io/block-party/striping/#id=8096.1,https://safitwebapps.blob.core.windows.net/$web/Striping%20Drawings/01_Numbered_Avenue/10th%20Ave/10th%20Ave_Str-8096.1%20%28Moraga%20St%20to%20Judah%20St%29.pdf,,,,,
high,8096.2,10th Ave_Str-8096.2 (Judah St to Cabrillo St).pdf,10TH AVE,JUDAH ST,CABRILLO ST,4,between,,yes,2026-09-26,https://civic-joy-fund.github.io/block-party/striping/#id=8096.2,https://safitwebapps.blob.core.windows.net/$web/Striping%20Drawings/01_Numbered_Avenue/10th%20Ave/10th%20Ave_Str-8096.2%20%28Judah%20St%20to%20Cabrillo%20St%29.pdf,,,,,
high,8096.3,10th Ave_Str-8096.3 (Cabrillo St to Clement St).pdf,10TH AVE,CABRILLO ST,CLEMENT ST,4,between,,yes,2024-08-15,https://civic-joy-fund.github.io/block-party/striping/#id=8096.3,https://safitwebapps.blob.core.windows.net/$web/Striping%20Drawings/01_Numbered_Avenue/10th%20Ave/10th%20Ave_Str-8096.3%20%28Cabrillo%20St%20to%20Clement%20St%29.pdf,,,,,
high,8403,10th St_STR-8403 (Market St to Harrison St).pdf,10TH ST,MARKET ST,HARRISON ST,10,between,,yes,2025-01-04,https://civic-joy-fund.github.io/block-party/striping/#id=8403,https://safitwebapps.blob.core.windows.net/$web/Striping%20Drawings/02_Numbered_Street/10th%20St/10th%20St_STR-8403%20%28Market%20St%20to%20Harrison%20St%29.pdf,,,,,
high,8403.1,10th St_Str-8403.1 (Harrison St to Division St).pdf,10TH ST,HARRISON ST,DIVISION ST,2,between,,yes,2026-01-03,https://civic-joy-fund.github.io/block-party/striping/#id=8403.1,https://safitwebapps.blob.core.windows.net/$web/Striping%20Drawings/02_Numbered_Street/10th%20St/10th%20St_Str-8403.1%20%28Harrison%20St%20to%20Division%20St%29.pdf,,,,,
high,6505,11th Ave_STR-6505 (11th_ave Clement).pdf,11TH AVE,CLEMENT ST,,4,intersection,,yes,2026-08-20,https://civic-joy-fund.github.io/block-party/striping/#id=6505,https://safitwebapps.blob.core.windows.net/$web/Striping%20Drawings/01_Numbered_Avenue/11th%20Ave/11th%20Ave_STR-6505%20%2811th_ave%20Clement%29.pdf,,,,,
high,8520,11th Ave_STR-8520 (Fulton St to Anza St).pdf,11TH AVE,FULTON ST,ANZA ST,3,between,,yes,2026-08-20,https://civic-joy-fund.github.io/block-party/striping/#id=8520,https://safitwebapps.blob.core.windows.net/$web/Striping%20Drawings/01_Numbered_Avenue/11th%20Ave/11th%20Ave_STR-8520%20%28Fulton%20St%20to%20Anza%20St%29.pdf,,,,,
high,7765,11th St_STR-7765 (Market St to Division St)R.pdf,11TH ST,MARKET ST,DIVISION ST,9,between,,yes,2026-04-10,https://civic-joy-fund.github.io/block-party/striping/#id=7765,https://safitwebapps.blob.core.windows.net/$web/Striping%20Drawings/02_Numbered_Street/11th%20St/11th%20St_STR-7765%20%28Market%20St%20to%20Division%20St%29R.pdf,,,,,
high,6506,12th Ave_Str-6506 (12th_ave Clement).pdf,12TH AVE,CLEMENT ST,,4,intersection,,yes,2024-08-15,https://civic-joy-fund.github.io/block-party/striping/#id=6506,https://safitwebapps.blob.core.windows.net/$web/Striping%20Drawings/01_Numbered_Avenue/12th%20Ave/12th%20Ave_Str-6506%20%2812th_ave%20Clement%29.pdf,,,,,
high,8169,12th Ave_STR-8169 (Fulton to Geary).pdf,12TH AVE,FULTON ST,GEARY BLVD,4,between,,yes,2024-08-15,https://civic-joy-fund.github.io/block-party/striping/#id=8169,https://safitwebapps.blob.core.windows.net/$web/Striping%20Drawings/01_Numbered_Avenue/12th%20Ave/12th%20Ave_STR-8169%20%28Fulton%20to%20Geary%29.pdf,,,,,
high,8169.1,12th Ave_STR-8169.1 (Geary Blvd to Lake St).pdf,12TH AVE,GEARY BLVD,LAKE ST,4,between,,yes,2025-11-01,https://civic-joy-fund.github.io/block-party/striping/#id=8169.1,https://safitwebapps.blob.core.windows.net/$web/Striping%20Drawings/01_Numbered_Avenue/12th%20Ave/12th%20Ave_STR-8169.1%20%28Geary%20Blvd%20to%20Lake%20St%29.pdf,,,,,
high,8397,12th Ave_STR-8397 (Taraval St to Cragmont Ave).pdf,12TH AVE,TARAVAL ST,CRAGMONT AVE,6,between,,yes,2024-08-15,https://civic-joy-fund.github.io/block-party/striping/#id=8397,https://safitwebapps.blob.core.windows.net/$web/Striping%20Drawings/01_Numbered_Avenue/12th%20Ave/12th%20Ave_STR-8397%20%28Taraval%20St%20to%20Cragmont%20Ave%29.pdf,,,,,
high,8397.2,12th Ave_STR-8397.2 (Lawton St to Lincoln Way).pdf,12TH AVE,LAWTON ST,LINCOLN WAY,4,between,,yes,2025-11-01,https://civic-joy-fund.github.io/block-party/striping/#id=8397.2,https://safitwebapps.blob.core.windows.net/$web/Striping%20Drawings/01_Numbered_Avenue/12th%20Ave/12th%20Ave_STR-8397.2%20%28Lawton%20St%20to%20Lincoln%20Way%29.pdf,,,,,
high,7430,12th St_STR-7430 (South Van Ness Ave to Harrison St).pdf,12TH ST,SOUTH VAN NESS AVE,HARRISON ST,6,between,,yes,2024-08-15,https://civic-joy-fund.github.io/block-party/striping/#id=7430,https://safitwebapps.blob.core.windows.net/$web/Striping%20Drawings/02_Numbered_Street/12th%20st/12th%20St_STR-7430%20%28South%20Van%20Ness%20Ave%20to%20Harrison%20St%29.pdf,,,,,
high,7710,13th St_Str-7710 (Mission St to Folsom St).pdf,13TH ST,MISSION ST,FOLSOM ST,6,between,,yes,2024-08-15,https://civic-joy-fund.github.io/block-party/striping/#id=7710,https://safitwebapps.blob.core.windows.net/$web/Striping%20Drawings/02_Numbered_Street/13th%20St/13th%20St_Str-7710%20%28Mission%20St%20to%20Folsom%20St%29.pdf,,,,,
high,7710.1,13th St_Str-7710.1 (Folsom St to Bryant St)rev12.pdf,13TH ST,FOLSOM ST,BRYANT ST,7,between,,yes,2024-08-15,https://civic-joy-fund.github.io/block-party/striping/#id=7710.1,https://safitwebapps.blob.core.windows.net/$web/Striping%20Drawings/02_Numbered_Street/13th%20St/13th%20St_Str-7710.1%20%28Folsom%20St%20to%20Bryant%20St%29rev12.pdf,,,,,
high,6776,14th Ave-STR-6776 (Irving St to Judah St).pdf,14TH AVE,IRVING ST,JUDAH ST,1,between,,yes,2026-05-19,https://civic-joy-fund.github.io/block-party/striping/#id=6776,https://safitwebapps.blob.core.windows.net/$web/Striping%20Drawings/01_Numbered_Avenue/14th%20Ave/14th%20Ave-STR-6776%20%28Irving%20St%20to%20Judah%20St%29.pdf,,,,,
high,8049,14th Ave_STR-8049 (Fulton St to Geary Blvd).pdf,14TH AVE,FULTON ST,GEARY BLVD,4,between,,yes,2024-08-15,https://civic-joy-fund.github.io/block-party/striping/#id=8049,https://safitwebapps.blob.core.windows.net/$web/Striping%20Drawings/01_Numbered_Avenue/14th%20Ave/14th%20Ave_STR-8049%20%28Fulton%20St%20to%20Geary%20Blvd%29.pdf,,,,,
high,8049.1,14th Ave_STR-8049.1 (Geary Blvd to Lake St).pdf,14TH AVE,GEARY BLVD,LAKE ST,4,between,,yes,2026-06-12,https://civic-joy-fund.github.io/block-party/striping/#id=8049.1,https://safitwebapps.blob.core.windows.net/$web/Striping%20Drawings/01_Numbered_Avenue/14th%20Ave/14th%20Ave_STR-8049.1%20%28Geary%20Blvd%20to%20Lake%20St%29.pdf,,,,,
high,8093,14th Ave_STR-8093 (Portola Dr to Ulloa St).pdf,14TH AVE,PORTOLA DR,ULLOA ST,4,between,,yes,2025-09-09,https://civic-joy-fund.github.io/block-party/striping/#id=8093,https://safitwebapps.blob.core.windows.net/$web/Striping%20Drawings/01_Numbered_Avenue/14th%20Ave/14th%20Ave_STR-8093%20%28Portola%20Dr%20to%20Ulloa%20St%29.pdf,,,,,
high,8093.1,14th Ave_STR-8093.1 (Vicente St to Fanning Way)r4.pdf,14TH AVE,VICENTE ST,FANNING WAY,10,between,,yes,2025-05-01,https://civic-joy-fund.github.io/block-party/striping/#id=8093.1,https://safitwebapps.blob.core.windows.net/$web/Striping%20Drawings/01_Numbered_Avenue/14th%20Ave/14th%20Ave_STR-8093.1%20%28Vicente%20St%20to%20Fanning%20Way%29r4.pdf,,,,,
high,8093.2,14th Ave_STR-8093.2 (Fanning Way to 15th Ave).pdf,14TH AVE,FANNING WAY,15TH AVE,15,between,,yes,2024-08-15,https://civic-joy-fund.github.io/block-party/striping/#id=8093.2,https://safitwebapps.blob.core.windows.net/$web/Striping%20Drawings/01_Numbered_Avenue/14th%20Ave/14th%20Ave_STR-8093.2%20%28Fanning%20Way%20to%2015th%20Ave%29.pdf,,,,,
high,8348,14th St_Str-8348 (Buena Vista to Market).pdf,14TH ST,BUENA VISTA TER,MARKET ST,10,between,,yes,2026-07-10,https://civic-joy-fund.github.io/block-party/striping/#id=8348,https://safitwebapps.blob.core.windows.net/$web/Striping%20Drawings/02_Numbered_Street/14th%20St/14th%20St_Str-8348%20%28Buena%20Vista%20to%20Market%29.pdf,,,,,
high,8348.1,14th St_Str-8348.1 (Market St to South Van Ness Ave).pdf,14TH ST,MARKET ST,SOUTH VAN NESS AVE,16,between,,yes,2025-11-01,https://civic-joy-fund.github.io/block-party/striping/#id=8348.1,https://safitwebapps.blob.core.windows.net/$web/Striping%20Drawings/02_Numbered_Street/14th%20St/14th%20St_Str-8348.1%20%28Market%20St%20to%20South%20Van%20Ness%20Ave%29.pdf,,,,,
high,8131,15th Ave_STR-8131 (Fulton St to Geary Blvd).pdf,15TH AVE,FULTON ST,GEARY BLVD,5,between,,yes,2026-01-14,https://civic-joy-fund.github.io/block-party/striping/#id=8131,https://safitwebapps.blob.core.windows.net/$web/Striping%20Drawings/01_Numbered_Avenue/15th%20Ave/15th%20Ave_STR-8131%20%28Fulton%20St%20to%20Geary%20Blvd%29.pdf,,,,,
high,8282,15th Ave_STR-8282 (West Portal Ave to Taraval St).pdf,15TH AVE,WEST PORTAL AVE,TARAVAL ST,5,between,,yes,2025-05-06,https://civic-joy-fund.github.io/block-party/striping/#id=8282,https://safitwebapps.blob.core.windows.net/$web/Striping%20Drawings/01_Numbered_Avenue/15th%20Ave/15th%20Ave_STR-8282%20%28West%20Portal%20Ave%20to%20Taraval%20St%29.pdf,,,,,
high,8282.1,15th Ave_STR-8282.1 (Taraval St to Rivera St).pdf,15TH AVE,TARAVAL ST,RIVERA ST,2,between,,yes,2025-05-06,https://civic-joy-fund.github.io/block-party/striping/#id=8282.1,https://safitwebapps.blob.core.windows.net/$web/Striping%20Drawings/01_Numbered_Avenue/15th%20Ave/15th%20Ave_STR-8282.1%20%28Taraval%20St%20to%20Rivera%20St%29.pdf,,,,,
high,7948,15th St_STR-7948 (Dolores St to South Van Ness Ave).pdf,15TH ST,DOLORES ST,SOUTH VAN NESS AVE,14,between,,yes,2026-04-17,https://civic-joy-fund.github.io/block-party/striping/#id=7948,https://safitwebapps.blob.core.windows.net/$web/Striping%20Drawings/02_Numbered_Street/15th%20st/15th%20St_STR-7948%20%28Dolores%20St%20to%20South%20Van%20Ness%20Ave%29.pdf,,,,,
high,7948.1,15th St_STR-7948.1 (Shotwell St to Potrero Ave).pdf,15TH ST,SHOTWELL ST,POTRERO AVE,6,between,,yes,2026-09-23,https://civic-joy-fund.github.io/block-party/striping/#id=7948.1,https://safitwebapps.blob.core.windows.net/$web/Striping%20Drawings/02_Numbered_Street/15th%20st/15th%20St_STR-7948.1%20%28Shotwell%20St%20to%20Potrero%20Ave%29.pdf,,,,,
high,8366,15th St_STR-8366 (Roosevelt Way to Market St).pdf,15TH ST,ROOSEVELT WAY,MARKET ST,7,between,,yes,2026-09-17,https://civic-joy-fund.github.io/block-party/striping/#id=8366,https://safitwebapps.blob.core.windows.net/$web/Striping%20Drawings/02_Numbered_Street/15th%20st/15th%20St_STR-8366%20%28Roosevelt%20Way%20to%20Market%20St%29.pdf,,,,,
high,8518.1,16th Ave STR 8518.1 (Santiago St to Ortega St).pdf,16TH AVE,SANTIAGO ST,ORTEGA ST,4,between,,yes,2026-07-10,https://civic-joy-fund.github.io/block-party/striping/#id=8518.1,https://safitwebapps.blob.core.windows.net/$web/Striping%20Drawings/01_Numbered_Avenue/16th%20Ave/16th%20Ave%20STR%208518.1%20%28Santiago%20St%20to%20Ortega%20St%29.pdf,,,,,
high,5591,16th Ave_Str-5591 (And Lawton St).pdf,16TH AVE,LAWTON ST,,6,intersection,,yes,2025-11-01,https://civic-joy-fund.github.io/block-party/striping/#id=5591,https://safitwebapps.blob.core.windows.net/$web/Striping%20Drawings/01_Numbered_Avenue/16th%20Ave/16th%20Ave_Str-5591%20%28And%20Lawton%20St%29.pdf,,,,,
high,8322,16th Ave_STR-8322 (Fulton St to Geary Blvd).pdf,16TH AVE,FULTON ST,GEARY BLVD,4,between,,yes,2026-07-10,https://civic-joy-fund.github.io/block-party/striping/#id=8322,https://safitwebapps.blob.core.windows.net/$web/Striping%20Drawings/01_Numbered_Avenue/16th%20Ave/16th%20Ave_STR-8322%20%28Fulton%20St%20to%20Geary%20Blvd%29.pdf,,,,,
high,8154,16th St_STR 8154 (Castro St to Church St).pdf,16TH ST,CASTRO ST,CHURCH ST,9,between,,yes,2026-10-01,https://civic-joy-fund.github.io/block-party/striping/#id=8154,https://safitwebapps.blob.core.windows.net/$web/Striping%20Drawings/02_Numbered_Street/16th%20St/16th%20St_STR%208154%20%28Castro%20St%20to%20Church%20St%29.pdf,,,,,
high,8154.1,16th St_Str-8154.1 (Church St to South Van Ness Ave).pdf,16TH ST,CHURCH ST,SOUTH VAN NESS AVE,20,between,,yes,2025-10-10,https://civic-joy-fund.github.io/block-party/striping/#id=8154.1,https://safitwebapps.blob.core.windows.net/$web/Striping%20Drawings/02_Numbered_Street/16th%20St/16th%20St_Str-8154.1%20%28Church%20St%20to%20South%20Van%20Ness%20Ave%29.pdf,,,,,
high,8154.2,16th St_Str-8154.2 (South Van Ness Ave to Potrero Ave).pdf,16TH ST,SOUTH VAN NESS AVE,POTRERO AVE,11,between,,yes,2025-04-15,https://civic-joy-fund.github.io/block-party/striping/#id=8154.2,https://safitwebapps.blob.core.windows.net/$web/Striping%20Drawings/02_Numbered_Street/16th%20St/16th%20St_Str-8154.2%20%28South%20Van%20Ness%20Ave%20to%20Potrero%20Ave%29.pdf,,,,,
high,8154.3,16th St_Str-8154.3 (Potrero Ave to Missouri St).pdf,16TH ST,POTRERO AVE,MISSOURI ST,15,between,,yes,2025-12-17,https://civic-joy-fund.github.io/block-party/striping/#id=8154.3,https://safitwebapps.blob.core.windows.net/$web/Striping%20Drawings/02_Numbered_Street/16th%20St/16th%20St_Str-8154.3%20%28Potrero%20Ave%20to%20Missouri%20St%29.pdf,,,,,
high,8154.4,16th St_Str-8154.4 (Missouri St to 3rd St).pdf,16TH ST,MISSOURI ST,03RD ST,7,between,,yes,2026-09-26,https://civic-joy-fund.github.io/block-party/striping/#id=8154.4,https://safitwebapps.blob.core.windows.net/$web/Striping%20Drawings/02_Numbered_Street/16th%20St/16th%20St_Str-8154.4%20%28Missouri%20St%20to%203rd%20St%29.pdf,,,,,
high,4108,"17th Ave_Str-4108 (15,17th_ave Geary).pdf",17TH AVE,GEARY BLVD,,6,intersection,,yes,2024-08-15,https://civic-joy-fund.github.io/block-party/striping/#id=4108,https://safitwebapps.blob.core.windows.net/$web/Striping%20Drawings/01_Numbered_Avenue/17th%20Ave/17th%20Ave_Str-4108%20%2815%2C17th_ave%20Geary%29.pdf,,,,,
high,7862,17th Ave_STR-7862 (Wawona St to Ulloa St).pdf,17TH AVE,WAWONA ST,ULLOA ST,2,between,,yes,2026-01-10,https://civic-joy-fund.github.io/block-party/striping/#id=7862,https://safitwebapps.blob.core.windows.net/$web/Striping%20Drawings/01_Numbered_Avenue/17th%20Ave/17th%20Ave_STR-7862%20%28Wawona%20St%20to%20Ulloa%20St%29.pdf,,,,,
high,7862.1,17th Ave_STR-7862.1 (Ulloa St to Quintara St).pdf,17TH AVE,ULLOA ST,QUINTARA ST,4,between,,yes,2025-02-05,https://civic-joy-fund.github.io/block-party/striping/#id=7862.1,https://safitwebapps.blob.core.windows.net/$web/Striping%20Drawings/01_Numbered_Avenue/17th%20Ave/17th%20Ave_STR-7862.1%20%28Ulloa%20St%20to%20Quintara%20St%29.pdf,,,,,
high,7862.2,17th Ave_STR-7862.2 (Quintara St to Lawton St).pdf,17TH AVE,QUINTARA ST,LAWTON ST,5,between,,yes,2025-02-05,https://civic-joy-fund.github.io/block-party/striping/#id=7862.2,https://safitwebapps.blob.core.windows.net/$web/Striping%20Drawings/01_Numbered_Avenue/17th%20Ave/17th%20Ave_STR-7862.2%20%28Quintara%20St%20to%20Lawton%20St%29.pdf,,,,,
high,7862.3,17th Ave_STR-7862.3 (Lawton St to Lincoln Way).pdf,17TH AVE,LAWTON ST,LINCOLN WAY,4,between,,yes,2026-09-04,https://civic-joy-fund.github.io/block-party/striping/#id=7862.3,https://safitwebapps.blob.core.windows.net/$web/Striping%20Drawings/01_Numbered_Avenue/17th%20Ave/17th%20Ave_STR-7862.3%20%28Lawton%20St%20to%20Lincoln%20Way%29.pdf,,,,,
high,7863,17th Ave_STR-7863 (Fulton St to Geary Blvd).pdf,17TH AVE,FULTON ST,GEARY BLVD,4,between,,yes,2026-07-10,https://civic-joy-fund.github.io/block-party/striping/#id=7863,https://safitwebapps.blob.core.windows.net/$web/Striping%20Drawings/01_Numbered_Avenue/17th%20Ave/17th%20Ave_STR-7863%20%28Fulton%20St%20to%20Geary%20Blvd%29.pdf,,,,,
high,7794,17th st_Str-7794 (Stanyan St to Ord St).pdf,17TH ST,STANYAN ST,ORD ST,12,between,,yes,2024-08-28,https://civic-joy-fund.github.io/block-party/striping/#id=7794,https://safitwebapps.blob.core.windows.net/$web/Striping%20Drawings/02_Numbered_Street/17th%20St/17th%20st_Str-7794%20%28Stanyan%20St%20to%20Ord%20St%29.pdf,,,,,
high,7794.1,17th st_Str-7794.1 (Ord St to Sanchez St).pdf,17TH ST,ORD ST,SANCHEZ ST,10,between,,yes,2024-12-04,https://civic-joy-fund.github.io/block-party/striping/#id=7794.1,https://safitwebapps.blob.core.windows.net/$web/Striping%20Drawings/02_Numbered_Street/17th%20St/17th%20st_Str-7794.1%20%28Ord%20St%20to%20Sanchez%20St%29.pdf,,,,,
high,7794.2,17th st_Str-7794.2 (Sanchez St to Valencia St)r17.pdf,17TH ST,SANCHEZ ST,VALENCIA ST,10,between,,yes,2026-01-23,https://civic-joy-fund.github.io/block-party/striping/#id=7794.2,https://safitwebapps.blob.core.windows.net/$web/Striping%20Drawings/02_Numbered_Street/17th%20St/17th%20st_Str-7794.2%20%28Sanchez%20St%20to%20Valencia%20St%29r17.pdf,,,,,
high,7794.3,17th st_Str-7794.3 (Valencia St to Alabama St)r24.pdf,17TH ST,VALENCIA ST,ALABAMA ST,12,between,,yes,2026-01-23,https://civic-joy-fund.github.io/block-party/striping/#id=7794.3,https://safitwebapps.blob.core.windows.net/$web/Striping%20Drawings/02_Numbered_Street/17th%20St/17th%20st_Str-7794.3%20%28Valencia%20St%20to%20Alabama%20St%29r24.pdf,,,,,
high,7794.4,17th St_Str-7794.4 (Alabama St to Rhode Island St).pdf,17TH ST,ALABAMA ST,RHODE ISLAND ST,12,between,,yes,2024-10-19,https://civic-joy-fund.github.io/block-party/striping/#id=7794.4,https://safitwebapps.blob.core.windows.net/$web/Striping%20Drawings/02_Numbered_Street/17th%20St/17th%20St_Str-7794.4%20%28Alabama%20St%20to%20Rhode%20Island%20St%29.pdf,,,,,
high,7794.5,17th st_Str-7794.5 (Rhode Island St to Pennsylvania Ave).pdf,17TH ST,RHODE ISLAND ST,PENNSYLVANIA AVE,10,between,,yes,2025-04-17,https://civic-joy-fund.github.io/block-party/striping/#id=7794.5,https://safitwebapps.blob.core.windows.net/$web/Striping%20Drawings/02_Numbered_Street/17th%20St/17th%20st_Str-7794.5%20%28Rhode%20Island%20St%20to%20Pennsylvania%20Ave%29.pdf,,,,,
high,8193,18th Ave_STR-8193 (Fulton St to Geary Blvd).pdf,18TH AVE,FULTON ST,GEARY BLVD,4,between,,yes,2025-11-01,https://civic-joy-fund.github.io/block-party/striping/#id=8193,https://safitwebapps.blob.core.windows.net/$web/Striping%20Drawings/01_Numbered_Avenue/18th%20Ave/18th%20Ave_STR-8193%20%28Fulton%20St%20to%20Geary%20Blvd%29.pdf,,,,,
high,8193.1,18th Ave_STR-8193.1 Geary Blvd to Lake St).pdf,18TH AVE,GEARY BLVD,LAKE ST,4,between,,yes,2024-08-15,https://civic-joy-fund.github.io/block-party/striping/#id=8193.1,https://safitwebapps.blob.core.windows.net/$web/Striping%20Drawings/01_Numbered_Avenue/18th%20Ave/18th%20Ave_STR-8193.1%20Geary%20Blvd%20to%20Lake%20St%29.pdf,,,,,
high,8342.0,18th Ave_STR-8342.0 (Wawona St to Santiago St).pdf,18TH AVE,WAWONA ST,SANTIAGO ST,4,between,,yes,2024-08-15,https://civic-joy-fund.github.io/block-party/striping/#id=8342.0,https://safitwebapps.blob.core.windows.net/$web/Striping%20Drawings/01_Numbered_Avenue/18th%20Ave/18th%20Ave_STR-8342.0%20%28Wawona%20St%20to%20Santiago%20St%29.pdf,,,,,
high,8342.1,18th Ave_STR-8342.1 (Santiago St to Noriega St).pdf,18TH AVE,SANTIAGO ST,NORIEGA ST,5,between,,yes,2026-03-03,https://civic-joy-fund.github.io/block-party/striping/#id=8342.1,https://safitwebapps.blob.core.windows.net/$web/Striping%20Drawings/01_Numbered_Avenue/18th%20Ave/18th%20Ave_STR-8342.1%20%28Santiago%20St%20to%20Noriega%20St%29.pdf,,,,,
high,8342.2,18th Ave_STR-8342.2 (Noriega St to Judah St).pdf,18TH AVE,NORIEGA ST,JUDAH ST,4,between,,yes,2026-07-07,https://civic-joy-fund.github.io/block-party/striping/#id=8342.2,https://safitwebapps.blob.core.windows.net/$web/Striping%20Drawings/01_Numbered_Avenue/18th%20Ave/18th%20Ave_STR-8342.2%20%28Noriega%20St%20to%20Judah%20St%29.pdf,,,,,
high,8342.3,18th Ave_STR-8342.3 (Judah to Lincoln).pdf,18TH AVE,JUDAH ST,LINCOLN WAY,2,between,,yes,2025-12-16,https://civic-joy-fund.github.io/block-party/striping/#id=8342.3,https://safitwebapps.blob.core.windows.net/$web/Striping%20Drawings/01_Numbered_Avenue/18th%20Ave/18th%20Ave_STR-8342.3%20%28Judah%20to%20Lincoln%29.pdf,,,,,
high,7822,1_18th St_STR-7822 ( Market St to Noe St).pdf,18TH ST,MARKET ST,NOE ST,11,between,,yes,2025-06-05,https://civic-joy-fund.github.io/block-party/striping/#id=7822,https://safitwebapps.blob.core.windows.net/$web/Striping%20Drawings/02_Numbered_Street/18th%20St/1_18th%20St_STR-7822%20%28%20Market%20St%20to%20Noe%20St%29.pdf,,,,,
high,7822.1,2_18th St_STR-7822.1 (Noe St to Valencia St).pdf,18TH ST,NOE ST,VALENCIA ST,12,between,,yes,2025-06-05,https://civic-joy-fund.github.io/block-party/striping/#id=7822.1,https://safitwebapps.blob.core.windows.net/$web/Striping%20Drawings/02_Numbered_Street/18th%20St/2_18th%20St_STR-7822.1%20%28Noe%20St%20to%20Valencia%20St%29.pdf,,,,,
high,7822.2,3_18th St_STR-7822.2 (Valencia St to Harrison St).pdf,18TH ST,VALENCIA ST,HARRISON ST,12,between,,yes,2025-09-18,https://civic-joy-fund.github.io/block-party/striping/#id=7822.2,https://safitwebapps.blob.core.windows.net/$web/Striping%20Drawings/02_Numbered_Street/18th%20St/3_18th%20St_STR-7822.2%20%28Valencia%20St%20to%20Harrison%20St%29.pdf,,,,,
high,7936,4_18th St_STR-7936 (San Bruno Ave to Connecticut St).pdf,18TH ST,SAN BRUNO AVE,CONNECTICUT ST,8,between,,yes,2025-06-05,https://civic-joy-fund.github.io/block-party/striping/#id=7936,https://safitwebapps.blob.core.windows.net/$web/Striping%20Drawings/02_Numbered_Street/18th%20St/4_18th%20St_STR-7936%20%28San%20Bruno%20Ave%20to%20Connecticut%20St%29.pdf,,,,,
high,7936.1,5_18th St_STR-7936.1 (Connecticut St to Illinois St).pdf,18TH ST,CONNECTICUT ST,ILLINOIS ST,11,between,,yes,2025-06-05,https://civic-joy-fund.github.io/block-party/striping/#id=7936.1,https://safitwebapps.blob.core.windows.net/$web/Striping%20Drawings/02_Numbered_Street/18th%20St/5_18th%20St_STR-7936.1%20%28Connecticut%20St%20to%20Illinois%20St%29.pdf,,,,,
high,8323,19th Ave_STR-8323 (Fulton St to Clement St).pdf,19TH AVE,FULTON ST,CLEMENT ST,5,between,,yes,2025-06-14,https://civic-joy-fund.github.io/block-party/striping/#id=8323,https://safitwebapps.blob.core.windows.net/$web/Striping%20Drawings/01_Numbered_Avenue/19th%20Ave/19th%20Ave_STR-8323%20%28Fulton%20St%20to%20Clement%20St%29.pdf,,,,,
high,8323.1,19th Ave_STR-8323.1 (Clement St to Lake St).pdf,19TH AVE,CLEMENT ST,LAKE ST,2,between,,yes,2024-08-15,https://civic-joy-fund.github.io/block-party/striping/#id=8323.1,https://safitwebapps.blob.core.windows.net/$web/Striping%20Drawings/01_Numbered_Avenue/19th%20Ave/19th%20Ave_STR-8323.1%20%28Clement%20St%20to%20Lake%20St%29.pdf,,,,,
high,8138,19th St_Str-8138 (San Bruno Ave to Missouri St).pdf,19TH ST,SAN BRUNO AVE,MISSOURI ST,8,between,,yes,2024-08-15,https://civic-joy-fund.github.io/block-party/striping/#id=8138,https://safitwebapps.blob.core.windows.net/$web/Striping%20Drawings/02_Numbered_Street/19th%20St/19th%20St_Str-8138%20%28San%20Bruno%20Ave%20to%20Missouri%20St%29.pdf,,,,,
high,8138.1,19th St_Str-8138.1 (Missouri St to Illinois St).pdf,19TH ST,MISSOURI ST,ILLINOIS ST,9,between,,yes,2026-08-05,https://civic-joy-fund.github.io/block-party/striping/#id=8138.1,https://safitwebapps.blob.core.windows.net/$web/Striping%20Drawings/02_Numbered_Street/19th%20St/19th%20St_Str-8138.1%20%28Missouri%20St%20to%20Illinois%20St%29.pdf,,,,,
high,8203,19th St_STR-8203 (Market St to Castro St) .pdf,19TH ST,MARKET ST,CASTRO ST,13,between,,yes,2026-08-11,https://civic-joy-fund.github.io/block-party/striping/#id=8203,https://safitwebapps.blob.core.windows.net/$web/Striping%20Drawings/02_Numbered_Street/19th%20St/19th%20St_STR-8203%20%28Market%20St%20to%20Castro%20St%29%20.pdf,,,,,
high,8203.1,19th St_STR-8203.1 (Castro St to Guerrero St).pdf,19TH ST,CASTRO ST,GUERRERO ST,10,between,,yes,2025-03-18,https://civic-joy-fund.github.io/block-party/striping/#id=8203.1,https://safitwebapps.blob.core.windows.net/$web/Striping%20Drawings/02_Numbered_Street/19th%20St/19th%20St_STR-8203.1%20%28Castro%20St%20to%20Guerrero%20St%29.pdf,,,,,
high,8203.2,19th St_STR-8203.2 (Guerrero St to Treat Ave)r13.pdf,19TH ST,GUERRERO ST,TREAT AVE,13,between,,yes,2026-08-11,https://civic-joy-fund.github.io/block-party/striping/#id=8203.2,https://safitwebapps.blob.core.windows.net/$web/Striping%20Drawings/02_Numbered_Street/19th%20St/19th%20St_STR-8203.2%20%28Guerrero%20St%20to%20Treat%20Ave%29r13.pdf,,,,,
high,8203.3,19th St_STR-8203.3 (Harrison St to Potrero Ave).pdf,19TH ST,HARRISON ST,POTRERO AVE,7,between,,yes,2026-08-05,https://civic-joy-fund.github.io/block-party/striping/#id=8203.3,https://safitwebapps.blob.core.windows.net/$web/Striping%20Drawings/02_Numbered_Street/19th%20St/19th%20St_STR-8203.3%20%28Harrison%20St%20to%20Potrero%20Ave%29.pdf,,,,,
high,7829,20th Ave_Str-7829 (Lincoln Way to Kirkham St).pdf,20TH AVE,LINCOLN WAY,KIRKHAM ST,3,between,,yes,2026-03-19,https://civic-joy-fund.github.io/block-party/striping/#id=7829,https://safitwebapps.blob.core.windows.net/$web/Striping%20Drawings/01_Numbered_Avenue/20th%20Ave/20th%20Ave_Str-7829%20%28Lincoln%20Way%20to%20Kirkham%20St%29.pdf,,,,,
high,7829.1,20th Ave_Str-7829.1 (Kirkham St to Ortega St).pdf,20TH AVE,KIRKHAM ST,ORTEGA ST,4,between,,yes,2024-08-15,https://civic-joy-fund.github.io/block-party/striping/#id=7829.1,https://safitwebapps.blob.core.windows.net/$web/Striping%20Drawings/01_Numbered_Avenue/20th%20Ave/20th%20Ave_Str-7829.1%20%28Kirkham%20St%20to%20Ortega%20St%29.pdf,,,,,
high,7829.2,20th Ave_Str-7829.2 (Ortega St to Santiago St).pdf,20TH AVE,ORTEGA ST,SANTIAGO ST,4,between,,yes,2024-08-15,https://civic-joy-fund.github.io/block-party/striping/#id=7829.2,https://safitwebapps.blob.core.windows.net/$web/Striping%20Drawings/01_Numbered_Avenue/20th%20Ave/20th%20Ave_Str-7829.2%20%28Ortega%20St%20to%20Santiago%20St%29.pdf,,,,,
high,7829.3,20th Ave_Str-7829.3 (Santiago St to Wawona St).pdf,20TH AVE,SANTIAGO ST,WAWONA ST,4,between,,yes,2025-10-08,https://civic-joy-fund.github.io/block-party/striping/#id=7829.3,https://safitwebapps.blob.core.windows.net/$web/Striping%20Drawings/01_Numbered_Avenue/20th%20Ave/20th%20Ave_Str-7829.3%20%28Santiago%20St%20to%20Wawona%20St%29.pdf,,,,,
high,7999,20th St_Str-7999 (Diamond St to Collingwood St).pdf,20TH ST,DIAMOND ST,COLLINGWOOD ST,1,between,,yes,2024-08-15,https://civic-joy-fund.github.io/block-party/striping/#id=7999,https://safitwebapps.blob.core.windows.net/$web/Striping%20Drawings/02_Numbered_Street/20th%20St/20th%20St_Str-7999%20%28Diamond%20St%20to%20Collingwood%20St%29.pdf,,,,,
high,8139,20th St_Str-8139 (San Bruno St to Texas St).pdf,20TH ST,SAN BRUNO AVE,TEXAS ST,11,between,,yes,2026-10-01,https://civic-joy-fund.github.io/block-party/striping/#id=8139,https://safitwebapps.blob.core.windows.net/$web/Striping%20Drawings/02_Numbered_Street/20th%20St/20th%20St_Str-8139%20%28San%20Bruno%20St%20to%20Texas%20St%29.pdf,,,,,
high,8139.1,20th St_Str-8139.1 (Texas St to Tennessee St).pdf,20TH ST,TEXAS ST,TENNESSEE ST,6,between,,yes,2025-09-28,https://civic-joy-fund.github.io/block-party/striping/#id=8139.1,https://safitwebapps.blob.core.windows.net/$web/Striping%20Drawings/02_Numbered_Street/20th%20St/20th%20St_Str-8139.1%20%28Texas%20St%20to%20Tennessee%20St%29.pdf,,,,,
high,8139.2,20th St_Str-8139.2 (Tennessee St to Maryland St).pdf,20TH ST,TENNESSEE ST,MARYLAND ST,7,between,,yes,2025-09-28,https://civic-joy-fund.github.io/block-party/striping/#id=8139.2,https://safitwebapps.blob.core.windows.net/$web/Striping%20Drawings/02_Numbered_Street/20th%20St/20th%20St_Str-8139.2%20%28Tennessee%20St%20to%20Maryland%20St%29.pdf,,,,,
high,8364.1,20th St_Str-8364.1 (Church St to Mission St).pdf,20TH ST,CHURCH ST,MISSION ST,7,between,,yes,2026-07-10,https://civic-joy-fund.github.io/block-party/striping/#id=8364.1,https://safitwebapps.blob.core.windows.net/$web/Striping%20Drawings/02_Numbered_Street/20th%20St/20th%20St_Str-8364.1%20%28Church%20St%20to%20Mission%20St%29.pdf,,,,,
high,8364.2,20th St_Str-8364.2 (Mission St to Potrero Ave).pdf,20TH ST,MISSION ST,POTRERO AVE,14,between,,yes,2026-03-05,https://civic-joy-fund.github.io/block-party/striping/#id=8364.2,https://safitwebapps.blob.core.windows.net/$web/Striping%20Drawings/02_Numbered_Street/20th%20St/20th%20St_Str-8364.2%20%28Mission%20St%20to%20Potrero%20Ave%29.pdf,,,,,
high,8167,21st Ave_STR-8167 (Fulton St to Geary Blvd).pdf,21ST AVE,FULTON ST,GEARY BLVD,4,between,,yes,2024-08-15,https://civic-joy-fund.github.io/block-party/striping/#id=8167,https://safitwebapps.blob.core.windows.net/$web/Striping%20Drawings/01_Numbered_Avenue/21st%20Ave/21st%20Ave_STR-8167%20%28Fulton%20St%20to%20Geary%20Blvd%29.pdf,,,,,
high,8167.1,21st Ave_STR-8167.1 (Geary Blvd to Lake St) r3.pdf,21ST AVE,GEARY BLVD,LAKE ST,3,between,,yes,2024-08-15,https://civic-joy-fund.github.io/block-party/striping/#id=8167.1,https://safitwebapps.blob.core.windows.net/$web/Striping%20Drawings/01_Numbered_Avenue/21st%20Ave/21st%20Ave_STR-8167.1%20%28Geary%20Blvd%20to%20Lake%20St%29%20r3.pdf,,,,,
high,4261,21st st_str-4261 (Folsom St to Guerrero St) rev21_see Joce Suhaimi 2026-08-11.pdf,21ST ST,FOLSOM ST,GUERRERO ST,12,between,,yes,2026-08-12,https://civic-joy-fund.github.io/block-party/striping/#id=4261,https://safitwebapps.blob.core.windows.net/$web/Striping%20Drawings/02_Numbered_Street/21st%20St/21st%20st_str-4261%20%28Folsom%20St%20to%20Guerrero%20St%29%20rev21_see%20Joce%20Suhaimi%202026-08-11.pdf,,,,,
high,8415,21st St_STR-8415 (Grand View Ave to Eureka St).pdf,21ST ST,GRAND VIEW AVE,EUREKA ST,3,between,,yes,2024-08-15,https://civic-joy-fund.github.io/block-party/striping/#id=8415,https://safitwebapps.blob.core.windows.net/$web/Striping%20Drawings/02_Numbered_Street/21st%20St/21st%20St_STR-8415%20%28Grand%20View%20Ave%20to%20Eureka%20St%29.pdf,,,,,
high,8415.1,21st St_STR-8415.1 (Eureka St to Chattanooga St).pdf,21ST ST,EUREKA ST,CHATTANOOGA ST,9,between,,yes,2024-08-15,https://civic-joy-fund.github.io/block-party/striping/#id=8415.1,https://safitwebapps.blob.core.windows.net/$web/Striping%20Drawings/02_Numbered_Street/21st%20St/21st%20St_STR-8415.1%20%28Eureka%20St%20to%20Chattanooga%20St%29.pdf,,,,,
high,8415.2,21st St_STR-8415.2 (Chattanooga St to South Van Ness Ave).pdf,21ST ST,CHATTANOOGA ST,SOUTH VAN NESS AVE,14,between,,yes,2025-06-05,https://civic-joy-fund.github.io/block-party/striping/#id=8415.2,https://safitwebapps.blob.core.windows.net/$web/Striping%20Drawings/02_Numbered_Street/21st%20St/21st%20St_STR-8415.2%20%28Chattanooga%20St%20to%20South%20Van%20Ness%20Ave%29.pdf,,,,,
high,7982,22nd Ave_Str-7982 (Santiago St to Taraval St).pdf,22ND AVE,SANTIAGO ST,TARAVAL ST,1,between,,yes,2024-08-15,https://civic-joy-fund.github.io/block-party/striping/#id=7982,https://safitwebapps.blob.core.windows.net/$web/Striping%20Drawings/01_Numbered_Avenue/22nd%20Ave/22nd%20Ave_Str-7982%20%28Santiago%20St%20to%20Taraval%20St%29.pdf,,,,,
high,8132,22nd Ave_STR-8132 (Eucalyptus Dr to Ulloa St).pdf,22ND AVE,EUCALYPTUS DR,ULLOA ST,4,between,,yes,2024-08-15,https://civic-joy-fund.github.io/block-party/striping/#id=8132,https://safitwebapps.blob.core.windows.net/$web/Striping%20Drawings/01_Numbered_Avenue/22nd%20Ave/22nd%20Ave_STR-8132%20%28Eucalyptus%20Dr%20to%20Ulloa%20St%29.pdf,,,,,
high,8170,22nd Ave_STR-8170 (Fulton St  to West Clay St)r8.pdf,22ND AVE,FULTON ST,WEST CLAY ST,9,between,,yes,2026-01-03,https://civic-joy-fund.github.io/block-party/striping/#id=8170,https://safitwebapps.blob.core.windows.net/$web/Striping%20Drawings/01_Numbered_Avenue/22nd%20Ave/22nd%20Ave_STR-8170%20%28Fulton%20St%20%20to%20West%20Clay%20St%29r8.pdf,,,,,
high,8170.1,22nd Ave_STR-8170.1 (Geary Blvd to West Clay St).pdf,22ND AVE,GEARY BLVD,WEST CLAY ST,5,between,,yes,2024-08-15,https://civic-joy-fund.github.io/block-party/striping/#id=8170.1,https://safitwebapps.blob.core.windows.net/$web/Striping%20Drawings/01_Numbered_Avenue/22nd%20Ave/22nd%20Ave_STR-8170.1%20%28Geary%20Blvd%20to%20West%20Clay%20St%29.pdf,,,,,
high,7706.2,Str-7706.2 22nd st (Sanchez St to Valencia St)r13.pdf,22ND ST,SANCHEZ ST,VALENCIA ST,11,between,,yes,2026-09-01,https://civic-joy-fund.github.io/block-party/striping/#id=7706.2,https://safitwebapps.blob.core.windows.net/$web/Striping%20Drawings/02_Numbered_Street/22nd%20St/Str-7706.2%2022nd%20st%20%28Sanchez%20St%20to%20Valencia%20St%29r13.pdf,,,,,
high,7706.3,Str-7706.3_22nd St (Bartlett St to Alabama St).pdf,22ND ST,BARTLETT ST,ALABAMA ST,10,between,,yes,2025-11-20,https://civic-joy-fund.github.io/block-party/striping/#id=7706.3,https://safitwebapps.blob.core.windows.net/$web/Striping%20Drawings/02_Numbered_Street/22nd%20St/Str-7706.3_22nd%20St%20%28Bartlett%20St%20to%20Alabama%20St%29.pdf,,,,,
high,7706.4,Str-7706.4_22nd St (Alabama St to Kansas St).pdf,22ND ST,ALABAMA ST,KANSAS ST,9,between,,yes,2026-08-29,https://civic-joy-fund.github.io/block-party/striping/#id=7706.4,https://safitwebapps.blob.core.windows.net/$web/Striping%20Drawings/02_Numbered_Street/22nd%20St/Str-7706.4_22nd%20St%20%28Alabama%20St%20to%20Kansas%20St%29.pdf,,,,,
high,7706.5,Str-7706.5_22nd st (Kansas St to Pennsylvania St).pdf,22ND ST,KANSAS ST,PENNSYLVANIA AVE,8,between,,yes,2025-04-16,https://civic-joy-fund.github.io/block-party/striping/#id=7706.5,https://safitwebapps.blob.core.windows.net/$web/Striping%20Drawings/02_Numbered_Street/22nd%20St/Str-7706.5_22nd%20st%20%28Kansas%20St%20to%20Pennsylvania%20St%29.pdf,,,,,
high,7706.6,Str-7706.6_22nd st (Pennsylvania St to Michigan St).pdf,22ND ST,PENNSYLVANIA AVE,MICHIGAN ST,9,between,,yes,2026-07-08,https://civic-joy-fund.github.io/block-party/striping/#id=7706.6,https://safitwebapps.blob.core.windows.net/$web/Striping%20Drawings/02_Numbered_Street/22nd%20St/Str-7706.6_22nd%20st%20%28Pennsylvania%20St%20to%20Michigan%20St%29.pdf,,,,,
high,7828,23rd Ave_STR-7828 (Lake St to Geary Blvd) rev8.pdf,23RD AVE,LAKE ST,GEARY BLVD,3,between,,yes,2024-08-15,https://civic-joy-fund.github.io/block-party/striping/#id=7828,https://safitwebapps.blob.core.windows.net/$web/Striping%20Drawings/01_Numbered_Avenue/23rd%20Ave/23rd%20Ave_STR-7828%20%28Lake%20St%20to%20Geary%20Blvd%29%20rev8.pdf,,,,,
high,7828.1,23rd Ave_STR-7828.1 (Geary Blvd to Fulton St).pdf,23RD AVE,GEARY BLVD,FULTON ST,4,between,,yes,2025-03-12,https://civic-joy-fund.github.io/block-party/striping/#id=7828.1,https://safitwebapps.blob.core.windows.net/$web/Striping%20Drawings/01_Numbered_Avenue/23rd%20Ave/23rd%20Ave_STR-7828.1%20%28Geary%20Blvd%20to%20Fulton%20St%29.pdf,,,,,
high,4262,23RD ST_STR-4262 (Guerrero St to Folsom St).pdf,23RD ST,GUERRERO ST,FOLSOM ST,11,between,,yes,2026-09-03,https://civic-joy-fund.github.io/block-party/striping/#id=4262,https://safitwebapps.blob.core.windows.net/$web/Striping%20Drawings/02_Numbered_Street/23rd%20St/23RD%20ST_STR-4262%20%28Guerrero%20St%20to%20Folsom%20St%29.pdf,,,,,
high,7872,23rd St_Str-7872 (Potrero Ave to Missouri St).pdf,23RD ST,POTRERO AVE,MISSOURI ST,12,between,,yes,2025-05-28,https://civic-joy-fund.github.io/block-party/striping/#id=7872,https://safitwebapps.blob.core.windows.net/$web/Striping%20Drawings/02_Numbered_Street/23rd%20St/23rd%20St_Str-7872%20%28Potrero%20Ave%20to%20Missouri%20St%29.pdf,,,,,
high,7883,23rd St_Str-7883 (Hoffman Ave to Castro St).pdf,23RD ST,HOFFMAN AVE,CASTRO ST,4,between,,yes,2024-08-15,https://civic-joy-fund.github.io/block-party/striping/#id=7883,https://safitwebapps.blob.core.windows.net/$web/Striping%20Drawings/02_Numbered_Street/23rd%20St/23rd%20St_Str-7883%20%28Hoffman%20Ave%20to%20Castro%20St%29.pdf,,,,,
high,8168,24th Ave_STR-8168 (Fulton St to Geary Blvd).pdf,24TH AVE,FULTON ST,GEARY BLVD,4,between,,yes,2026-01-14,https://civic-joy-fund.github.io/block-party/striping/#id=8168,https://safitwebapps.blob.core.windows.net/$web/Striping%20Drawings/01_Numbered_Avenue/24th%20Ave/24th%20Ave_STR-8168%20%28Fulton%20St%20to%20Geary%20Blvd%29.pdf,,,,,
high,8168.1,24th Ave_STR-8168.1 (Geary Blvd to West Clay St).pdf,24TH AVE,GEARY BLVD,WEST CLAY ST,4,between,,yes,2026-01-14,https://civic-joy-fund.github.io/block-party/striping/#id=8168.1,https://safitwebapps.blob.core.windows.net/$web/Striping%20Drawings/01_Numbered_Avenue/24th%20Ave/24th%20Ave_STR-8168.1%20%28Geary%20Blvd%20to%20West%20Clay%20St%29.pdf,,,,,
high,8319,24th Ave_STR-8319 (Wawona St to Rivera St).pdf,24TH AVE,WAWONA ST,RIVERA ST,5,between,,yes,2026-04-01,https://civic-joy-fund.github.io/block-party/striping/#id=8319,https://safitwebapps.blob.core.windows.net/$web/Striping%20Drawings/01_Numbered_Avenue/24th%20Ave/24th%20Ave_STR-8319%20%28Wawona%20St%20to%20Rivera%20St%29.pdf,,,,,
high,8319.1,24th Ave_STR-8319.1(Rivera St to Ortega St).pdf,24TH AVE,RIVERA ST,ORTEGA ST,3,between,,yes,2026-04-01,https://civic-joy-fund.github.io/block-party/striping/#id=8319.1,https://safitwebapps.blob.core.windows.net/$web/Striping%20Drawings/01_Numbered_Avenue/24th%20Ave/24th%20Ave_STR-8319.1%28Rivera%20St%20to%20Ortega%20St%29.pdf,,,,,
high,2719,24th st_str-2719 (Douglass St to Chattanooga St).pdf,24TH ST,DOUGLASS ST,CHATTANOOGA ST,11,between,,yes,2026-09-23,https://civic-joy-fund.github.io/block-party/striping/#id=2719,https://safitwebapps.blob.core.windows.net/$web/Striping%20Drawings/02_Numbered_Street/24th%20St/24th%20st_str-2719%20%28Douglass%20St%20to%20Chattanooga%20St%29.pdf,,,,,
high,7977.2,24th St_Str-7977.2 (Dolores St to South Van Ness Ave).pdf,24TH ST,DOLORES ST,SOUTH VAN NESS AVE,17,between,,yes,2025-08-28,https://civic-joy-fund.github.io/block-party/striping/#id=7977.2,https://safitwebapps.blob.core.windows.net/$web/Striping%20Drawings/02_Numbered_Street/24th%20St/24th%20St_Str-7977.2%20%28Dolores%20St%20to%20South%20Van%20Ness%20Ave%29.pdf,,,,,
high,7977.3,24th St_Str-7977.3 (York St to South Van Ness).pdf,24TH ST,YORK ST,SOUTH VAN NESS AVE,13,between,,yes,2025-04-09,https://civic-joy-fund.github.io/block-party/striping/#id=7977.3,https://safitwebapps.blob.core.windows.net/$web/Striping%20Drawings/02_Numbered_Street/24th%20St/24th%20St_Str-7977.3%20%28York%20St%20to%20South%20Van%20Ness%29.pdf,,,,,
high,7977.4,24th St_Str-7977.4 (York St to De Haro St).pdf,24TH ST,YORK ST,DE HARO ST,7,between,,yes,2025-09-18,https://civic-joy-fund.github.io/block-party/striping/#id=7977.4,https://safitwebapps.blob.core.windows.net/$web/Striping%20Drawings/02_Numbered_Street/24th%20St/24th%20St_Str-7977.4%20%28York%20St%20to%20De%20Haro%20St%29.pdf,,,,,
high,8416,25th Ave_ Str-8416 (Eucalyptus Dr to Ulloa St).pdf,25TH AVE,EUCALYPTUS DR,ULLOA ST,5,between,,yes,2026-09-19,https://civic-joy-fund.github.io/block-party/striping/#id=8416,https://safitwebapps.blob.core.windows.net/$web/Striping%20Drawings/01_Numbered_Avenue/25th%20Ave/25th%20Ave_%20Str-8416%20%28Eucalyptus%20Dr%20to%20Ulloa%20St%29.pdf,,,,,
high,8416.3,25th Ave_Str-8416.3 (Judah St to Lincoln Way).pdf,25TH AVE,JUDAH ST,LINCOLN WAY,2,between,,yes,2026-07-07,https://civic-joy-fund.github.io/block-party/striping/#id=8416.3,https://safitwebapps.blob.core.windows.net/$web/Striping%20Drawings/01_Numbered_Avenue/25th%20Ave/25th%20Ave_Str-8416.3%20%28Judah%20St%20to%20Lincoln%20Way%29.pdf,,,,,
high,7763.1,Str-7763.1_25th Ave (Geary Blvd to Fulton St).pdf,25TH AVE,GEARY BLVD,FULTON ST,4,between,,yes,2025-01-16,https://civic-joy-fund.github.io/block-party/striping/#id=7763.1,https://safitwebapps.blob.core.windows.net/$web/Striping%20Drawings/01_Numbered_Avenue/25th%20Ave/Str-7763.1_25th%20Ave%20%28Geary%20Blvd%20to%20Fulton%20St%29.pdf,,,,,
high,7763,Str-7763_25th Ave (Scenic Way to Geary Blvd).pdf,25TH AVE,SCENIC WAY,GEARY BLVD,7,between,,yes,2025-04-05,https://civic-joy-fund.github.io/block-party/striping/#id=7763,https://safitwebapps.blob.core.windows.net/$web/Striping%20Drawings/01_Numbered_Avenue/25th%20Ave/Str-7763_25th%20Ave%20%28Scenic%20Way%20to%20Geary%20Blvd%29.pdf,,,,,
high,7806,Str-7806_25th Ave (Lincoln Way to MLK).pdf,25TH AVE,LINCOLN WAY,MARTIN LUTHER KING JR DR,1,between,,yes,2024-08-15,https://civic-joy-fund.github.io/block-party/striping/#id=7806,https://safitwebapps.blob.core.windows.net/$web/Striping%20Drawings/01_Numbered_Avenue/25th%20Ave/Str-7806_25th%20Ave%20%28Lincoln%20Way%20to%20MLK%29.pdf,,,,,
high,4252,25th St_STR-4252 (Guerrero St to Folsom St)r16_see Ellen Robinson 2026-06-15.pdf,25TH ST,GUERRERO ST,FOLSOM ST,18,between,,yes,2026-06-16,https://civic-joy-fund.github.io/block-party/striping/#id=4252,https://safitwebapps.blob.core.windows.net/$web/Striping%20Drawings/02_Numbered_Street/25th%20St/25th%20St_STR-4252%20%28Guerrero%20St%20to%20Folsom%20St%29r16_see%20Ellen%20Robinson%202026-06-15.pdf,,,,,
high,8143,25th St_STR-8143(Grand View Ave to Michigan St).pdf,25TH ST,GRAND VIEW AVE,MICHIGAN ST,58,between,,yes,2024-08-15,https://civic-joy-fund.github.io/block-party/striping/#id=8143,https://safitwebapps.blob.core.windows.net/$web/Striping%20Drawings/02_Numbered_Street/25th%20St/25th%20St_STR-8143%28Grand%20View%20Ave%20to%20Michigan%20St%29.pdf,,,,,
high,8143.1,25th St_STR-8143.1(Castro St to Guerrero St).pdf,25TH ST,CASTRO ST,GUERRERO ST,9,between,,yes,2025-06-19,https://civic-joy-fund.github.io/block-party/striping/#id=8143.1,https://safitwebapps.blob.core.windows.net/$web/Striping%20Drawings/02_Numbered_Street/25th%20St/25th%20St_STR-8143.1%28Castro%20St%20to%20Guerrero%20St%29.pdf,,,,,
high,8143.4,25th St_STR-8143.4 (Vermont St to Mississippi St).pdf,25TH ST,VERMONT ST,MISSISSIPPI ST,9,between,,yes,2026-05-27,https://civic-joy-fund.github.io/block-party/striping/#id=8143.4,https://safitwebapps.blob.core.windows.net/$web/Striping%20Drawings/02_Numbered_Street/25th%20St/25th%20St_STR-8143.4%20%28Vermont%20St%20to%20Mississippi%20St%29.pdf,,,,,
high,7940,STR-7940 26th Ave (California St to Clement St).pdf,26TH AVE,CALIFORNIA ST,CLEMENT ST,1,between,,yes,2026-04-18,https://civic-joy-fund.github.io/block-party/striping/#id=7940,https://safitwebapps.blob.core.windows.net/$web/Striping%20Drawings/01_Numbered_Avenue/26th%20Ave/STR-7940%2026th%20Ave%20%28California%20St%20to%20Clement%20St%29.pdf,,,,,
high,8032,26th St Str-8032 (Douglass St to Church St).pdf,26TH ST,DOUGLASS ST,CHURCH ST,5,between,,yes,2025-07-09,https://civic-joy-fund.github.io/block-party/striping/#id=8032,https://safitwebapps.blob.core.windows.net/$web/Striping%20Drawings/02_Numbered_Street/26th%20St/26th%20St%20Str-8032%20%28Douglass%20St%20to%20Church%20St%29.pdf,,,,,
high,8032.1,26th St_Str-8032.1 (Church St to Guerrero St).pdf,26TH ST,CHURCH ST,GUERRERO ST,3,between,,yes,2024-08-15,https://civic-joy-fund.github.io/block-party/striping/#id=8032.1,https://safitwebapps.blob.core.windows.net/$web/Striping%20Drawings/02_Numbered_Street/26th%20St/26th%20St_Str-8032.1%20%28Church%20St%20to%20Guerrero%20St%29.pdf,,,,,
high,8032.2,26th St_Str-8032.2 (Guerrero St to Folsom St)r6.pdf,26TH ST,GUERRERO ST,FOLSOM ST,18,between,,yes,2026-08-28,https://civic-joy-fund.github.io/block-party/striping/#id=8032.2,https://safitwebapps.blob.core.windows.net/$web/Striping%20Drawings/02_Numbered_Street/26th%20St/26th%20St_Str-8032.2%20%28Guerrero%20St%20to%20Folsom%20St%29r6.pdf,,,,,
high,8032.3,26th St_Str-8032.3 (Folsom St to Hampshire St).pdf,26TH ST,FOLSOM ST,HAMPSHIRE ST,10,between,,yes,2025-02-15,https://civic-joy-fund.github.io/block-party/striping/#id=8032.3,https://safitwebapps.blob.core.windows.net/$web/Striping%20Drawings/02_Numbered_Street/26th%20St/26th%20St_Str-8032.3%20%28Folsom%20St%20to%20Hampshire%20St%29.pdf,,,,,
high,8072,26th St_Str-8072 (Vermont St to Connecticut St).pdf,26TH ST,VERMONT ST,CONNECTICUT ST,7,between,,yes,2026-04-02,https://civic-joy-fund.github.io/block-party/striping/#id=8072,https://safitwebapps.blob.core.windows.net/$web/Striping%20Drawings/02_Numbered_Street/26th%20St/26th%20St_Str-8072%20%28Vermont%20St%20to%20Connecticut%20St%29.pdf,,,,,
high,8375.3,27th Ave_STR-8375.3 (Fulton St to Clement St).pdf,27TH AVE,FULTON ST,CLEMENT ST,5,between,,yes,2026-09-22,https://civic-joy-fund.github.io/block-party/striping/#id=8375.3,https://safitwebapps.blob.core.windows.net/$web/Striping%20Drawings/01_Numbered_Avenue/27th%20Ave/27th%20Ave_STR-8375.3%20%28Fulton%20St%20to%20Clement%20St%29.pdf,,,,,
high,8304.1,27th St_Str-8304.1 (Noe St to San Jose Ave) rev3.pdf,27TH ST,NOE ST,SAN JOSE AVE,6,between,,yes,2024-08-15,https://civic-joy-fund.github.io/block-party/striping/#id=8304.1,https://safitwebapps.blob.core.windows.net/$web/Striping%20Drawings/02_Numbered_Street/27th%20St/27th%20St_Str-8304.1%20%28Noe%20St%20to%20San%20Jose%20Ave%29%20rev3.pdf,,,,,
high,8391.2,28th Ave_Str-8391.2 (Noriega St to Judah St).pdf,28TH AVE,NORIEGA ST,JUDAH ST,4,between,,yes,2025-02-28,https://civic-joy-fund.github.io/block-party/striping/#id=8391.2,https://safitwebapps.blob.core.windows.net/$web/Striping%20Drawings/01_Numbered_Avenue/28th%20Ave/28th%20Ave_Str-8391.2%20%28Noriega%20St%20to%20Judah%20St%29.pdf,,,,,
high,8465,28th Ave_Str-8465 (Fulton St to Geary Blvd).pdf,28TH AVE,FULTON ST,GEARY BLVD,4,between,,yes,2025-02-25,https://civic-joy-fund.github.io/block-party/striping/#id=8465,https://safitwebapps.blob.core.windows.net/$web/Striping%20Drawings/01_Numbered_Avenue/28th%20Ave/28th%20Ave_Str-8465%20%28Fulton%20St%20to%20Geary%20Blvd%29.pdf,,,,,
high,8465.1,28th Ave_Str-8465.1 (Geary Blvd to El Camino Del Mar).pdf,28TH AVE,GEARY BLVD,EL CAMINO DEL MAR,5,between,,yes,2026-04-10,https://civic-joy-fund.github.io/block-party/striping/#id=8465.1,https://safitwebapps.blob.core.windows.net/$web/Striping%20Drawings/01_Numbered_Avenue/28th%20Ave/28th%20Ave_Str-8465.1%20%28Geary%20Blvd%20to%20El%20Camino%20Del%20Mar%29.pdf,,,,,
high,8048.1,28TH St_Str-8048.1 (Church St to Guerrero St).pdf,28TH ST,CHURCH ST,GUERRERO ST,2,between,,yes,2024-11-08,https://civic-joy-fund.github.io/block-party/striping/#id=8048.1,https://safitwebapps.blob.core.windows.net/$web/Striping%20Drawings/02_Numbered_Street/28th%20St/28TH%20St_Str-8048.1%20%28Church%20St%20to%20Guerrero%20St%29.pdf,,,,,
high,8133.3,29th Ave_STR-8133.3 (Judah to Lincoln Way).pdf,29TH AVE,JUDAH ST,LINCOLN WAY,2,between,,yes,2025-10-01,https://civic-joy-fund.github.io/block-party/striping/#id=8133.3,https://safitwebapps.blob.core.windows.net/$web/Striping%20Drawings/01_Numbered_Avenue/29th%20Ave/29th%20Ave_STR-8133.3%20%28Judah%20to%20Lincoln%20Way%29.pdf,,,,,
high,8140,29TH ST_STR-8140 (Diamond St to Church St).pdf,29TH ST,DIAMOND ST,CHURCH ST,5,between,,yes,2024-11-02,https://civic-joy-fund.github.io/block-party/striping/#id=8140,https://safitwebapps.blob.core.windows.net/$web/Striping%20Drawings/02_Numbered_Street/29th%20St/29TH%20ST_STR-8140%20%28Diamond%20St%20to%20Church%20St%29.pdf,,,,,
high,8140.1,29th St_STR-8140.1 (Church St to Mission St).pdf,29TH ST,CHURCH ST,MISSION ST,4,between,,yes,2025-11-06,https://civic-joy-fund.github.io/block-party/striping/#id=8140.1,https://safitwebapps.blob.core.windows.net/$web/Striping%20Drawings/02_Numbered_Street/29th%20St/29th%20St_STR-8140.1%20%28Church%20St%20to%20Mission%20St%29.pdf,,,,,
high,7901,30th Ave_Str-7901 (John F Kennedy to Geary St).pdf,30TH AVE,JOHN F KENNEDY DR,GEARY BLVD,6,between,,yes,2026-07-10,https://civic-joy-fund.github.io/block-party/striping/#id=7901,https://safitwebapps.blob.core.windows.net/$web/Striping%20Drawings/01_Numbered_Avenue/30th%20Ave/30th%20Ave_Str-7901%20%28John%20F%20Kennedy%20to%20Geary%20St%29.pdf,,,,,
high,7901.1,30th Ave_Str-7901.1 (Geary Blvd to El Camino Del Mar).pdf,30TH AVE,GEARY BLVD,EL CAMINO DEL MAR,5,between,,yes,2026-09-05,https://civic-joy-fund.github.io/block-party/striping/#id=7901.1,https://safitwebapps.blob.core.windows.net/$web/Striping%20Drawings/01_Numbered_Avenue/30th%20Ave/30th%20Ave_Str-7901.1%20%28Geary%20Blvd%20to%20El%20Camino%20Del%20Mar%29.pdf,,,,,
high,8091.2,30th Ave_Str-8091.2 (Ortega St to Kirkham St).pdf,30TH AVE,ORTEGA ST,KIRKHAM ST,4,between,,yes,2026-09-05,https://civic-joy-fund.github.io/block-party/striping/#id=8091.2,https://safitwebapps.blob.core.windows.net/$web/Striping%20Drawings/01_Numbered_Avenue/30th%20Ave/30th%20Ave_Str-8091.2%20%28Ortega%20St%20to%20Kirkham%20St%29.pdf,,,,,
high,7969,30th St_STR-7969 (Noe St to Mission St).pdf,30TH ST,NOE ST,MISSION ST,12,between,,yes,2025-11-01,https://civic-joy-fund.github.io/block-party/striping/#id=7969,https://safitwebapps.blob.core.windows.net/$web/Striping%20Drawings/02_Numbered_Street/30th%20St/30th%20St_STR-7969%20%28Noe%20St%20to%20Mission%20St%29.pdf,,,,,
high,8480.2,31st Ave_STR-8480.2 (Ortega St to Judah St).pdf,31ST AVE,ORTEGA ST,JUDAH ST,5,between,,yes,2026-04-16,https://civic-joy-fund.github.io/block-party/striping/#id=8480.2,https://safitwebapps.blob.core.windows.net/$web/Striping%20Drawings/01_Numbered_Avenue/31st%20Ave/31st%20Ave_STR-8480.2%20%28Ortega%20St%20to%20Judah%20St%29.pdf,,,,,
high,8480.3,31st Ave_STR-8480.3 (Judah St to Lincoln Way).pdf,31ST AVE,JUDAH ST,LINCOLN WAY,2,between,,yes,2026-07-07,https://civic-joy-fund.github.io/block-party/striping/#id=8480.3,https://safitwebapps.blob.core.windows.net/$web/Striping%20Drawings/01_Numbered_Avenue/31st%20Ave/31st%20Ave_STR-8480.3%20%28Judah%20St%20to%20Lincoln%20Way%29.pdf,,,,,
high,6374,32nd Ave_Str-6374 (Motorcycle Stalls North of Anza).pdf,32ND AVE,ANZA ST,,3,intersection,,yes,2024-08-15,https://civic-joy-fund.github.io/block-party/striping/#id=6374,https://safitwebapps.blob.core.windows.net/$web/Striping%20Drawings/01_Numbered_Avenue/32nd%20Ave/32nd%20Ave_Str-6374%20%28Motorcycle%20Stalls%20North%20of%20Anza%29.pdf,,,,,
high,8088.1,32nd Ave_Str-8088.1 (Geary Blvd to El Camino Del Mar).pdf,32ND AVE,GEARY BLVD,EL CAMINO DEL MAR,4,between,,yes,2026-02-12,https://civic-joy-fund.github.io/block-party/striping/#id=8088.1,https://safitwebapps.blob.core.windows.net/$web/Striping%20Drawings/01_Numbered_Avenue/32nd%20Ave/32nd%20Ave_Str-8088.1%20%28Geary%20Blvd%20to%20El%20Camino%20Del%20Mar%29.pdf,,,,,
high,2655,33rd ave_Str-2655 (at Noriega-parking stalls).pdf,33RD AVE,NORIEGA ST,,4,intersection,,yes,2024-08-15,https://civic-joy-fund.github.io/block-party/striping/#id=2655,https://safitwebapps.blob.core.windows.net/$web/Striping%20Drawings/01_Numbered_Avenue/33rd%20Ave/33rd%20ave_Str-2655%20%28at%20Noriega-parking%20stalls%29.pdf,,,,,
high,8090,33rd Ave_Str-8090 (Wawona St to Santiago St).pdf,33RD AVE,WAWONA ST,SANTIAGO ST,4,between,,yes,2024-08-15,https://civic-joy-fund.github.io/block-party/striping/#id=8090,https://safitwebapps.blob.core.windows.net/$web/Striping%20Drawings/01_Numbered_Avenue/33rd%20Ave/33rd%20Ave_Str-8090%20%28Wawona%20St%20to%20Santiago%20St%29.pdf,,,,,
high,8090.1,33rd ave_Str-8090.1 (Santiago St to Ortega St).pdf,33RD AVE,SANTIAGO ST,ORTEGA ST,4,between,,yes,2024-08-15,https://civic-joy-fund.github.io/block-party/striping/#id=8090.1,https://safitwebapps.blob.core.windows.net/$web/Striping%20Drawings/01_Numbered_Avenue/33rd%20Ave/33rd%20ave_Str-8090.1%20%28Santiago%20St%20to%20Ortega%20St%29.pdf,,,,,
high,8090.3,33rd Ave_Str-8090.3 (Kirkham St to Cabrillo St).pdf,33RD AVE,KIRKHAM ST,CABRILLO ST,4,between,,yes,2026-07-10,https://civic-joy-fund.github.io/block-party/striping/#id=8090.3,https://safitwebapps.blob.core.windows.net/$web/Striping%20Drawings/01_Numbered_Avenue/33rd%20Ave/33rd%20Ave_Str-8090.3%20%28Kirkham%20St%20to%20Cabrillo%20St%29.pdf,,,,,
high,7840,34thAve_Str-7840 (Cabrillo St to Clement).pdf,34TH AVE,CABRILLO ST,CLEMENT ST,4,between,,yes,2025-11-01,https://civic-joy-fund.github.io/block-party/striping/#id=7840,https://safitwebapps.blob.core.windows.net/$web/Striping%20Drawings/01_Numbered_Avenue/34th%20Ave/34thAve_Str-7840%20%28Cabrillo%20St%20to%20Clement%29.pdf,,,,,
high,7963,34thAve_Str-7963 (Sloat Blvd to Taraval St).pdf,34TH AVE,SLOAT BLVD,TARAVAL ST,6,between,,yes,2026-05-19,https://civic-joy-fund.github.io/block-party/striping/#id=7963,https://safitwebapps.blob.core.windows.net/$web/Striping%20Drawings/01_Numbered_Avenue/34th%20Ave/34thAve_Str-7963%20%28Sloat%20Blvd%20to%20Taraval%20St%29.pdf,,,,,
high,7963.1,34thAve_Str-7963.1 (Taraval St to Pacheco St).pdf,34TH AVE,TARAVAL ST,PACHECO ST,4,between,,yes,2025-11-01,https://civic-joy-fund.github.io/block-party/striping/#id=7963.1,https://safitwebapps.blob.core.windows.net/$web/Striping%20Drawings/01_Numbered_Avenue/34th%20Ave/34thAve_Str-7963.1%20%28Taraval%20St%20to%20Pacheco%20St%29.pdf,,,,,
high,7963.2,34thAve_Str-7963.2 (Pacheco St to Kirkham St).pdf,34TH AVE,PACHECO ST,KIRKHAM ST,5,between,,yes,2024-08-15,https://civic-joy-fund.github.io/block-party/striping/#id=7963.2,https://safitwebapps.blob.core.windows.net/$web/Striping%20Drawings/01_Numbered_Avenue/34th%20Ave/34thAve_Str-7963.2%20%28Pacheco%20St%20to%20Kirkham%20St%29.pdf,,,,,
high,7963.3,34thAve_Str-7963.3 (Kirkham St to Lincoln Way).pdf,34TH AVE,KIRKHAM ST,LINCOLN WAY,3,between,,yes,2026-05-02,https://civic-joy-fund.github.io/block-party/striping/#id=7963.3,https://safitwebapps.blob.core.windows.net/$web/Striping%20Drawings/01_Numbered_Avenue/34th%20Ave/34thAve_Str-7963.3%20%28Kirkham%20St%20to%20Lincoln%20Way%29.pdf,,,,,
high,8479,35th Ave_STR-8479 (Sloat Blvd to Taraval St).pdf,35TH AVE,SLOAT BLVD,TARAVAL ST,6,between,,yes,2026-05-19,https://civic-joy-fund.github.io/block-party/striping/#id=8479,https://safitwebapps.blob.core.windows.net/$web/Striping%20Drawings/01_Numbered_Avenue/35th%20Ave/35th%20Ave_STR-8479%20%28Sloat%20Blvd%20to%20Taraval%20St%29.pdf,,,,,
high,8243,36th Ave_ STR-8243 (Sloat Blvd to Taraval St).pdf,36TH AVE,SLOAT BLVD,TARAVAL ST,5,between,,yes,2025-11-01,https://civic-joy-fund.github.io/block-party/striping/#id=8243,https://safitwebapps.blob.core.windows.net/$web/Striping%20Drawings/01_Numbered_Avenue/36th%20Ave/36th%20Ave_%20STR-8243%20%28Sloat%20Blvd%20to%20Taraval%20St%29.pdf,,,,,
high,8243.1,36th Ave_ STR-8243.1 (Taraval St to Pacheco St).pdf,36TH AVE,TARAVAL ST,PACHECO ST,4,between,,yes,2026-02-25,https://civic-joy-fund.github.io/block-party/striping/#id=8243.1,https://safitwebapps.blob.core.windows.net/$web/Striping%20Drawings/01_Numbered_Avenue/36th%20Ave/36th%20Ave_%20STR-8243.1%20%28Taraval%20St%20to%20Pacheco%20St%29.pdf,,,,,
high,8243.3,36th Ave_ Str-8243.3 (Lawton St to Lincoln Way).pdf,36TH AVE,LAWTON ST,LINCOLN WAY,5,between,,yes,2026-07-10,https://civic-joy-fund.github.io/block-party/striping/#id=8243.3,https://safitwebapps.blob.core.windows.net/$web/Striping%20Drawings/01_Numbered_Avenue/36th%20Ave/36th%20Ave_%20Str-8243.3%20%28Lawton%20St%20to%20Lincoln%20Way%29.pdf,,,,,
high,6392,36th Ave_STR-6392 (36th_ave Fulton to JFK).pdf,36TH AVE,36TH AVE,JOHN F KENNEDY DR,2,between,,yes,2024-08-15,https://civic-joy-fund.github.io/block-party/striping/#id=6392,https://safitwebapps.blob.core.windows.net/$web/Striping%20Drawings/01_Numbered_Avenue/36th%20Ave/36th%20Ave_STR-6392%20%2836th_ave%20Fulton%20to%20JFK%29.pdf,,,,,
high,8259,36th Ave_STR-8259 (Fulton St to Geary Blvd).pdf,36TH AVE,FULTON ST,GEARY BLVD,7,between,,yes,2026-07-10,https://civic-joy-fund.github.io/block-party/striping/#id=8259,https://safitwebapps.blob.core.windows.net/$web/Striping%20Drawings/01_Numbered_Avenue/36th%20Ave/36th%20Ave_STR-8259%20%28Fulton%20St%20to%20Geary%20Blvd%29.pdf,,,,,
high,8259.1,36th Ave_STR-8259.1 (Geary Blvd to Clement St).pdf,36TH AVE,GEARY BLVD,CLEMENT ST,4,between,,yes,2024-08-15,https://civic-joy-fund.github.io/block-party/striping/#id=8259.1,https://safitwebapps.blob.core.windows.net/$web/Striping%20Drawings/01_Numbered_Avenue/36th%20Ave/36th%20Ave_STR-8259.1%20%28Geary%20Blvd%20to%20Clement%20St%29.pdf,,,,,
high,8026.1,37th Ave_STR-8026.1 (Taraval St to Pacheco St).pdf,37TH AVE,TARAVAL ST,PACHECO ST,4,between,,yes,2026-07-10,https://civic-joy-fund.github.io/block-party/striping/#id=8026.1,https://safitwebapps.blob.core.windows.net/$web/Striping%20Drawings/01_Numbered_Avenue/37th%20Ave/37th%20Ave_STR-8026.1%20%28Taraval%20St%20to%20Pacheco%20St%29.pdf,,,,,
high,8260,37th Ave_STR-8260 (Fulton St to Anza St).pdf,37TH AVE,FULTON ST,ANZA ST,3,between,,yes,2026-07-07,https://civic-joy-fund.github.io/block-party/striping/#id=8260,https://safitwebapps.blob.core.windows.net/$web/Striping%20Drawings/01_Numbered_Avenue/37th%20Ave/37th%20Ave_STR-8260%20%28Fulton%20St%20to%20Anza%20St%29.pdf,,,,,
high,8300.2,38th Ave_STR-8300.2 (Lawton St to Lincoln Way).pdf,38TH AVE,LAWTON ST,LINCOLN WAY,4,between,,yes,2026-06-18,https://civic-joy-fund.github.io/block-party/striping/#id=8300.2,https://safitwebapps.blob.core.windows.net/$web/Striping%20Drawings/01_Numbered_Avenue/38th%20Ave/38th%20Ave_STR-8300.2%20%28Lawton%20St%20to%20Lincoln%20Way%29.pdf,,,,,
high,8300.3,38th Ave_STR-8300.3 (Fulton St to Geary Blvd).pdf,38TH AVE,FULTON ST,GEARY BLVD,6,between,,yes,2026-02-06,https://civic-joy-fund.github.io/block-party/striping/#id=8300.3,https://safitwebapps.blob.core.windows.net/$web/Striping%20Drawings/01_Numbered_Avenue/38th%20Ave/38th%20Ave_STR-8300.3%20%28Fulton%20St%20to%20Geary%20Blvd%29.pdf,,,,,
high,8194.1,39th Ave_STR-8194.1 (Taraval St to Quintara St).pdf,39TH AVE,TARAVAL ST,QUINTARA ST,3,between,,yes,2024-08-15,https://civic-joy-fund.github.io/block-party/striping/#id=8194.1,https://safitwebapps.blob.core.windows.net/$web/Striping%20Drawings/01_Numbered_Avenue/39th%20Ave/39th%20Ave_STR-8194.1%20%28Taraval%20St%20to%20Quintara%20St%29.pdf,,,,,
high,8194.4,39th Ave_STR-8194.4 (Fulton St to Geary Blvd) r2.pdf,39TH AVE,FULTON ST,GEARY BLVD,4,between,,yes,2024-08-15,https://civic-joy-fund.github.io/block-party/striping/#id=8194.4,https://safitwebapps.blob.core.windows.net/$web/Striping%20Drawings/01_Numbered_Avenue/39th%20Ave/39th%20Ave_STR-8194.4%20%28Fulton%20St%20to%20Geary%20Blvd%29%20r2.pdf,,,,,
high,8262.1,41st Ave_STR-8262.1 (Rivera St to Ortega St).pdf,41ST AVE,RIVERA ST,ORTEGA ST,3,between,,yes,2025-04-05,https://civic-joy-fund.github.io/block-party/striping/#id=8262.1,https://safitwebapps.blob.core.windows.net/$web/Striping%20Drawings/01_Numbered_Avenue/41st%20Ave/41st%20Ave_STR-8262.1%20%28Rivera%20St%20to%20Ortega%20St%29.pdf,,,,,
high,8262.3,41st Ave_STR-8262.3 (Kirkham St to Lincoln Way ).pdf,41ST AVE,KIRKHAM ST,LINCOLN WAY,3,between,,yes,2025-04-05,https://civic-joy-fund.github.io/block-party/striping/#id=8262.3,https://safitwebapps.blob.core.windows.net/$web/Striping%20Drawings/01_Numbered_Avenue/41st%20Ave/41st%20Ave_STR-8262.3%20%28Kirkham%20St%20to%20Lincoln%20Way%20%29.pdf,,,,,
high,8245,42nd Ave_STR-8245 (Fulton St to Geary Blvd).pdf,42ND AVE,FULTON ST,GEARY BLVD,5,between,,yes,2026-07-29,https://civic-joy-fund.github.io/block-party/striping/#id=8245,https://safitwebapps.blob.core.windows.net/$web/Striping%20Drawings/01_Numbered_Avenue/42nd%20Ave/42nd%20Ave_STR-8245%20%28Fulton%20St%20to%20Geary%20Blvd%29.pdf,,,,,
high,8317,42nd Ave_STR-8317 (Sloat Blvd to Taraval St)r0.pdf,42ND AVE,SLOAT BLVD,TARAVAL ST,4,between,,yes,2026-08-07,https://civic-joy-fund.github.io/block-party/striping/#id=8317,https://safitwebapps.blob.core.windows.net/$web/Striping%20Drawings/01_Numbered_Avenue/42nd%20Ave/42nd%20Ave_STR-8317%20%28Sloat%20Blvd%20to%20Taraval%20St%29r0.pdf,,,,,
high,8317.1,42nd Ave_STR-8317.1 (Taraval St to Ortega St).pdf,42ND AVE,TARAVAL ST,ORTEGA ST,5,between,,yes,2026-08-07,https://civic-joy-fund.github.io/block-party/striping/#id=8317.1,https://safitwebapps.blob.core.windows.net/$web/Striping%20Drawings/01_Numbered_Avenue/42nd%20Ave/42nd%20Ave_STR-8317.1%20%28Taraval%20St%20to%20Ortega%20St%29.pdf,,,,,
high,8317.3,42nd Ave_STR-8317.3 (Kirkham St to Lincoln Way).pdf,42ND AVE,KIRKHAM ST,LINCOLN WAY,3,between,,yes,2026-07-24,https://civic-joy-fund.github.io/block-party/striping/#id=8317.3,https://safitwebapps.blob.core.windows.net/$web/Striping%20Drawings/01_Numbered_Avenue/42nd%20Ave/42nd%20Ave_STR-8317.3%20%28Kirkham%20St%20to%20Lincoln%20Way%29.pdf,,,,,
high,7899,43rd Ave_Str-7899 (Cabrillo St to Fulton St).pdf,43RD AVE,CABRILLO ST,FULTON ST,1,between,,yes,2025-06-10,https://civic-joy-fund.github.io/block-party/striping/#id=7899,https://safitwebapps.blob.core.windows.net/$web/Striping%20Drawings/01_Numbered_Avenue/43rd%20Ave/43rd%20Ave_Str-7899%20%28Cabrillo%20St%20to%20Fulton%20St%29.pdf,,,,,
high,8195.2,43rd Ave_STR-8195.2 (Ortega St to Kirkham St)r4.pdf,43RD AVE,ORTEGA ST,KIRKHAM ST,4,between,,yes,2026-03-31,https://civic-joy-fund.github.io/block-party/striping/#id=8195.2,https://safitwebapps.blob.core.windows.net/$web/Striping%20Drawings/01_Numbered_Avenue/43rd%20Ave/43rd%20Ave_STR-8195.2%20%28Ortega%20St%20to%20Kirkham%20St%29r4.pdf,,,,,
high,8244,44th Ave_STR-8244 (Sloat Blvd to Santiago St).pdf,44TH AVE,SLOAT BLVD,SANTIAGO ST,5,between,,yes,2026-09-23,https://civic-joy-fund.github.io/block-party/striping/#id=8244,https://safitwebapps.blob.core.windows.net/$web/Striping%20Drawings/01_Numbered_Avenue/44th%20Ave/44th%20Ave_STR-8244%20%28Sloat%20Blvd%20to%20Santiago%20St%29.pdf,,,,,
high,8244.1,44th Ave_STR-8244.1 (Santiago St to Pacheco St).pdf,44TH AVE,SANTIAGO ST,PACHECO ST,3,between,,yes,2026-09-02,https://civic-joy-fund.github.io/block-party/striping/#id=8244.1,https://safitwebapps.blob.core.windows.net/$web/Striping%20Drawings/01_Numbered_Avenue/44th%20Ave/44th%20Ave_STR-8244.1%20%28Santiago%20St%20to%20Pacheco%20St%29.pdf,,,,,
high,8244.2,44th Ave_STR-8244.2 (Pacheco St to Lawton St).pdf,44TH AVE,PACHECO ST,LAWTON ST,4,between,,yes,2026-09-02,https://civic-joy-fund.github.io/block-party/striping/#id=8244.2,https://safitwebapps.blob.core.windows.net/$web/Striping%20Drawings/01_Numbered_Avenue/44th%20Ave/44th%20Ave_STR-8244.2%20%28Pacheco%20St%20to%20Lawton%20St%29.pdf,,,,,
high,8244.3,44th Ave_STR-8244.3 (Lawton St to Lincoln Way).pdf,44TH AVE,LAWTON ST,LINCOLN WAY,4,between,,yes,2026-05-21,https://civic-joy-fund.github.io/block-party/striping/#id=8244.3,https://safitwebapps.blob.core.windows.net/$web/Striping%20Drawings/01_Numbered_Avenue/44th%20Ave/44th%20Ave_STR-8244.3%20%28Lawton%20St%20to%20Lincoln%20Way%29.pdf,,,,,
high,8497,45th Ave_STR-8497 (Wawona St to Santiago St).pdf,45TH AVE,WAWONA ST,SANTIAGO ST,5,between,,yes,2025-07-01,https://civic-joy-fund.github.io/block-party/striping/#id=8497,https://safitwebapps.blob.core.windows.net/$web/Striping%20Drawings/01_Numbered_Avenue/45th%20Ave/45th%20Ave_STR-8497%20%28Wawona%20St%20to%20Santiago%20St%29.pdf,,,,,
high,8497.1,45th Ave_STR-8497.1 (Santiago St to Ortega St).pdf,45TH AVE,SANTIAGO ST,ORTEGA ST,4,between,,yes,2025-07-01,https://civic-joy-fund.github.io/block-party/striping/#id=8497.1,https://safitwebapps.blob.core.windows.net/$web/Striping%20Drawings/01_Numbered_Avenue/45th%20Ave/45th%20Ave_STR-8497.1%20%28Santiago%20St%20to%20Ortega%20St%29.pdf,,,,,
high,8497.2,45th Ave_STR-8497.2 (Ortega St to Kirkham St)r0.pdf,45TH AVE,ORTEGA ST,KIRKHAM ST,4,between,,yes,2026-06-16,https://civic-joy-fund.github.io/block-party/striping/#id=8497.2,https://safitwebapps.blob.core.windows.net/$web/Striping%20Drawings/01_Numbered_Avenue/45th%20Ave/45th%20Ave_STR-8497.2%20%28Ortega%20St%20to%20Kirkham%20St%29r0.pdf,,,,,
high,8213.1,46th Ave_STR-8213.1 (Ulloa St to Quintara St).pdf,46TH AVE,ULLOA ST,QUINTARA ST,4,between,,yes,2026-08-07,https://civic-joy-fund.github.io/block-party/striping/#id=8213.1,https://safitwebapps.blob.core.windows.net/$web/Striping%20Drawings/01_Numbered_Avenue/46th%20Ave/46th%20Ave_STR-8213.1%20%28Ulloa%20St%20to%20Quintara%20St%29.pdf,,,,,
high,8213.3,46th Ave_STR-8213.3 (Lawton St to Lincoln Way).pdf,46TH AVE,LAWTON ST,LINCOLN WAY,4,between,,yes,2026-08-07,https://civic-joy-fund.github.io/block-party/striping/#id=8213.3,https://safitwebapps.blob.core.windows.net/$web/Striping%20Drawings/01_Numbered_Avenue/46th%20Ave/46th%20Ave_STR-8213.3%20%28Lawton%20St%20to%20Lincoln%20Way%29.pdf,,,,,
high,6703,Str-6703_46th Ave (Balboa St to Anza St).pdf,46TH AVE,BALBOA ST,ANZA ST,2,between,,yes,2024-08-15,https://civic-joy-fund.github.io/block-party/striping/#id=6703,https://safitwebapps.blob.core.windows.net/$web/Striping%20Drawings/01_Numbered_Avenue/46th%20Ave/Str-6703_46th%20Ave%20%28Balboa%20St%20to%20Anza%20St%29.pdf,,,,,
high,7898,47th Ave_Str-7898 (Cabrillo St to Fulton St).pdf,47TH AVE,CABRILLO ST,FULTON ST,1,between,,yes,2024-08-15,https://civic-joy-fund.github.io/block-party/striping/#id=7898,https://safitwebapps.blob.core.windows.net/$web/Striping%20Drawings/01_Numbered_Avenue/47th%20Ave/47th%20Ave_Str-7898%20%28Cabrillo%20St%20to%20Fulton%20St%29.pdf,,,,,
high,8100,48th Ave_ Str-8100 (Fulton St to Geary Blvd).pdf,48TH AVE,FULTON ST,GEARY BLVD,4,between,,yes,2025-04-01,https://civic-joy-fund.github.io/block-party/striping/#id=8100,https://safitwebapps.blob.core.windows.net/$web/Striping%20Drawings/01_Numbered_Avenue/48th%20Ave/48th%20Ave_%20Str-8100%20%28Fulton%20St%20to%20Geary%20Blvd%29.pdf,,,,,
high,5887,Str-5887_48th Ave (at Anza-pavement marking).pdf,48TH AVE,ANZA ST,,3,intersection,,yes,2024-08-15,https://civic-joy-fund.github.io/block-party/striping/#id=5887,https://safitwebapps.blob.core.windows.net/$web/Striping%20Drawings/01_Numbered_Avenue/48th%20Ave/Str-5887_48th%20Ave%20%28at%20Anza-pavement%20marking%29.pdf,,,,,
high,7949,Adair St_Str-7949 (Capp St to South VanNess Ave).pdf,ADAIR ST,CAPP ST,SOUTH VAN NESS AVE,1,between,,yes,2024-08-15,https://civic-joy-fund.github.io/block-party/striping/#id=7949,https://safitwebapps.blob.core.windows.net/$web/Striping%20Drawings/A_Streets/Adair%20St/Adair%20St_Str-7949%20%28Capp%20St%20to%20South%20VanNess%20Ave%29.pdf,,,,,
high,7799,Addison St_Str-7799 (Farnum St to Digby St).pdf,ADDISON ST,FARNUM ST,DIGBY ST,1,between,,yes,2024-08-15,https://civic-joy-fund.github.io/block-party/striping/#id=7799,https://safitwebapps.blob.core.windows.net/$web/Striping%20Drawings/A_Streets/Addison%20St/Addison%20St_Str-7799%20%28Farnum%20St%20to%20Digby%20St%29.pdf,,,,,
high,7799.1,Addison St_Str-7799.1 (Digby St to Bemis St).pdf,ADDISON ST,DIGBY ST,BEMIS ST,2,between,,yes,2024-08-15,https://civic-joy-fund.github.io/block-party/striping/#id=7799.1,https://safitwebapps.blob.core.windows.net/$web/Striping%20Drawings/A_Streets/Addison%20St/Addison%20St_Str-7799.1%20%28Digby%20St%20to%20Bemis%20St%29.pdf,,,,,
high,7723,Alabama St_Str-7723 (Precita Ave to Esmeralda Avenue)_see Alabama 8246 corridor file.pdf,ALABAMA ST,PRECITA AVE,ESMERALDA AVE,7,between,,yes,2024-08-15,https://civic-joy-fund.github.io/block-party/striping/#id=7723,https://safitwebapps.blob.core.windows.net/$web/Striping%20Drawings/A_Streets/Alabama%20St/Alabama%20St_Str-7723%20%28Precita%20Ave%20to%20Esmeralda%20Avenue%29_see%20Alabama%208246%20corridor%20file.pdf,,,,,
high,8426.1,Alabama St_Str-8426.1 (Cesar Chavez to 22nd St).pdf,ALABAMA ST,CESAR CHAVEZ ST,22ND ST,6,between,,yes,2025-02-22,https://civic-joy-fund.github.io/block-party/striping/#id=8426.1,https://safitwebapps.blob.core.windows.net/$web/Striping%20Drawings/A_Streets/Alabama%20St/Alabama%20St_Str-8426.1%20%28Cesar%20Chavez%20to%2022nd%20St%29.pdf,,,,,
high,8426.2,Alabama St_Str-8426.2 (22nd St to 17th St).pdf,ALABAMA ST,22ND ST,17TH ST,6,between,,yes,2025-02-15,https://civic-joy-fund.github.io/block-party/striping/#id=8426.2,https://safitwebapps.blob.core.windows.net/$web/Striping%20Drawings/A_Streets/Alabama%20St/Alabama%20St_Str-8426.2%20%2822nd%20St%20to%2017th%20St%29.pdf,,,,,
high,8346,Alemany Blvd_STR-8346 (Junipero Serra Blvd to Ramsell St).pdf,ALEMANY BLVD,JUNIPERO SERRA BLVD,RAMSELL ST,8,between,,yes,2024-11-28,https://civic-joy-fund.github.io/block-party/striping/#id=8346,https://safitwebapps.blob.core.windows.net/$web/Striping%20Drawings/A_Streets/Alemany%20Blvd/Alemany%20Blvd_STR-8346%20%28Junipero%20Serra%20Blvd%20to%20Ramsell%20St%29.pdf,,,,,
high,8346.1,Alemany Blvd_STR-8346.1 (Ramsell St to Brotherhood Way).pdf,ALEMANY BLVD,RAMSELL ST,BROTHERHOOD WAY,5,between,,yes,2024-11-28,https://civic-joy-fund.github.io/block-party/striping/#id=8346.1,https://safitwebapps.blob.core.windows.net/$web/Striping%20Drawings/A_Streets/Alemany%20Blvd/Alemany%20Blvd_STR-8346.1%20%28Ramsell%20St%20to%20Brotherhood%20Way%29.pdf,,,,,
high,8346.2,Alemany Blvd_STR-8346.2 (Brotherhood Way to San Jose Ave).pdf,ALEMANY BLVD,BROTHERHOOD WAY,SAN JOSE AVE,9,between,,yes,2025-08-12,https://civic-joy-fund.github.io/block-party/striping/#id=8346.2,https://safitwebapps.blob.core.windows.net/$web/Striping%20Drawings/A_Streets/Alemany%20Blvd/Alemany%20Blvd_STR-8346.2%20%28Brotherhood%20Way%20to%20San%20Jose%20Ave%29.pdf,,,,,
high,8346.3,Alemany Blvd_STR-8346.3 (San Jose Ave to Laura St).pdf,ALEMANY BLVD,SAN JOSE AVE,LAURA ST,10,between,,yes,2024-08-15,https://civic-joy-fund.github.io/block-party/striping/#id=8346.3,https://safitwebapps.blob.core.windows.net/$web/Striping%20Drawings/A_Streets/Alemany%20Blvd/Alemany%20Blvd_STR-8346.3%20%28San%20Jose%20Ave%20to%20Laura%20St%29.pdf,,,,,
high,8346.7,Alemany Blvd_STR-8346.7 (Santa Rosa to Rousseau)R.pdf,ALEMANY BLVD,SANTA ROSA AVE,ROUSSEAU ST,15,between,,yes,2026-07-07,https://civic-joy-fund.github.io/block-party/striping/#id=8346.7,https://safitwebapps.blob.core.windows.net/$web/Striping%20Drawings/A_Streets/Alemany%20Blvd/Alemany%20Blvd_STR-8346.7%20%28Santa%20Rosa%20to%20Rousseau%29R.pdf,,,,,
high,8346.8,Alemany Blvd_STR-8346.8 (Rousseau St to Justin Dr).pdf,ALEMANY BLVD,ROUSSEAU ST,JUSTIN DR,4,between,,yes,2025-11-18,https://civic-joy-fund.github.io/block-party/striping/#id=8346.8,https://safitwebapps.blob.core.windows.net/$web/Striping%20Drawings/A_Streets/Alemany%20Blvd/Alemany%20Blvd_STR-8346.8%20%28Rousseau%20St%20to%20Justin%20Dr%29.pdf,,,,,
high,8110,Alhambra St_Str-8110 (Scott St to Cervantes Blvd).pdf,ALHAMBRA ST,SCOTT ST,CERVANTES BLVD,4,between,,yes,2024-08-15,https://civic-joy-fund.github.io/block-party/striping/#id=8110,https://safitwebapps.blob.core.windows.net/$web/Striping%20Drawings/A_Streets/Alhambra%20St/Alhambra%20St_Str-8110%20%28Scott%20St%20to%20Cervantes%20Blvd%29.pdf,,,,,
high,8430,Allison St_Str-8430 (Hanover St to Mission St) rev0.pdf,ALLISON ST,HANOVER ST,MISSION ST,5,between,,yes,2024-08-15,https://civic-joy-fund.github.io/block-party/striping/#id=8430,https://safitwebapps.blob.core.windows.net/$web/Striping%20Drawings/A_Streets/Allison%20St/Allison%20St_Str-8430%20%28Hanover%20St%20to%20Mission%20St%29%20rev0.pdf,,,,,
high,7989,"Alpha St_Str-7989 (Goettingen, Tioga, Wilde intersection) rev0.pdf",ALPHA ST,WILDE AVE,,2,intersection,,yes,2024-08-15,https://civic-joy-fund.github.io/block-party/striping/#id=7989,https://safitwebapps.blob.core.windows.net/$web/Striping%20Drawings/A_Streets/Alpha%20St/Alpha%20St_Str-7989%20%28Goettingen%2C%20Tioga%2C%20Wilde%20intersection%29%20rev0.pdf,,,,,
high,8409,Alviso St_STR-8409 (Holloway Ave to Urbano Dr).pdf,ALVISO ST,HOLLOWAY AVE,URBANO DR,2,between,,yes,2024-08-15,https://civic-joy-fund.github.io/block-party/striping/#id=8409,https://safitwebapps.blob.core.windows.net/$web/Striping%20Drawings/A_Streets/Alviso%20St/Alviso%20St_STR-8409%20%28Holloway%20Ave%20to%20Urbano%20Dr%29.pdf,,,,,
high,5138,Andover st_Str-5138 (Cortland Ave to Crescent Ave).pdf,ANDOVER ST,CORTLAND AVE,CRESCENT AVE,8,between,,yes,2026-05-19,https://civic-joy-fund.github.io/block-party/striping/#id=5138,https://safitwebapps.blob.core.windows.net/$web/Striping%20Drawings/A_Streets/Andover%20St/Andover%20st_Str-5138%20%28Cortland%20Ave%20to%20Crescent%20Ave%29.pdf,,,,,
high,8241.1,Anza St_STR-8241.1 (39th Ave to 30th Ave).pdf,ANZA ST,39TH AVE,30TH AVE,7,between,,yes,2024-11-28,https://civic-joy-fund.github.io/block-party/striping/#id=8241.1,https://safitwebapps.blob.core.windows.net/$web/Striping%20Drawings/A_Streets/Anza%20St/Anza%20St_STR-8241.1%20%2839th%20Ave%20to%2030th%20Ave%29.pdf,,,,,
high,8241.2,Anza St_STR-8241.2 (30th Ave to 21st Ave).pdf,ANZA ST,30TH AVE,21ST AVE,10,between,,yes,2024-11-28,https://civic-joy-fund.github.io/block-party/striping/#id=8241.2,https://safitwebapps.blob.core.windows.net/$web/Striping%20Drawings/A_Streets/Anza%20St/Anza%20St_STR-8241.2%20%2830th%20Ave%20to%2021st%20Ave%29.pdf,,,,,
high,8241.4,Anza St_Str-8241.4 (Funston Ave to 4th Ave).pdf,ANZA ST,FUNSTON AVE,04TH AVE,12,between,,yes,2025-12-24,https://civic-joy-fund.github.io/block-party/striping/#id=8241.4,https://safitwebapps.blob.core.windows.net/$web/Striping%20Drawings/A_Streets/Anza%20St/Anza%20St_Str-8241.4%20%28Funston%20Ave%20to%204th%20Ave%29.pdf,,,,,
high,8241.5,Anza St_Str-8241.5 (4th Ave to Spruce St).pdf,ANZA ST,04TH AVE,SPRUCE ST,12,between,,yes,2025-12-24,https://civic-joy-fund.github.io/block-party/striping/#id=8241.5,https://safitwebapps.blob.core.windows.net/$web/Striping%20Drawings/A_Streets/Anza%20St/Anza%20St_Str-8241.5%20%284th%20Ave%20to%20Spruce%20St%29.pdf,,,,,
high,8241.6,Anza St_Str-8241.6 (Cook St to Masonic Ave).pdf,ANZA ST,COOK ST,MASONIC AVE,5,between,,yes,2025-12-24,https://civic-joy-fund.github.io/block-party/striping/#id=8241.6,https://safitwebapps.blob.core.windows.net/$web/Striping%20Drawings/A_Streets/Anza%20St/Anza%20St_Str-8241.6%20%28Cook%20St%20to%20Masonic%20Ave%29.pdf,,,,,
high,8035,Anza Vista_Str-8035 (O'Farrell St to Baker St).pdf,ANZAVISTA AVE,OFARRELL ST,BAKER ST,7,between,,yes,2025-02-27,https://civic-joy-fund.github.io/block-party/striping/#id=8035,https://safitwebapps.blob.core.windows.net/$web/Striping%20Drawings/A_Streets/AnzaVista%20Ave/Anza%20Vista_Str-8035%20%28O%27Farrell%20St%20to%20Baker%20St%29.pdf,,,,,
high,8469,Aptos Ave Str-8469 (Ocean Ave to Darien Way).pdf,APTOS AVE,OCEAN AVE,DARIEN WAY,2,between,,yes,2024-08-15,https://civic-joy-fund.github.io/block-party/striping/#id=8469,https://safitwebapps.blob.core.windows.net/$web/Striping%20Drawings/A_Streets/Aptos%20Ave/Aptos%20Ave%20Str-8469%20%28Ocean%20Ave%20to%20Darien%20Way%29.pdf,,,,,
high,1549,Arballo Dr_Str-1549 (Pinto Ave).pdf,ARBALLO DR,PINTO AVE,,3,intersection,,yes,2026-09-17,https://civic-joy-fund.github.io/block-party/striping/#id=1549,https://safitwebapps.blob.core.windows.net/$web/Striping%20Drawings/A_Streets/Arballo%20Dr/Arballo%20Dr_Str-1549%20%28Pinto%20Ave%29.pdf,,,,,
high,8147,Arguello Blvd_Str-8147 (Conservatory Dr to Anza St).pdf,ARGUELLO BLVD,CONSERVATORY DR,ANZA ST,7,between,,yes,2026-09-24,https://civic-joy-fund.github.io/block-party/striping/#id=8147,https://safitwebapps.blob.core.windows.net/$web/Striping%20Drawings/A_Streets/Arguello%20Blvd/Arguello%20Blvd_Str-8147%20%28Conservatory%20Dr%20to%20Anza%20St%29.pdf,,,,,
high,8147.1,Arguello Blvd_Str-8147.1 (Anza St to Clay St).pdf,ARGUELLO BLVD,ANZA ST,CLAY ST,10,between,,yes,2026-07-17,https://civic-joy-fund.github.io/block-party/striping/#id=8147.1,https://safitwebapps.blob.core.windows.net/$web/Striping%20Drawings/A_Streets/Arguello%20Blvd/Arguello%20Blvd_Str-8147.1%20%28Anza%20St%20to%20Clay%20St%29.pdf,,,,,
high,8147.2,Arguello blvd_Str-8147.2 (Clay St to Jackson St).pdf,ARGUELLO BLVD,CLAY ST,JACKSON ST,2,between,,yes,2024-11-28,https://civic-joy-fund.github.io/block-party/striping/#id=8147.2,https://safitwebapps.blob.core.windows.net/$web/Striping%20Drawings/A_Streets/Arguello%20Blvd/Arguello%20blvd_Str-8147.2%20%28Clay%20St%20to%20Jackson%20St%29.pdf,,,,,
high,8171,Arkansas St_Str-8171 (23rd St to 19th St).pdf,ARKANSAS ST,23RD ST,19TH ST,4,between,,yes,2024-11-28,https://civic-joy-fund.github.io/block-party/striping/#id=8171,https://safitwebapps.blob.core.windows.net/$web/Striping%20Drawings/A_Streets/Arkansas%20St/Arkansas%20St_Str-8171%20%2823rd%20St%20to%2019th%20St%29.pdf,,,,,
high,8498,Arleta Ave_STR-8498 (Elliot St to Bayshore Blvd).pdf,ARLETA AVE,ELLIOT ST,BAY SHORE BLVD,4,between,,yes,2025-08-27,https://civic-joy-fund.github.io/block-party/striping/#id=8498,https://safitwebapps.blob.core.windows.net/$web/Striping%20Drawings/A_Streets/Arleta%20Ave/Arleta%20Ave_STR-8498%20%28Elliot%20St%20to%20Bayshore%20Blvd%29.pdf,,,,,
high,6578,Arlington St_STR-6578 (Mateo St to Randall St).pdf,ARLINGTON ST,MATEO ST,RANDALL ST,6,between,,yes,2026-04-29,https://civic-joy-fund.github.io/block-party/striping/#id=6578,https://safitwebapps.blob.core.windows.net/$web/Striping%20Drawings/A_Streets/Arlington%20St/Arlington%20St_STR-6578%20%28Mateo%20St%20to%20Randall%20St%29.pdf,,,,,
high,7632,Arthur_Ave_STR-7632_(Quint St to 3rd St).pdf,ARTHUR AVE,QUINT ST,03RD ST,1,between,,yes,2024-08-15,https://civic-joy-fund.github.io/block-party/striping/#id=7632,https://safitwebapps.blob.core.windows.net/$web/Striping%20Drawings/A_Streets/Arthur%20Ave/Arthur_Ave_STR-7632_%28Quint%20St%20to%203rd%20St%29.pdf,,,,,
high,7903,Ashbury st_Str-7903 (Clayton st to Frederick st).pdf,ASHBURY ST,CLAYTON ST,FREDERICK ST,4,between,,yes,2026-04-17,https://civic-joy-fund.github.io/block-party/striping/#id=7903,https://safitwebapps.blob.core.windows.net/$web/Striping%20Drawings/A_Streets/Ashbury%20St/Ashbury%20st_Str-7903%20%28Clayton%20st%20to%20Frederick%20st%29.pdf,,,,,
high,7903.1,Ashbury st_Str-7903.1 (Frederick St to Oak St) r9.pdf,ASHBURY ST,FREDERICK ST,OAK ST,4,between,,yes,2026-07-25,https://civic-joy-fund.github.io/block-party/striping/#id=7903.1,https://safitwebapps.blob.core.windows.net/$web/Striping%20Drawings/A_Streets/Ashbury%20St/Ashbury%20st_Str-7903.1%20%28Frederick%20St%20to%20Oak%20St%29%20r9.pdf,,,,,
high,8087,Ashton Ave_Str-8087 (Grafton Ave to Ocean Ave).pdf,ASHTON AVE,GRAFTON AVE,OCEAN AVE,7,between,,yes,2025-11-06,https://civic-joy-fund.github.io/block-party/striping/#id=8087,https://safitwebapps.blob.core.windows.net/$web/Striping%20Drawings/A_Streets/Ashton%20Ave/Ashton%20Ave_Str-8087%20%28Grafton%20Ave%20to%20Ocean%20Ave%29.pdf,,,,,
high,5753,Athens St_ Str-5753 (Madison St to Valmar Ter).pdf,ATHENS ST,MADISON ST,VALMAR TER,2,between,,yes,2025-11-01,https://civic-joy-fund.github.io/block-party/striping/#id=5753,https://safitwebapps.blob.core.windows.net/$web/Striping%20Drawings/A_Streets/Athens%20St/Athens%20St_%20Str-5753%20%28Madison%20St%20to%20Valmar%20Ter%29.pdf,,,,,
high,7745,Athens St_Str-7745 (France St to Italy St) rev2_Z Neighborhod Map_Excelsior Neighborhood_see Henry Ly 2023-11-07.pdf,ATHENS ST,FRANCE AVE,ITALY AVE,1,between,,yes,2024-08-15,https://civic-joy-fund.github.io/block-party/striping/#id=7745,https://safitwebapps.blob.core.windows.net/$web/Striping%20Drawings/A_Streets/Athens%20St/Athens%20St_Str-7745%20%28France%20St%20to%20Italy%20St%29%20rev2_Z%20Neighborhod%20Map_Excelsior%20Neighborhood_see%20Henry%20Ly%202023-11-07.pdf,,,,,
high,8312,Athens St_Str-8312 (Naples St to Geneva Ave).pdf,ATHENS ST,NAPLES ST,GENEVA AVE,3,between,,yes,2025-11-01,https://civic-joy-fund.github.io/block-party/striping/#id=8312,https://safitwebapps.blob.core.windows.net/$web/Striping%20Drawings/A_Streets/Athens%20St/Athens%20St_Str-8312%20%28Naples%20St%20to%20Geneva%20Ave%29.pdf,,,,,
high,8312.2,Athens St_Str-8312.2 (Persia Ave to Avalon Ave) rev0.pdf,ATHENS ST,PERSIA AVE,AVALON AVE,4,between,,yes,2024-08-15,https://civic-joy-fund.github.io/block-party/striping/#id=8312.2,https://safitwebapps.blob.core.windows.net/$web/Striping%20Drawings/A_Streets/Athens%20St/Athens%20St_Str-8312.2%20%28Persia%20Ave%20to%20Avalon%20Ave%29%20rev0.pdf,,,,,
high,8031,Austin St_Str-8031 (Octavia St to VanNess Ave).pdf,AUSTIN ST,OCTAVIA ST,VAN NESS AVE,3,between,,yes,2024-08-15,https://civic-joy-fund.github.io/block-party/striping/#id=8031,https://safitwebapps.blob.core.windows.net/$web/Striping%20Drawings/A_Streets/Austin%20St/Austin%20St_Str-8031%20%28Octavia%20St%20to%20VanNess%20Ave%29.pdf,,,,,
high,5311.1,Str-5311.1 Austin Alley (and Polk St)rev0.pdf,AUSTIN ST,POLK ST,,3,intersection,,yes,2024-08-15,https://civic-joy-fund.github.io/block-party/striping/#id=5311.1,https://safitwebapps.blob.core.windows.net/$web/Striping%20Drawings/A_Streets/Austin%20Alley/Str-5311.1%20Austin%20Alley%20%28and%20Polk%20St%29rev0.pdf,,,,,
high,8008,Avalon st_Str-8008 (Moscow St to Peru St).pdf,AVALON AVE,MOSCOW ST,PERU AVE,2,between,,yes,2024-08-15,https://civic-joy-fund.github.io/block-party/striping/#id=8008,https://safitwebapps.blob.core.windows.net/$web/Striping%20Drawings/A_Streets/Avalon%20St/Avalon%20st_Str-8008%20%28Moscow%20St%20to%20Peru%20St%29.pdf,,,,,
high,8318,Bacon St_Str-8318 (Harvard St to Hamilton St).pdf,BACON ST,HARVARD ST,HAMILTON ST,9,between,,yes,2024-08-15,https://civic-joy-fund.github.io/block-party/striping/#id=8318,https://safitwebapps.blob.core.windows.net/$web/Striping%20Drawings/B_Streets/Bacon%20St/Bacon%20St_Str-8318%20%28Harvard%20St%20to%20Hamilton%20St%29.pdf,,,,,
high,8318.1,Bacon St_Str-8318.1 (Hamilton St to Bayshore Blvd).pdf,BACON ST,HAMILTON ST,BAY SHORE BLVD,8,between,,yes,2026-06-23,https://civic-joy-fund.github.io/block-party/striping/#id=8318.1,https://safitwebapps.blob.core.windows.net/$web/Striping%20Drawings/B_Streets/Bacon%20St/Bacon%20St_Str-8318.1%20%28Hamilton%20St%20to%20Bayshore%20Blvd%29.pdf,,,,,
high,7959,Baker St_STR-7959 (Haight St to Turk St).pdf,BAKER ST,HAIGHT ST,TURK ST,11,between,,yes,2026-06-11,https://civic-joy-fund.github.io/block-party/striping/#id=7959,https://safitwebapps.blob.core.windows.net/$web/Striping%20Drawings/B_Streets/Baker%20st/Baker%20St_STR-7959%20%28Haight%20St%20to%20Turk%20St%29.pdf,,,,,
high,7959.1,Baker St_STR-7959.1 (Turk St to Terra Vista Ave).pdf,BAKER ST,TURK ST,TERRA VISTA AVE,3,between,,yes,2025-10-07,https://civic-joy-fund.github.io/block-party/striping/#id=7959.1,https://safitwebapps.blob.core.windows.net/$web/Striping%20Drawings/B_Streets/Baker%20st/Baker%20St_STR-7959.1%20%28Turk%20St%20to%20Terra%20Vista%20Ave%29.pdf,,,,,
high,8079,Baker St_STR-8079 (Vallejo St to Francisco St).pdf,BAKER ST,VALLEJO ST,FRANCISCO ST,8,between,,yes,2025-01-16,https://civic-joy-fund.github.io/block-party/striping/#id=8079,https://safitwebapps.blob.core.windows.net/$web/Striping%20Drawings/B_Streets/Baker%20st/Baker%20St_STR-8079%20%28Vallejo%20St%20to%20Francisco%20St%29.pdf,,,,,
high,8079.1,Baker St_STR-8079.1 (Francisco St to Marina Blvd).pdf,BAKER ST,FRANCISCO ST,MARINA BLVD,7,between,,yes,2026-03-12,https://civic-joy-fund.github.io/block-party/striping/#id=8079.1,https://safitwebapps.blob.core.windows.net/$web/Striping%20Drawings/B_Streets/Baker%20st/Baker%20St_STR-8079.1%20%28Francisco%20St%20to%20Marina%20Blvd%29.pdf,,,,,
high,8424,Baker St_Str-8424 (Geary Blvd to Clay St).pdf,BAKER ST,GEARY BLVD,CLAY ST,8,between,,yes,2025-10-09,https://civic-joy-fund.github.io/block-party/striping/#id=8424,https://safitwebapps.blob.core.windows.net/$web/Striping%20Drawings/B_Streets/Baker%20st/Baker%20St_Str-8424%20%28Geary%20Blvd%20to%20Clay%20St%29.pdf,,,,,
high,8424.1,Baker St_Str-8424.1 (Clay St to Pacific Ave).pdf,BAKER ST,CLAY ST,PACIFIC AVE,3,between,,yes,2024-08-15,https://civic-joy-fund.github.io/block-party/striping/#id=8424.1,https://safitwebapps.blob.core.windows.net/$web/Striping%20Drawings/B_Streets/Baker%20st/Baker%20St_Str-8424.1%20%28Clay%20St%20to%20Pacific%20Ave%29.pdf,,,,,
high,1579.2,Balboa St_Str-1579.2 (9th Ave to Arguello Blvd).pdf,BALBOA ST,09TH AVE,ARGUELLO BLVD,9,between,,yes,2025-08-06,https://civic-joy-fund.github.io/block-party/striping/#id=1579.2,https://safitwebapps.blob.core.windows.net/$web/Striping%20Drawings/B_Streets/Balboa%20st/Balboa%20St_Str-1579.2%20%289th%20Ave%20to%20Arguello%20Blvd%29.pdf,,,,,
high,7943,Balboa St_Str-7943 (Great Highway to 41st Ave).pdf,BALBOA ST,GREAT HWY,41ST AVE,10,between,,yes,2024-08-15,https://civic-joy-fund.github.io/block-party/striping/#id=7943,https://safitwebapps.blob.core.windows.net/$web/Striping%20Drawings/B_Streets/Balboa%20st/Balboa%20St_Str-7943%20%28Great%20Highway%20to%2041st%20Ave%29.pdf,,,,,
high,7943.1,Balboa St_Str-7943.1 (41st Ave to 32nd Ave).pdf,BALBOA ST,41ST AVE,32ND AVE,11,between,,yes,2026-07-14,https://civic-joy-fund.github.io/block-party/striping/#id=7943.1,https://safitwebapps.blob.core.windows.net/$web/Striping%20Drawings/B_Streets/Balboa%20st/Balboa%20St_Str-7943.1%20%2841st%20Ave%20to%2032nd%20Ave%29.pdf,,,,,
high,7943.2,Balboa St_Str-7943.2 (32nd Ave to 22nd Ave) .pdf,BALBOA ST,32ND AVE,22ND AVE,12,between,,yes,2025-10-10,https://civic-joy-fund.github.io/block-party/striping/#id=7943.2,https://safitwebapps.blob.core.windows.net/$web/Striping%20Drawings/B_Streets/Balboa%20st/Balboa%20St_Str-7943.2%20%2832nd%20Ave%20to%2022nd%20Ave%29%20.pdf,,,,,
high,7943.3,Balboa St_Str-7943.3 (22nd Ave to Funston Ave).pdf,BALBOA ST,22ND AVE,FUNSTON AVE,12,between,,yes,2026-07-30,https://civic-joy-fund.github.io/block-party/striping/#id=7943.3,https://safitwebapps.blob.core.windows.net/$web/Striping%20Drawings/B_Streets/Balboa%20st/Balboa%20St_Str-7943.3%20%2822nd%20Ave%20to%20Funston%20Ave%29.pdf,,,,,
high,7943.4,Balboa St_Str-7943.4 (Funston Ave to 9th Ave).pdf,BALBOA ST,FUNSTON AVE,09TH AVE,5,between,,yes,2025-09-04,https://civic-joy-fund.github.io/block-party/striping/#id=7943.4,https://safitwebapps.blob.core.windows.net/$web/Striping%20Drawings/B_Streets/Balboa%20st/Balboa%20St_Str-7943.4%20%28Funston%20Ave%20to%209th%20Ave%29.pdf,,,,,
high,8065,Balceta Ave_Str-8065 (Vasquez Ave to Woodside Ave) Rev0.pdf,BALCETA AVE,VASQUEZ AVE,WOODSIDE AVE,2,between,,yes,2024-08-15,https://civic-joy-fund.github.io/block-party/striping/#id=8065,https://safitwebapps.blob.core.windows.net/$web/Striping%20Drawings/B_Streets/Balceta%20Ave/Balceta%20Ave_Str-8065%20%28Vasquez%20Ave%20to%20Woodside%20Ave%29%20Rev0.pdf,,,,,
high,7923,Barneveld Ave_STR-7923 (Industrial St to Jerrold Ave).pdf,BARNEVELD AVE,INDUSTRIAL ST,JERROLD AVE,8,between,,yes,2024-11-28,https://civic-joy-fund.github.io/block-party/striping/#id=7923,https://safitwebapps.blob.core.windows.net/$web/Striping%20Drawings/B_Streets/Barneveld%20st/Barneveld%20Ave_STR-7923%20%28Industrial%20St%20to%20Jerrold%20Ave%29.pdf,,,,,
high,8512,Barneveld Ave_STR-8512 (Rickard St to Silver Ave).pdf,BARNEVELD AVE,RICKARD ST,SILVER AVE,4,between,,yes,2025-11-14,https://civic-joy-fund.github.io/block-party/striping/#id=8512,https://safitwebapps.blob.core.windows.net/$web/Striping%20Drawings/B_Streets/Barneveld%20st/Barneveld%20Ave_STR-8512%20%28Rickard%20St%20to%20Silver%20Ave%29.pdf,,,,,
high,8205,Bartlett St_STR-8205 (Cesar Chavez St to 21st St)r8.pdf,BARTLETT ST,CESAR CHAVEZ ST,21ST ST,6,between,,yes,2026-08-28,https://civic-joy-fund.github.io/block-party/striping/#id=8205,https://safitwebapps.blob.core.windows.net/$web/Striping%20Drawings/B_Streets/Bartlett%20St/Bartlett%20St_STR-8205%20%28Cesar%20Chavez%20St%20to%2021st%20St%29r8.pdf,,,,,
high,8227,Battery St_Str-8227 (Market St to Broadway).pdf,BATTERY ST,MARKET ST,BROADWAY,13,between,,yes,2026-03-17,https://civic-joy-fund.github.io/block-party/striping/#id=8227,https://safitwebapps.blob.core.windows.net/$web/Striping%20Drawings/B_Streets/Battery%20st/Battery%20St_Str-8227%20%28Market%20St%20to%20Broadway%29.pdf,,,,,
high,7938,Bayshore Blvd_Str-7938 (City and County Limit to Visitacion Ave).pdf,BAY SHORE BLVD,COUNTY LINE,VISITACION AVE,4,between,,yes,2026-03-19,https://civic-joy-fund.github.io/block-party/striping/#id=7938,https://safitwebapps.blob.core.windows.net/$web/Striping%20Drawings/B_Streets/Bayshore%20Blvd/Bayshore%20Blvd_Str-7938%20%28City%20and%20County%20Limit%20to%20Visitacion%20Ave%29.pdf,,,,,
high,7938.1,Bayshore Blvd_Str-7938.1 (Visitacion Ave to San Bruno Ave).pdf,BAY SHORE BLVD,VISITACION AVE,SAN BRUNO AVE,6,between,,yes,2026-03-19,https://civic-joy-fund.github.io/block-party/striping/#id=7938.1,https://safitwebapps.blob.core.windows.net/$web/Striping%20Drawings/B_Streets/Bayshore%20Blvd/Bayshore%20Blvd_Str-7938.1%20%28Visitacion%20Ave%20to%20San%20Bruno%20Ave%29.pdf,,,,,
high,7938.10,Bayshore Blvd_Str-7938.10 (Flower St to Jerrold Ave.pdf,BAY SHORE BLVD,FLOWER ST,JERROLD AVE,12,between,,yes,2025-02-06,https://civic-joy-fund.github.io/block-party/striping/#id=7938.10,https://safitwebapps.blob.core.windows.net/$web/Striping%20Drawings/B_Streets/Bayshore%20Blvd/Bayshore%20Blvd_Str-7938.10%20%28Flower%20St%20to%20Jerrold%20Ave.pdf,,,,,
high,7938.11,Bayshore Blvd_STR-7938.11 (Jerrold Ave to Cesar Chavez St)r9.pdf,BAY SHORE BLVD,JERROLD AVE,CESAR CHAVEZ ST,3,between,,yes,2026-07-23,https://civic-joy-fund.github.io/block-party/striping/#id=7938.11,https://safitwebapps.blob.core.windows.net/$web/Striping%20Drawings/B_Streets/Bayshore%20Blvd/Bayshore%20Blvd_STR-7938.11%20%28Jerrold%20Ave%20to%20Cesar%20Chavez%20St%29r9.pdf,,,,,
high,7938.2,Bayshore Blvd_Str-7938.2 (San Bruno Ave to Hester Ave).pdf,BAY SHORE BLVD,SAN BRUNO AVE,HESTER AVE,5,between,,yes,2026-03-19,https://civic-joy-fund.github.io/block-party/striping/#id=7938.2,https://safitwebapps.blob.core.windows.net/$web/Striping%20Drawings/B_Streets/Bayshore%20Blvd/Bayshore%20Blvd_Str-7938.2%20%28San%20Bruno%20Ave%20to%20Hester%20Ave%29.pdf,,,,,
high,7938.3,Bayshore Blvd_Str-7938.3 (Hester Ave to key Ave).pdf,BAY SHORE BLVD,HESTER AVE,KEY AVE,5,between,,yes,2024-10-08,https://civic-joy-fund.github.io/block-party/striping/#id=7938.3,https://safitwebapps.blob.core.windows.net/$web/Striping%20Drawings/B_Streets/Bayshore%20Blvd/Bayshore%20Blvd_Str-7938.3%20%28Hester%20Ave%20to%20key%20Ave%29.pdf,,,,,
high,7938.4,Bayshore Blvd_Str-7938.4 (key Ave to Wheat St).pdf,BAY SHORE BLVD,KEY AVE,WHEAT ST,2,between,,yes,2024-08-15,https://civic-joy-fund.github.io/block-party/striping/#id=7938.4,https://safitwebapps.blob.core.windows.net/$web/Striping%20Drawings/B_Streets/Bayshore%20Blvd/Bayshore%20Blvd_Str-7938.4%20%28key%20Ave%20to%20Wheat%20St%29.pdf,,,,,
high,7938.5,Bayshore Blvd_Str-7938.5 (Wheat St to Fitzgerald Ave).pdf,BAY SHORE BLVD,WHEAT ST,FITZGERALD AVE,4,between,,yes,2024-08-15,https://civic-joy-fund.github.io/block-party/striping/#id=7938.5,https://safitwebapps.blob.core.windows.net/$web/Striping%20Drawings/B_Streets/Bayshore%20Blvd/Bayshore%20Blvd_Str-7938.5%20%28Wheat%20St%20to%20Fitzgerald%20Ave%29.pdf,,,,,
high,7938.8,Bayshore Blvd_Str-7938.8 (Augusta St to Industrial St).pdf,BAY SHORE BLVD,AUGUSTA ST,INDUSTRIAL ST,5,between,,yes,2025-07-22,https://civic-joy-fund.github.io/block-party/striping/#id=7938.8,https://safitwebapps.blob.core.windows.net/$web/Striping%20Drawings/B_Streets/Bayshore%20Blvd/Bayshore%20Blvd_Str-7938.8%20%28Augusta%20St%20to%20Industrial%20St%29.pdf,,,,,
high,8164,1-Bay St_Str-8164 (Lyon St to Scott St).pdf,BAY ST,LYON ST,SCOTT ST,4,between,,yes,2025-08-27,https://civic-joy-fund.github.io/block-party/striping/#id=8164,https://safitwebapps.blob.core.windows.net/$web/Striping%20Drawings/B_Streets/Bay%20st/1-Bay%20St_Str-8164%20%28Lyon%20St%20to%20Scott%20St%29.pdf,,,,,
high,7972,2-Bay St_Str-7972 (Fillmore St to Octavia St).pdf,BAY ST,FILLMORE ST,OCTAVIA ST,4,between,,yes,2025-08-27,https://civic-joy-fund.github.io/block-party/striping/#id=7972,https://safitwebapps.blob.core.windows.net/$web/Striping%20Drawings/B_Streets/Bay%20st/2-Bay%20St_Str-7972%20%28Fillmore%20St%20to%20Octavia%20St%29.pdf,,,,,
high,7972.1,3-Bay St_Str-7972.1 (Octavia St to Van Ness Ave).pdf,BAY ST,OCTAVIA ST,VAN NESS AVE,4,between,,yes,2025-10-07,https://civic-joy-fund.github.io/block-party/striping/#id=7972.1,https://safitwebapps.blob.core.windows.net/$web/Striping%20Drawings/B_Streets/Bay%20st/3-Bay%20St_Str-7972.1%20%28Octavia%20St%20to%20Van%20Ness%20Ave%29.pdf,,,,,
high,6617,4-Bay st_Str-6617 (Van Ness Ave to Mason st).pdf,BAY ST,VAN NESS AVE,MASON ST,12,between,,yes,2026-04-16,https://civic-joy-fund.github.io/block-party/striping/#id=6617,https://safitwebapps.blob.core.windows.net/$web/Striping%20Drawings/B_Streets/Bay%20st/4-Bay%20st_Str-6617%20%28Van%20Ness%20Ave%20to%20Mason%20st%29.pdf,,,,,
high,8487,Bay View St-STR-8487 (Newhall St to 3rd-Reverse St) rev0.pdf,BAY VIEW ST,NEWHALL ST,03RD ST,4,between,,yes,2026-02-11,https://civic-joy-fund.github.io/block-party/striping/#id=8487,https://safitwebapps.blob.core.windows.net/$web/Striping%20Drawings/B_Streets/Bay%20View%20St/Bay%20View%20St-STR-8487%20%28Newhall%20St%20to%203rd-Reverse%20St%29%20rev0.pdf,,,,,
high,6619,Beach st_str-6619 (Baker to Buchanan).pdf,BEACH ST,BAKER ST,BUCHANAN ST,10,between,,yes,2026-03-12,https://civic-joy-fund.github.io/block-party/striping/#id=6619,https://safitwebapps.blob.core.windows.net/$web/Striping%20Drawings/B_Streets/Beach%20st/Beach%20st_str-6619%20%28Baker%20to%20Buchanan%29.pdf,,,,,
high,7613.1,Beach st_Str-7613.1 (Leavenworth St to Polk St).pdf,BEACH ST,LEAVENWORTH ST,POLK ST,4,between,,yes,2025-11-01,https://civic-joy-fund.github.io/block-party/striping/#id=7613.1,https://safitwebapps.blob.core.windows.net/$web/Striping%20Drawings/B_Streets/Beach%20st/Beach%20st_Str-7613.1%20%28Leavenworth%20St%20to%20Polk%20St%29.pdf,,,,,
high,8476,Beachmont Dr_STR-8476 (Lagunitas Dr to Sloat Blvd).pdf,BEACHMONT DR,LAGUNITAS DR,SLOAT BLVD,1,between,,yes,2024-11-28,https://civic-joy-fund.github.io/block-party/striping/#id=8476,https://safitwebapps.blob.core.windows.net/$web/Striping%20Drawings/B_Streets/Beachmont%20Dr/Beachmont%20Dr_STR-8476%20%28Lagunitas%20Dr%20to%20Sloat%20Blvd%29.pdf,,,,,
high,8012,Beacon St_Str-8012 (Diamond St to Miguel St).pdf,BEACON ST,DIAMOND ST,MIGUEL ST,3,between,,yes,2024-08-15,https://civic-joy-fund.github.io/block-party/striping/#id=8012,https://safitwebapps.blob.core.windows.net/$web/Striping%20Drawings/B_Streets/Beacon%20st/Beacon%20St_Str-8012%20%28Diamond%20St%20to%20Miguel%20St%29.pdf,,,,,
high,8296,Beale St_Str-8296 (Market St to Folsom St).pdf,BEALE ST,MARKET ST,FOLSOM ST,7,between,,yes,2025-08-24,https://civic-joy-fund.github.io/block-party/striping/#id=8296,https://safitwebapps.blob.core.windows.net/$web/Striping%20Drawings/B_Streets/Beale%20St/Beale%20St_Str-8296%20%28Market%20St%20to%20Folsom%20St%29.pdf,,,,,
high,8296.1,Beale St_Str-8296.1 (Folsom St to Bryant St).pdf,BEALE ST,FOLSOM ST,BRYANT ST,3,between,,yes,2024-08-15,https://civic-joy-fund.github.io/block-party/striping/#id=8296.1,https://safitwebapps.blob.core.windows.net/$web/Striping%20Drawings/B_Streets/Beale%20St/Beale%20St_Str-8296.1%20%28Folsom%20St%20to%20Bryant%20St%29.pdf,,,,,
high,8456,Beaver St_STR-8456 (15th St to Noe St).pdf,BEAVER ST,15TH ST,NOE ST,3,between,,yes,2025-07-31,https://civic-joy-fund.github.io/block-party/striping/#id=8456,https://safitwebapps.blob.core.windows.net/$web/Striping%20Drawings/B_Streets/Beaver%20St/Beaver%20St_STR-8456%20%2815th%20St%20to%20Noe%20St%29.pdf,,,,,
high,8552,Bemis St_STR-8552 (Castro St to Miguel St) rev0.pdf,BEMIS ST,CASTRO ST,MIGUEL ST,4,between,,yes,2026-07-28,https://civic-joy-fund.github.io/block-party/striping/#id=8552,https://safitwebapps.blob.core.windows.net/$web/Striping%20Drawings/B_Streets/Bemis%20St/Bemis%20St_STR-8552%20%28Castro%20St%20to%20Miguel%20St%29%20rev0.pdf,,,,,
high,7834,"Bernal Heights STR-7834 (Andover to folsom, bradford, nevada, powhattan).pdf",BERNAL HEIGHTS BLVD,ANDOVER ST,FOLSOM ST,7,between,,yes,2026-01-15,https://civic-joy-fund.github.io/block-party/striping/#id=7834,https://safitwebapps.blob.core.windows.net/$web/Striping%20Drawings/B_Streets/Bernal%20Heights/Bernal%20Heights%20STR-7834%20%28Andover%20to%20folsom%2C%20bradford%2C%20nevada%2C%20powhattan%29.pdf,,,,,
high,8394.1,Berry St Str-8394.1 (5th St to 3rd St).pdf,BERRY ST,05TH ST,03RD ST,2,between,,yes,2026-06-26,https://civic-joy-fund.github.io/block-party/striping/#id=8394.1,https://safitwebapps.blob.core.windows.net/$web/Striping%20Drawings/B_Streets/Berry%20St/Berry%20St%20Str-8394.1%20%285th%20St%20to%203rd%20St%29.pdf,,,,,
high,8516,Blanken St_STR-8516 (Tunnel Ave to Executive Park Blvd).pdf,BLANKEN AVE,TUNNEL AVE,EXECUTIVE PARK BLVD,6,between,,yes,2025-12-10,https://civic-joy-fund.github.io/block-party/striping/#id=8516,https://safitwebapps.blob.core.windows.net/$web/Striping%20Drawings/B_Streets/Blanken%20Ave/Blanken%20St_STR-8516%20%28Tunnel%20Ave%20to%20Executive%20Park%20Blvd%29.pdf,,,,,
high,7623,Bluxome st_Str-7623 (4th St to 6th St).pdf,BLUXOME ST,04TH ST,06TH ST,2,between,,yes,2025-04-08,https://civic-joy-fund.github.io/block-party/striping/#id=7623,https://safitwebapps.blob.core.windows.net/$web/Striping%20Drawings/B_Streets/Bluxome%20st/Bluxome%20st_Str-7623%20%284th%20St%20to%206th%20St%29.pdf,,,,,
high,7857,Bosworth St_Str-7857 (O'shaughnessy Blvd  to Chilton St).pdf,BOSWORTH ST,OSHAUGHNESSY BLVD,CHILTON AVE,7,between,,yes,2024-11-28,https://civic-joy-fund.github.io/block-party/striping/#id=7857,https://safitwebapps.blob.core.windows.net/$web/Striping%20Drawings/B_Streets/Bosworth%20st/Bosworth%20St_Str-7857%20%28O%27shaughnessy%20Blvd%20%20to%20Chilton%20St%29.pdf,,,,,
high,7857.1,Bosworth St_Str-7857.1 (Chilton St to Lyell St)R.pdf,BOSWORTH ST,CHILTON AVE,LYELL ST,12,between,,yes,2026-06-18,https://civic-joy-fund.github.io/block-party/striping/#id=7857.1,https://safitwebapps.blob.core.windows.net/$web/Striping%20Drawings/B_Streets/Bosworth%20st/Bosworth%20St_Str-7857.1%20%28Chilton%20St%20to%20Lyell%20St%29R.pdf,,,,,
high,7857.2,Bosworth St_str-7857.2 (Lyell St to Murray St).pdf,BOSWORTH ST,LYELL ST,MURRAY ST,6,between,,yes,2025-04-11,https://civic-joy-fund.github.io/block-party/striping/#id=7857.2,https://safitwebapps.blob.core.windows.net/$web/Striping%20Drawings/B_Streets/Bosworth%20st/Bosworth%20St_str-7857.2%20%28Lyell%20St%20to%20Murray%20St%29.pdf,,,,,
high,8219,Brannan St_Str-8219 (Division St to Harriet St).pdf,BRANNAN ST,DIVISION ST,HARRIET ST,11,between,,yes,2025-02-08,https://civic-joy-fund.github.io/block-party/striping/#id=8219,https://safitwebapps.blob.core.windows.net/$web/Striping%20Drawings/B_Streets/Brannan%20St/Brannan%20St_Str-8219%20%28Division%20St%20to%20Harriet%20St%29.pdf,,,,,
high,8219.1,Brannan St_Str-8219.1 (Harriet St to 3rd St).pdf,BRANNAN ST,HARRIET ST,03RD ST,11,between,,yes,2024-11-28,https://civic-joy-fund.github.io/block-party/striping/#id=8219.1,https://safitwebapps.blob.core.windows.net/$web/Striping%20Drawings/B_Streets/Brannan%20St/Brannan%20St_Str-8219.1%20%28Harriet%20St%20to%203rd%20St%29.pdf,,,,,
high,8365,Brazil Ave_STR-8365 (Mission St to Prague St).pdf,BRAZIL AVE,MISSION ST,PRAGUE ST,12,between,,yes,2024-11-28,https://civic-joy-fund.github.io/block-party/striping/#id=8365,https://safitwebapps.blob.core.windows.net/$web/Striping%20Drawings/B_Streets/Brazil%20Ave__see%20Z_Neighborhood%20Map_Excelsior%20Neighborhood/Brazil%20Ave_STR-8365%20%28Mission%20St%20to%20Prague%20St%29.pdf,,,,,
high,8365.1,Brazil Ave_STR-8365.1 (Prague St to Mansell St).pdf,BRAZIL AVE,PRAGUE ST,MANSELL ST,4,between,,yes,2026-02-24,https://civic-joy-fund.github.io/block-party/striping/#id=8365.1,https://safitwebapps.blob.core.windows.net/$web/Striping%20Drawings/B_Streets/Brazil%20Ave__see%20Z_Neighborhood%20Map_Excelsior%20Neighborhood/Brazil%20Ave_STR-8365.1%20%28Prague%20St%20to%20Mansell%20St%29.pdf,,,,,
high,8271,Brentwood Ave_STR-8271 (Maywood Dr to Mangels Ave).pdf,BRENTWOOD AVE,MAYWOOD DR,MANGELS AVE,6,between,,yes,2026-09-02,https://civic-joy-fund.github.io/block-party/striping/#id=8271,https://safitwebapps.blob.core.windows.net/$web/Striping%20Drawings/B_Streets/Brentwood%20Ave/Brentwood%20Ave_STR-8271%20%28Maywood%20Dr%20to%20Mangels%20Ave%29.pdf,,,,,
high,8246,Bridgeview Dr_Str-8246 (Thornton Ave to Newhall St).pdf,BRIDGEVIEW DR,THORNTON AVE,NEWHALL ST,5,between,,yes,2024-08-15,https://civic-joy-fund.github.io/block-party/striping/#id=8246,https://safitwebapps.blob.core.windows.net/$web/Striping%20Drawings/B_Streets/Bridgeview%20Dr/Bridgeview%20Dr_Str-8246%20%28Thornton%20Ave%20to%20Newhall%20St%29.pdf,,,,,
high,8051,Bright St_Str-8051 (Garfield St to Holloway St).pdf,BRIGHT ST,GARFIELD ST,HOLLOWAY AVE,1,between,,yes,2026-09-03,https://civic-joy-fund.github.io/block-party/striping/#id=8051,https://safitwebapps.blob.core.windows.net/$web/Striping%20Drawings/B_Streets/Bright%20St/Bright%20St_Str-8051%20%28Garfield%20St%20to%20Holloway%20St%29.pdf,,,,,
high,7958,Broad St_Str-7958 (Orizaba Ave to San Jose Ave).pdf,BROAD ST,ORIZABA AVE,SAN JOSE AVE,3,between,,yes,2024-08-15,https://civic-joy-fund.github.io/block-party/striping/#id=7958,https://safitwebapps.blob.core.windows.net/$web/Striping%20Drawings/B_Streets/Broad%20St/Broad%20St_Str-7958%20%28Orizaba%20Ave%20to%20San%20Jose%20Ave%29.pdf,,,,,
high,2892,Broadway St_Str-2892 (Jones St to Taylor St).pdf,BROADWAY,JONES ST,TAYLOR ST,2,between,,yes,2026-07-10,https://civic-joy-fund.github.io/block-party/striping/#id=2892,https://safitwebapps.blob.core.windows.net/$web/Striping%20Drawings/B_Streets/Broadway/Broadway%20St_Str-2892%20%28Jones%20St%20to%20Taylor%20St%29.pdf,,,,,
high,4831,Broadway st_Str-4831 (Larkin St to Leavenworth -stall marking).pdf,BROADWAY,LARKIN ST,LEAVENWORTH ST,3,between,,yes,2025-03-13,https://civic-joy-fund.github.io/block-party/striping/#id=4831,https://safitwebapps.blob.core.windows.net/$web/Striping%20Drawings/B_Streets/Broadway/Broadway%20st_Str-4831%20%28Larkin%20St%20to%20Leavenworth%20-stall%20marking%29.pdf,,,,,
high,5514,Broadway st_Str-5514 (Himmelmann-angle parking).pdf,BROADWAY,HIMMELMANN PL,,3,intersection,,yes,2025-03-13,https://civic-joy-fund.github.io/block-party/striping/#id=5514,https://safitwebapps.blob.core.windows.net/$web/Striping%20Drawings/B_Streets/Broadway/Broadway%20st_Str-5514%20%28Himmelmann-angle%20parking%29.pdf,,,,,
high,6186,Broadway st_str-6186 (Van Ness Ave toTaylor st)r12_see Jeffrey Tom 2026-03-10.pdf,BROADWAY,VAN NESS AVE,TAYLOR ST,13,between,,yes,2026-03-11,https://civic-joy-fund.github.io/block-party/striping/#id=6186,https://safitwebapps.blob.core.windows.net/$web/Striping%20Drawings/B_Streets/Broadway/Broadway%20st_str-6186%20%28Van%20Ness%20Ave%20toTaylor%20st%29r12_see%20Jeffrey%20Tom%202026-03-10.pdf,,,,,
high,6188,Broadway st_Str-6188 (Taylor St to Powell St)r9_see Jeffrey Tom 2026-03-10..pdf,BROADWAY,TAYLOR ST,POWELL ST,5,between,,yes,2026-03-11,https://civic-joy-fund.github.io/block-party/striping/#id=6188,https://safitwebapps.blob.core.windows.net/$web/Striping%20Drawings/B_Streets/Broadway/Broadway%20st_Str-6188%20%28Taylor%20St%20to%20Powell%20St%29r9_see%20Jeffrey%20Tom%202026-03-10..pdf,,,,,
high,8220,Broadway St_STR-8220 (Lyon St to Pierce St).pdf,BROADWAY,LYON ST,PIERCE ST,6,between,,yes,2025-03-13,https://civic-joy-fund.github.io/block-party/striping/#id=8220,https://safitwebapps.blob.core.windows.net/$web/Striping%20Drawings/B_Streets/Broadway/Broadway%20St_STR-8220%20%28Lyon%20St%20to%20Pierce%20St%29.pdf,,,,,
high,8220.1,Broadway St_STR-8220.1 (Pierce St to Octavia St).pdf,BROADWAY,PIERCE ST,OCTAVIA ST,6,between,,yes,2025-03-13,https://civic-joy-fund.github.io/block-party/striping/#id=8220.1,https://safitwebapps.blob.core.windows.net/$web/Striping%20Drawings/B_Streets/Broadway/Broadway%20St_STR-8220.1%20%28Pierce%20St%20to%20Octavia%20St%29.pdf,,,,,
high,8220.2,Broadway St_STR-8220.2 (Octavia St to Larkin St).pdf,BROADWAY,OCTAVIA ST,LARKIN ST,6,between,,yes,2025-07-09,https://civic-joy-fund.github.io/block-party/striping/#id=8220.2,https://safitwebapps.blob.core.windows.net/$web/Striping%20Drawings/B_Streets/Broadway/Broadway%20St_STR-8220.2%20%28Octavia%20St%20to%20Larkin%20St%29.pdf,,,,,
high,8220.4,Broadway St_STR-8220.4 (Mason St to Sansome St).pdf,BROADWAY,MASON ST,SANSOME ST,16,between,,yes,2025-03-13,https://civic-joy-fund.github.io/block-party/striping/#id=8220.4,https://safitwebapps.blob.core.windows.net/$web/Striping%20Drawings/B_Streets/Broadway/Broadway%20St_STR-8220.4%20%28Mason%20St%20to%20Sansome%20St%29.pdf,,,,,
high,7960,Broderick St _Str-7960 (Fulton St to Waller St).pdf,BRODERICK ST,FULTON ST,WALLER ST,8,between,,yes,2026-04-21,https://civic-joy-fund.github.io/block-party/striping/#id=7960,https://safitwebapps.blob.core.windows.net/$web/Striping%20Drawings/B_Streets/Broderick%20st/Broderick%20St%20_Str-7960%20%28Fulton%20St%20to%20Waller%20St%29.pdf,,,,,
high,5954,Broderick st_Str-5954 (Eddy st to Turk st).pdf,BRODERICK ST,EDDY ST,TURK ST,1,between,,yes,2024-08-15,https://civic-joy-fund.github.io/block-party/striping/#id=5954,https://safitwebapps.blob.core.windows.net/$web/Striping%20Drawings/B_Streets/Broderick%20st/Broderick%20st_Str-5954%20%28Eddy%20st%20to%20Turk%20st%29.pdf,,,,,
high,7960.2,Broderick St_STR-7960.2 (Sutter St to Pacific Ave).pdf,BRODERICK ST,SUTTER ST,PACIFIC AVE,10,between,,yes,2026-04-17,https://civic-joy-fund.github.io/block-party/striping/#id=7960.2,https://safitwebapps.blob.core.windows.net/$web/Striping%20Drawings/B_Streets/Broderick%20st/Broderick%20St_STR-7960.2%20%28Sutter%20St%20to%20Pacific%20Ave%29.pdf,,,,,
high,7733,Str-7733_Brompton St (Joost St to Bosworth St).pdf,BROMPTON AVE,JOOST AVE,BOSWORTH ST,1,between,,yes,2024-08-15,https://civic-joy-fund.github.io/block-party/striping/#id=7733,https://safitwebapps.blob.core.windows.net/$web/Striping%20Drawings/B_Streets/Brompton%20St/Str-7733_Brompton%20St%20%28Joost%20St%20to%20Bosworth%20St%29.pdf,,,,,
high,2175.1,Brotherhood way_Str-2175.1 (Lake merced to Alemany).pdf,BROTHERHOOD WAY,LAKE MERCED BLVD,ALEMANY BLVD,18,between,,yes,2025-11-04,https://civic-joy-fund.github.io/block-party/striping/#id=2175.1,https://safitwebapps.blob.core.windows.net/$web/Striping%20Drawings/B_Streets/Brotherhood%20way/Brotherhood%20way_Str-2175.1%20%28Lake%20merced%20to%20Alemany%29.pdf,,,,,
high,7637,Brotherhood way_Str-7637 (Lake merced to Alemany).pdf,BROTHERHOOD WAY,LAKE MERCED BLVD,ALEMANY BLVD,18,between,,yes,2024-08-15,https://civic-joy-fund.github.io/block-party/striping/#id=7637,https://safitwebapps.blob.core.windows.net/$web/Striping%20Drawings/B_Streets/Brotherhood%20way/Brotherhood%20way_Str-7637%20%28Lake%20merced%20to%20Alemany%29.pdf,,,,,
high,7637.1,Brotherhood way_Str-7637.1 (Lake merced to Alemany).pdf,BROTHERHOOD WAY,LAKE MERCED BLVD,ALEMANY BLVD,18,between,,yes,2025-04-04,https://civic-joy-fund.github.io/block-party/striping/#id=7637.1,https://safitwebapps.blob.core.windows.net/$web/Striping%20Drawings/B_Streets/Brotherhood%20way/Brotherhood%20way_Str-7637.1%20%28Lake%20merced%20to%20Alemany%29.pdf,,,,,
high,7637.2,Brotherhood way_Str-7637.2 (Lake merced to Alemany).pdf,BROTHERHOOD WAY,LAKE MERCED BLVD,ALEMANY BLVD,18,between,,yes,2024-08-15,https://civic-joy-fund.github.io/block-party/striping/#id=7637.2,https://safitwebapps.blob.core.windows.net/$web/Striping%20Drawings/B_Streets/Brotherhood%20way/Brotherhood%20way_Str-7637.2%20%28Lake%20merced%20to%20Alemany%29.pdf,,,,,
high,8360,Brunswick St_STR-8360 (Oliver St to Allison St).pdf,BRUNSWICK ST,OLIVER ST,ALLISON ST,11,between,,yes,2024-11-28,https://civic-joy-fund.github.io/block-party/striping/#id=8360,https://safitwebapps.blob.core.windows.net/$web/Striping%20Drawings/B_Streets/Brunswick%20St/Brunswick%20St_STR-8360%20%28Oliver%20St%20to%20Allison%20St%29.pdf,,,,,
high,8060,Brussels St_Str-8060 (Campbell St to Mansell St).pdf,BRUSSELS ST,CAMPBELL AVE,MANSELL ST,5,between,,yes,2024-08-15,https://civic-joy-fund.github.io/block-party/striping/#id=8060,https://safitwebapps.blob.core.windows.net/$web/Striping%20Drawings/B_Streets/Brussells%20St/Brussels%20St_Str-8060%20%28Campbell%20St%20to%20Mansell%20St%29.pdf,,,,,
high,8165,Bryant st Str-8165 (11th St to 9th St).pdf,BRYANT ST,11TH ST,09TH ST,4,between,,yes,2025-07-26,https://civic-joy-fund.github.io/block-party/striping/#id=8165,https://safitwebapps.blob.core.windows.net/$web/Striping%20Drawings/B_Streets/Bryant%20st/Bryant%20st%20Str-8165%20%2811th%20St%20to%209th%20St%29.pdf,,,,,
high,7636.1,Bryant st_Str-7636.1 (6th St to 2nd St)R.pdf,BRYANT ST,06TH ST,02ND ST,12,between,,yes,2026-07-10,https://civic-joy-fund.github.io/block-party/striping/#id=7636.1,https://safitwebapps.blob.core.windows.net/$web/Striping%20Drawings/B_Streets/Bryant%20st/Bryant%20st_Str-7636.1%20%286th%20St%20to%202nd%20St%29R.pdf,,,,,
high,7636.2,Bryant st_Str-7636.2 (8th St to 6th St).pdf,BRYANT ST,08TH ST,06TH ST,11,between,,yes,2024-08-15,https://civic-joy-fund.github.io/block-party/striping/#id=7636.2,https://safitwebapps.blob.core.windows.net/$web/Striping%20Drawings/B_Streets/Bryant%20st/Bryant%20st_Str-7636.2%20%288th%20St%20to%206th%20St%29.pdf,,,,,
high,7709,Bryant St_Str-7709 (19th st to 13th st).pdf,BRYANT ST,19TH ST,13TH ST,10,between,,yes,2025-04-19,https://civic-joy-fund.github.io/block-party/striping/#id=7709,https://safitwebapps.blob.core.windows.net/$web/Striping%20Drawings/B_Streets/Bryant%20st/Bryant%20St_Str-7709%20%2819th%20st%20to%2013th%20st%29.pdf,,,,,
high,7974,Bryant St_Str-7974 (Cesar Chavez to 23rd St)r1.pdf,BRYANT ST,CESAR CHAVEZ ST,23RD ST,5,between,,yes,2025-06-26,https://civic-joy-fund.github.io/block-party/striping/#id=7974,https://safitwebapps.blob.core.windows.net/$web/Striping%20Drawings/B_Streets/Bryant%20st/Bryant%20St_Str-7974%20%28Cesar%20Chavez%20to%2023rd%20St%29r1.pdf,,,,,
high,7974.1,Bryant St_Str-7974.1 (23rd St to 19th St).pdf,BRYANT ST,23RD ST,19TH ST,5,between,,yes,2024-08-15,https://civic-joy-fund.github.io/block-party/striping/#id=7974.1,https://safitwebapps.blob.core.windows.net/$web/Striping%20Drawings/B_Streets/Bryant%20st/Bryant%20St_Str-7974.1%20%2823rd%20St%20to%2019th%20St%29.pdf,,,,,
high,6273,Buchanan st_Str-6273 (Bay st to Beach st).pdf,BUCHANAN ST,BAY ST,BEACH ST,2,between,,yes,2024-11-28,https://civic-joy-fund.github.io/block-party/striping/#id=6273,https://safitwebapps.blob.core.windows.net/$web/Striping%20Drawings/B_Streets/Buchanan%20st/Buchanan%20st_Str-6273%20%28Bay%20st%20to%20Beach%20st%29.pdf,,,,,
high,7750,Buchanan St_Str-7750 (Grove St to Market-Duboce).pdf,BUCHANAN ST,GROVE ST,MARKET ST,15,between,,yes,2026-07-20,https://civic-joy-fund.github.io/block-party/striping/#id=7750,https://safitwebapps.blob.core.windows.net/$web/Striping%20Drawings/B_Streets/Buchanan%20st/Buchanan%20St_Str-7750%20%28Grove%20St%20to%20Market-Duboce%29.pdf,,,,,
high,8600,Buckingham Way_STR-8600 (Winston Dr to 19th Ave).pdf,BUCKINGHAM WAY,WINSTON DR,19TH AVE,1,between,,yes,2026-09-09,https://civic-joy-fund.github.io/block-party/striping/#id=8600,https://safitwebapps.blob.core.windows.net/$web/Striping%20Drawings/B_Streets/Buckingham%20way/Buckingham%20Way_STR-8600%20%28Winston%20Dr%20to%2019th%20Ave%29.pdf,,,,,
high,8061.1,Buena Vista Ave East_Str-8061.1 (Upper Terrace to Haight St).pdf,BUENA VISTA AVE EAST,UPPER TER,HAIGHT ST,5,between,,yes,2025-10-31,https://civic-joy-fund.github.io/block-party/striping/#id=8061.1,https://safitwebapps.blob.core.windows.net/$web/Striping%20Drawings/B_Streets/Buena%20Vista%20Ave/Buena%20Vista%20Ave%20East_Str-8061.1%20%28Upper%20Terrace%20to%20Haight%20St%29.pdf,,,,,
high,4341.1,Burnett Ave_Str-4341.1 (Portola dr to Twin Peaks).pdf,BURNETT AVE,PORTOLA DR,TWIN PEAKS BLVD,14,between,,yes,2024-08-15,https://civic-joy-fund.github.io/block-party/striping/#id=4341.1,https://safitwebapps.blob.core.windows.net/$web/Striping%20Drawings/B_Streets/Burnett%20Ave/Burnett%20Ave_Str-4341.1%20%28Portola%20dr%20to%20Twin%20Peaks%29.pdf,,,,,
high,4341.2,Burnett Ave_Str-4341.2 (Portola dr to Twin Peaks).pdf,BURNETT AVE,PORTOLA DR,TWIN PEAKS BLVD,14,between,,yes,2024-08-15,https://civic-joy-fund.github.io/block-party/striping/#id=4341.2,https://safitwebapps.blob.core.windows.net/$web/Striping%20Drawings/B_Streets/Burnett%20Ave/Burnett%20Ave_Str-4341.2%20%28Portola%20dr%20to%20Twin%20Peaks%29.pdf,,,,,
high,8023,Burnside Ave_Str-8023 (Mangels St to Chenery St).pdf,BURNSIDE AVE,MANGELS AVE,CHENERY ST,4,between,,yes,2024-08-15,https://civic-joy-fund.github.io/block-party/striping/#id=8023,https://safitwebapps.blob.core.windows.net/$web/Striping%20Drawings/B_Streets/Burnside%20Ave/Burnside%20Ave_Str-8023%20%28Mangels%20St%20to%20Chenery%20St%29.pdf,,,,,
high,8371.1,Burrows St_STR-8371.1 (Bowdoin St to San Bruno Ave).pdf,BURROWS ST,BOWDOIN ST,SAN BRUNO AVE,8,between,,yes,2026-07-07,https://civic-joy-fund.github.io/block-party/striping/#id=8371.1,https://safitwebapps.blob.core.windows.net/$web/Striping%20Drawings/B_Streets/Burrows%20St/Burrows%20St_STR-8371.1%20%28Bowdoin%20St%20to%20San%20Bruno%20Ave%29.pdf,,,,,
high,7876,Bush St_Str-7876 (Presidio Ave to Steiner St).pdf,BUSH ST,PRESIDIO AVE,STEINER ST,8,between,,yes,2026-03-19,https://civic-joy-fund.github.io/block-party/striping/#id=7876,https://safitwebapps.blob.core.windows.net/$web/Striping%20Drawings/B_Streets/Bush%20st/Bush%20St_Str-7876%20%28Presidio%20Ave%20to%20Steiner%20St%29.pdf,,,,,
high,7876.1,Bush St_Str-7876.1 (Steiner St to Van Ness Ave).pdf,BUSH ST,STEINER ST,VAN NESS AVE,11,between,,yes,2026-03-19,https://civic-joy-fund.github.io/block-party/striping/#id=7876.1,https://safitwebapps.blob.core.windows.net/$web/Striping%20Drawings/B_Streets/Bush%20st/Bush%20St_Str-7876.1%20%28Steiner%20St%20to%20Van%20Ness%20Ave%29.pdf,,,,,
high,7876.2,Bush St_Str-7876.2 (Van Ness Ave to Powell St)R17.pdf,BUSH ST,VAN NESS AVE,POWELL ST,13,between,,yes,2026-01-27,https://civic-joy-fund.github.io/block-party/striping/#id=7876.2,https://safitwebapps.blob.core.windows.net/$web/Striping%20Drawings/B_Streets/Bush%20st/Bush%20St_Str-7876.2%20%28Van%20Ness%20Ave%20to%20Powell%20St%29R17.pdf,,,,,
high,7876.3,Bush St_Str-7876.3 (Stockton St to Market St).pdf,BUSH ST,STOCKTON ST,MARKET ST,16,between,,yes,2026-06-05,https://civic-joy-fund.github.io/block-party/striping/#id=7876.3,https://safitwebapps.blob.core.windows.net/$web/Striping%20Drawings/B_Streets/Bush%20st/Bush%20St_Str-7876.3%20%28Stockton%20St%20to%20Market%20St%29.pdf,,,,,
high,8362,Byxbee St_STR-8362 (19th Ave to Holloway Ave).pdf,BYXBEE ST,19TH AVE,HOLLOWAY AVE,4,between,,yes,2025-04-03,https://civic-joy-fund.github.io/block-party/striping/#id=8362,https://safitwebapps.blob.core.windows.net/$web/Striping%20Drawings/B_Streets/Byxbee%20St/Byxbee%20St_STR-8362%20%2819th%20Ave%20to%20Holloway%20Ave%29.pdf,,,,,
high,7627.1,Cabrillo St_STR-7627.1 (Great Highway to 41st Ave).pdf,CABRILLO ST,GREAT HWY,41ST AVE,10,between,,yes,2026-02-06,https://civic-joy-fund.github.io/block-party/striping/#id=7627.1,https://safitwebapps.blob.core.windows.net/$web/Striping%20Drawings/C_Streets/Cabrillo%20St/Cabrillo%20St_STR-7627.1%20%28Great%20Highway%20to%2041st%20Ave%29.pdf,,,,,
high,7627.2,Cabrillo st_STR-7627.2 (41st Ave to 31st Ave).pdf,CABRILLO ST,41ST AVE,31ST AVE,12,between,,yes,2026-02-18,https://civic-joy-fund.github.io/block-party/striping/#id=7627.2,https://safitwebapps.blob.core.windows.net/$web/Striping%20Drawings/C_Streets/Cabrillo%20St/Cabrillo%20st_STR-7627.2%20%2841st%20Ave%20to%2031st%20Ave%29.pdf,,,,,
high,7627.3,Cabrillo st_STR-7627.3 (31st Ave to 22nd Ave) rev11.pdf,CABRILLO ST,31ST AVE,22ND AVE,11,between,,yes,2024-12-06,https://civic-joy-fund.github.io/block-party/striping/#id=7627.3,https://safitwebapps.blob.core.windows.net/$web/Striping%20Drawings/C_Streets/Cabrillo%20St/Cabrillo%20st_STR-7627.3%20%2831st%20Ave%20to%2022nd%20Ave%29%20rev11.pdf,,,,,
high,7627.4,Cabrillo st_STR-7627.4 (22nd Ave to Funston Ave).pdf,CABRILLO ST,22ND AVE,FUNSTON AVE,12,between,,yes,2026-07-30,https://civic-joy-fund.github.io/block-party/striping/#id=7627.4,https://safitwebapps.blob.core.windows.net/$web/Striping%20Drawings/C_Streets/Cabrillo%20St/Cabrillo%20st_STR-7627.4%20%2822nd%20Ave%20to%20Funston%20Ave%29.pdf,,,,,
high,7627.5,Cabrillo st_STR-7627.5 (Funston ave to 3rd Ave).pdf,CABRILLO ST,FUNSTON AVE,03RD AVE,13,between,,yes,2025-07-11,https://civic-joy-fund.github.io/block-party/striping/#id=7627.5,https://safitwebapps.blob.core.windows.net/$web/Striping%20Drawings/C_Streets/Cabrillo%20St/Cabrillo%20st_STR-7627.5%20%28Funston%20ave%20to%203rd%20Ave%29.pdf,,,,,
high,7627.6,Cabrillo st_STR-7627.6 (3rd ave to Arguello blvd).pdf,CABRILLO ST,03RD AVE,ARGUELLO BLVD,2,between,,yes,2024-12-06,https://civic-joy-fund.github.io/block-party/striping/#id=7627.6,https://safitwebapps.blob.core.windows.net/$web/Striping%20Drawings/C_Streets/Cabrillo%20St/Cabrillo%20st_STR-7627.6%20%283rd%20ave%20to%20Arguello%20blvd%29.pdf,,,,,
high,7760,1-California St_Str-7760 (32nd Ave to 24th Ave).pdf,CALIFORNIA ST,32ND AVE,24TH AVE,10,between,,yes,2026-06-27,https://civic-joy-fund.github.io/block-party/striping/#id=7760,https://safitwebapps.blob.core.windows.net/$web/Striping%20Drawings/C_Streets/California%20St/1-California%20St_Str-7760%20%2832nd%20Ave%20to%2024th%20Ave%29.pdf,,,,,
high,7760.1,2-California st_Str-7760.1 (24th Ave to 14th Ave).pdf,CALIFORNIA ST,24TH AVE,14TH AVE,13,between,,yes,2026-07-21,https://civic-joy-fund.github.io/block-party/striping/#id=7760.1,https://safitwebapps.blob.core.windows.net/$web/Striping%20Drawings/C_Streets/California%20St/2-California%20st_Str-7760.1%20%2824th%20Ave%20to%2014th%20Ave%29.pdf,,,,,
high,7760.2,3-California st_Str-7760.2 (14th Ave-Park Presidio Ave to 5th Ave).pdf,CALIFORNIA ST,PARK PRESIDIO BLVD,05TH AVE,11,between,,yes,2026-02-27,https://civic-joy-fund.github.io/block-party/striping/#id=7760.2,https://safitwebapps.blob.core.windows.net/$web/Striping%20Drawings/C_Streets/California%20St/3-California%20st_Str-7760.2%20%2814th%20Ave-Park%20Presidio%20Ave%20to%205th%20Ave%29.pdf,,,,,
high,7760.3,4-California St_Str-7760.3 (5th Ave to Spruce St).pdf,CALIFORNIA ST,05TH AVE,SPRUCE ST,13,between,,yes,2026-07-10,https://civic-joy-fund.github.io/block-party/striping/#id=7760.3,https://safitwebapps.blob.core.windows.net/$web/Striping%20Drawings/C_Streets/California%20St/4-California%20St_Str-7760.3%20%285th%20Ave%20to%20Spruce%20St%29.pdf,,,,,
high,7760.4,5-California St_Str-7760.4 (Spruce St to Baker St).pdf,CALIFORNIA ST,SPRUCE ST,BAKER ST,7,between,,yes,2025-09-10,https://civic-joy-fund.github.io/block-party/striping/#id=7760.4,https://safitwebapps.blob.core.windows.net/$web/Striping%20Drawings/C_Streets/California%20St/5-California%20St_Str-7760.4%20%28Spruce%20St%20to%20Baker%20St%29.pdf,,,,,
high,7760.5,6-California St_Str-7760.5 (Baker St to Steiner St).pdf,CALIFORNIA ST,BAKER ST,STEINER ST,5,between,,yes,2025-06-10,https://civic-joy-fund.github.io/block-party/striping/#id=7760.5,https://safitwebapps.blob.core.windows.net/$web/Striping%20Drawings/C_Streets/California%20St/6-California%20St_Str-7760.5%20%28Baker%20St%20to%20Steiner%20St%29.pdf,,,,,
high,7612,7-California st_Str-7612 (Steiner St to Gough St).pdf,CALIFORNIA ST,STEINER ST,GOUGH ST,7,between,,yes,2026-03-19,https://civic-joy-fund.github.io/block-party/striping/#id=7612,https://safitwebapps.blob.core.windows.net/$web/Striping%20Drawings/C_Streets/California%20St/7-California%20st_Str-7612%20%28Steiner%20St%20to%20Gough%20St%29.pdf,,,,,
high,7612.1,8-California st_Str-7612.1 (Gough St to Leavenworth St).pdf,CALIFORNIA ST,GOUGH ST,LEAVENWORTH ST,7,between,,yes,2026-03-19,https://civic-joy-fund.github.io/block-party/striping/#id=7612.1,https://safitwebapps.blob.core.windows.net/$web/Striping%20Drawings/C_Streets/California%20St/8-California%20st_Str-7612.1%20%28Gough%20St%20to%20Leavenworth%20St%29.pdf,,,,,
high,7612.2,9-California st_Str-7612.2 (Leavenworth St to Grant St).pdf,CALIFORNIA ST,LEAVENWORTH ST,GRANT AVE,14,between,,yes,2026-06-02,https://civic-joy-fund.github.io/block-party/striping/#id=7612.2,https://safitwebapps.blob.core.windows.net/$web/Striping%20Drawings/C_Streets/California%20St/9-California%20st_Str-7612.2%20%28Leavenworth%20St%20to%20Grant%20St%29.pdf,,,,,
high,8382,Cambridge St_STR-8382 (Trumbull St to Silliman St).pdf,CAMBRIDGE ST,TRUMBULL ST,SILLIMAN ST,7,between,,yes,2026-08-18,https://civic-joy-fund.github.io/block-party/striping/#id=8382,https://safitwebapps.blob.core.windows.net/$web/Striping%20Drawings/C_Streets/Cambridge%20St/Cambridge%20St_STR-8382%20%28Trumbull%20St%20to%20Silliman%20St%29.pdf,,,,,
high,8382.1,Cambridge St_STR-8382.1 (Silliman St to John F Shelley Dr).pdf,CAMBRIDGE ST,SILLIMAN ST,JOHN F SHELLEY DR,5,between,,yes,2026-08-18,https://civic-joy-fund.github.io/block-party/striping/#id=8382.1,https://safitwebapps.blob.core.windows.net/$web/Striping%20Drawings/C_Streets/Cambridge%20St/Cambridge%20St_STR-8382.1%20%28Silliman%20St%20to%20John%20F%20Shelley%20Dr%29.pdf,,,,,
high,7691,Campbell Ave_str-7691 (Alpha st to somerset st).pdf,CAMPBELL AVE,ALPHA ST,SOMERSET ST,3,between,,yes,2024-08-15,https://civic-joy-fund.github.io/block-party/striping/#id=7691,https://safitwebapps.blob.core.windows.net/$web/Striping%20Drawings/C_Streets/Campbell%20Ave/Campbell%20Ave_str-7691%20%28Alpha%20st%20to%20somerset%20st%29.pdf,,,,,
high,8361,Capitol Ave_STR-8361 (Sagamore St to Grafton Ave).pdf,CAPITOL AVE,SAGAMORE ST,GRAFTON AVE,11,between,,yes,2024-08-15,https://civic-joy-fund.github.io/block-party/striping/#id=8361,https://safitwebapps.blob.core.windows.net/$web/Striping%20Drawings/C_Streets/Capitol%20ave/Capitol%20Ave_STR-8361%20%28Sagamore%20St%20to%20Grafton%20Ave%29.pdf,,,,,
high,8361.1,Capitol Ave_STR-8361.1 (Grafton Ave to Ocean Ave).pdf,CAPITOL AVE,GRAFTON AVE,OCEAN AVE,3,between,,yes,2026-09-03,https://civic-joy-fund.github.io/block-party/striping/#id=8361.1,https://safitwebapps.blob.core.windows.net/$web/Striping%20Drawings/C_Streets/Capitol%20ave/Capitol%20Ave_STR-8361.1%20%28Grafton%20Ave%20to%20Ocean%20Ave%29.pdf,,,,,
high,4405,Capp St_str-4405 (17th St to 16th St)_see 8349 corridor file.pdf,CAPP ST,17TH ST,16TH ST,1,between,,yes,2024-08-15,https://civic-joy-fund.github.io/block-party/striping/#id=4405,https://safitwebapps.blob.core.windows.net/$web/Striping%20Drawings/C_Streets/Capp%20St/Capp%20St_str-4405%20%2817th%20St%20to%2016th%20St%29_see%208349%20corridor%20file.pdf,,,,,
high,7947,Capp St_str-7947 (15th St to 16th St).pdf,CAPP ST,15TH ST,16TH ST,2,between,,yes,2025-05-08,https://civic-joy-fund.github.io/block-party/striping/#id=7947,https://safitwebapps.blob.core.windows.net/$web/Striping%20Drawings/C_Streets/Capp%20St/Capp%20St_str-7947%20%2815th%20St%20to%2016th%20St%29.pdf,,,,,
high,8349,Capp St_STR-8349 (26th St to 21st St).pdf,CAPP ST,26TH ST,21ST ST,5,between,,yes,2025-10-15,https://civic-joy-fund.github.io/block-party/striping/#id=8349,https://safitwebapps.blob.core.windows.net/$web/Striping%20Drawings/C_Streets/Capp%20St/Capp%20St_STR-8349%20%2826th%20St%20to%2021st%20St%29.pdf,,,,,
high,8349.1,Capp St_STR-8349.1 (21st St to 16th St).pdf,CAPP ST,21ST ST,16TH ST,6,between,,yes,2025-03-14,https://civic-joy-fund.github.io/block-party/striping/#id=8349.1,https://safitwebapps.blob.core.windows.net/$web/Striping%20Drawings/C_Streets/Capp%20St/Capp%20St_STR-8349.1%20%2821st%20St%20to%2016th%20St%29.pdf,,,,,
high,6457,Cardenas Ave_Str-6457 (Cardenas Ave at Cambon Dr).pdf,CARDENAS AVE,CAMBON DR,,2,intersection,,yes,2024-08-15,https://civic-joy-fund.github.io/block-party/striping/#id=6457,https://safitwebapps.blob.core.windows.net/$web/Striping%20Drawings/C_Streets/Cardenas%20St/Cardenas%20Ave_Str-6457%20%28Cardenas%20Ave%20at%20Cambon%20Dr%29.pdf,,,,,
high,7944,Cargo way_Str-7944 (3rd St to Mendell St).pdf,CARGO WAY,03RD ST,MENDELL ST,3,between,,yes,2024-09-07,https://civic-joy-fund.github.io/block-party/striping/#id=7944,https://safitwebapps.blob.core.windows.net/$web/Striping%20Drawings/C_Streets/Cargo%20Way/Cargo%20way_Str-7944%20%283rd%20St%20to%20Mendell%20St%29.pdf,,,,,
high,7944.1,Cargo way_Str-7944.1 (Mendell St to Jennings St).pdf,CARGO WAY,MENDELL ST,JENNINGS ST,2,between,,yes,2024-08-15,https://civic-joy-fund.github.io/block-party/striping/#id=7944.1,https://safitwebapps.blob.core.windows.net/$web/Striping%20Drawings/C_Streets/Cargo%20Way/Cargo%20way_Str-7944.1%20%28Mendell%20St%20to%20Jennings%20St%29.pdf,,,,,
high,7805,Carl St_Str-7805 (Arguello Blvd to Clayton).pdf,CARL ST,ARGUELLO BLVD,CLAYTON ST,6,between,,yes,2025-10-02,https://civic-joy-fund.github.io/block-party/striping/#id=7805,https://safitwebapps.blob.core.windows.net/$web/Striping%20Drawings/C_Streets/Carl%20St/Carl%20St_Str-7805%20%28Arguello%20Blvd%20to%20Clayton%29.pdf,,,,,
high,7931,Carnelian Way_Str-7931 (Diamond Heights blvd to Terminus).pdf,CARNELIAN WAY,DIAMOND HEIGHTS BLVD,END: 170-199 BLOCK,2,between,,yes,2024-08-15,https://civic-joy-fund.github.io/block-party/striping/#id=7931,https://safitwebapps.blob.core.windows.net/$web/Striping%20Drawings/C_Streets/Carnelian%20Way/Carnelian%20Way_Str-7931%20%28Diamond%20Heights%20blvd%20to%20Terminus%29.pdf,,,,,
high,8548,Carolina St_STR-8548 (Carolina St to 19th St).pdf,CAROLINA ST,CAROLINA ST,19TH ST,1,between,,yes,2026-07-07,https://civic-joy-fund.github.io/block-party/striping/#id=8548,https://safitwebapps.blob.core.windows.net/$web/Striping%20Drawings/C_Streets/Carolina%20St/Carolina%20St_STR-8548%20%28Carolina%20St%20to%2019th%20St%29.pdf,,,,,
high,5650,Carrizal St_Str-5650 (Geneva Ave to Parque Dr).pdf,CARRIZAL ST,GENEVA AVE,PARQUE DR,2,between,,yes,2024-08-15,https://civic-joy-fund.github.io/block-party/striping/#id=5650,https://safitwebapps.blob.core.windows.net/$web/Striping%20Drawings/C_Streets/Carrizal%20St/Carrizal%20St_Str-5650%20%28Geneva%20Ave%20to%20Parque%20Dr%29.pdf,,,,,
high,7677,Carroll Ave_STR-7677 (3rd st to Fitch st).pdf,CARROLL AVE,03RD ST,FITCH ST,6,between,,yes,2026-07-16,https://civic-joy-fund.github.io/block-party/striping/#id=7677,https://safitwebapps.blob.core.windows.net/$web/Striping%20Drawings/C_Streets/Carroll%20Ave/Carroll%20Ave_STR-7677%20%283rd%20st%20to%20Fitch%20st%29.pdf,,,,,
high,8080,Carter St_Str-8080 (Geneva Ave to County Line).pdf,CARTER ST,GENEVA AVE,COUNTY LINE,1,between,,yes,2025-02-05,https://civic-joy-fund.github.io/block-party/striping/#id=8080,https://safitwebapps.blob.core.windows.net/$web/Striping%20Drawings/C_Streets/Carter%20St/Carter%20St_Str-8080%20%28Geneva%20Ave%20to%20County%20Line%29.pdf,,,,,
high,7704.1,Castro St_STR-7704.1 (26th St to 21st St).pdf,CASTRO ST,26TH ST,21ST ST,12,between,,yes,2026-07-24,https://civic-joy-fund.github.io/block-party/striping/#id=7704.1,https://safitwebapps.blob.core.windows.net/$web/Striping%20Drawings/C_Streets/Castro%20St/Castro%20St_STR-7704.1%20%2826th%20St%20to%2021st%20St%29.pdf,,,,,
high,7704.2,Castro St_STR-7704.2 (21st St to Market St).pdf,CASTRO ST,21ST ST,MARKET ST,7,between,,yes,2026-07-24,https://civic-joy-fund.github.io/block-party/striping/#id=7704.2,https://safitwebapps.blob.core.windows.net/$web/Striping%20Drawings/C_Streets/Castro%20St/Castro%20St_STR-7704.2%20%2821st%20St%20to%20Market%20St%29.pdf,,,,,
high,7704.3,Castro St_STR-7704.3 (Market St to Waller St).pdf,CASTRO ST,MARKET ST,WALLER ST,11,between,,yes,2026-07-24,https://civic-joy-fund.github.io/block-party/striping/#id=7704.3,https://safitwebapps.blob.core.windows.net/$web/Striping%20Drawings/C_Streets/Castro%20St/Castro%20St_STR-7704.3%20%28Market%20St%20to%20Waller%20St%29.pdf,,,,,
high,8196,Cayuga Ave_STR-8196 (Naglee Ave to Navajo Ave)r0.pdf,CAYUGA AVE,NAGLEE AVE,NAVAJO AVE,11,between,,yes,2026-02-05,https://civic-joy-fund.github.io/block-party/striping/#id=8196,https://safitwebapps.blob.core.windows.net/$web/Striping%20Drawings/C_Streets/Cayuga%20Ave/Cayuga%20Ave_STR-8196%20%28Naglee%20Ave%20to%20Navajo%20Ave%29r0.pdf,,,,,
high,8196.1,Cayuga Ave_STR-8196.1 (Navajo Ave to San Juan Ave).pdf,CAYUGA AVE,NAVAJO AVE,SAN JUAN AVE,11,between,,yes,2026-07-10,https://civic-joy-fund.github.io/block-party/striping/#id=8196.1,https://safitwebapps.blob.core.windows.net/$web/Striping%20Drawings/C_Streets/Cayuga%20Ave/Cayuga%20Ave_STR-8196.1%20%28Navajo%20Ave%20to%20San%20Juan%20Ave%29.pdf,,,,,
high,8425,Cecilia Ave_Str-8425 (16th Ave to Rivera St).pdf,CECILIA AVE,16TH AVE,RIVERA ST,2,between,,yes,2024-08-15,https://civic-joy-fund.github.io/block-party/striping/#id=8425,https://safitwebapps.blob.core.windows.net/$web/Striping%20Drawings/C_Streets/Cecilia%20Ave/Cecilia%20Ave_Str-8425%20%2816th%20Ave%20to%20Rivera%20St%29.pdf,,,,,
high,8405.1,Central Ave_STR-8405.1 (Hayes St to Turk St).pdf,CENTRAL AVE,HAYES ST,TURK BLVD,5,between,,yes,2026-07-23,https://civic-joy-fund.github.io/block-party/striping/#id=8405.1,https://safitwebapps.blob.core.windows.net/$web/Striping%20Drawings/C_Streets/Central%20Ave/Central%20Ave_STR-8405.1%20%28Hayes%20St%20to%20Turk%20St%29.pdf,,,,,
high,7790,Cerritos Ave_Str-7790 (bet J Serra & Ocean Ave).pdf,CERRITOS AVE,OCEAN AVE,,5,intersection,,yes,2024-08-15,https://civic-joy-fund.github.io/block-party/striping/#id=7790,https://safitwebapps.blob.core.windows.net/$web/Striping%20Drawings/C_Streets/Cerritos%20Dr/Cerritos%20Ave_Str-7790%20%28bet%20J%20Serra%20%26%20Ocean%20Ave%29.pdf,,,,,
high,4601,Cervantes_Str-4601 (Marina Blvd to Fillmore St) See Reymel Reyes for Rev0.pdf,CERVANTES BLVD,MARINA BLVD,FILLMORE ST,5,between,,yes,2025-08-15,https://civic-joy-fund.github.io/block-party/striping/#id=4601,https://safitwebapps.blob.core.windows.net/$web/Striping%20Drawings/C_Streets/Cervantes%20St/Cervantes_Str-4601%20%28Marina%20Blvd%20to%20Fillmore%20St%29%20See%20Reymel%20Reyes%20for%20Rev0.pdf,,,,,
high,8211.1,Cesar Chavez St_STR-8211.1 (Sanchez St to Guerrero St).pdf,CESAR CHAVEZ ST,SANCHEZ ST,GUERRERO ST,4,between,,yes,2026-05-30,https://civic-joy-fund.github.io/block-party/striping/#id=8211.1,https://safitwebapps.blob.core.windows.net/$web/Striping%20Drawings/C_Streets/Cesar%20Chavez/Cesar%20Chavez%20St_STR-8211.1%20%28Sanchez%20St%20to%20Guerrero%20St%29.pdf,,,,,
high,8211.2,Cesar Chavez St_STR-8211.2 (Guerrero St to South Van Ness).pdf,CESAR CHAVEZ ST,GUERRERO ST,SOUTH VAN NESS AVE,10,between,,yes,2025-04-02,https://civic-joy-fund.github.io/block-party/striping/#id=8211.2,https://safitwebapps.blob.core.windows.net/$web/Striping%20Drawings/C_Streets/Cesar%20Chavez/Cesar%20Chavez%20St_STR-8211.2%20%28Guerrero%20St%20to%20South%20Van%20Ness%29.pdf,,,,,
high,8211.3,Cesar Chavez St_STR-8211.3 (South Van Ness Ave to Bryant St).pdf,CESAR CHAVEZ ST,SOUTH VAN NESS AVE,BRYANT ST,14,between,,yes,2025-10-05,https://civic-joy-fund.github.io/block-party/striping/#id=8211.3,https://safitwebapps.blob.core.windows.net/$web/Striping%20Drawings/C_Streets/Cesar%20Chavez/Cesar%20Chavez%20St_STR-8211.3%20%28South%20Van%20Ness%20Ave%20to%20Bryant%20St%29.pdf,,,,,
high,8211.6,Cesar Chavez St_STR-8211.6 (Mississippi St to Maryland St).pdf,CESAR CHAVEZ ST,MISSISSIPPI ST,MARYLAND ST,9,between,,yes,2026-07-28,https://civic-joy-fund.github.io/block-party/striping/#id=8211.6,https://safitwebapps.blob.core.windows.net/$web/Striping%20Drawings/C_Streets/Cesar%20Chavez/Cesar%20Chavez%20St_STR-8211.6%20%28Mississippi%20St%20to%20Maryland%20St%29.pdf,,,,,
high,8390,Channel St Str-8390 (Mission Bay Dr to 3rd St).pdf,CHANNEL ST,MISSION BAY BLVD,03RD ST,7,between,,yes,2026-09-17,https://civic-joy-fund.github.io/block-party/striping/#id=8390,https://safitwebapps.blob.core.windows.net/$web/Striping%20Drawings/C_Streets/Channel%20St/Channel%20St%20Str-8390%20%28Mission%20Bay%20Dr%20to%203rd%20St%29.pdf,,,,,
high,8253,Chaves Ave_Str-8253 (Rockdale Dr to Evelyn Way).pdf,CHAVES AVE,ROCKDALE DR,EVELYN WAY,3,between,,yes,2024-08-15,https://civic-joy-fund.github.io/block-party/striping/#id=8253,https://safitwebapps.blob.core.windows.net/$web/Striping%20Drawings/C_Streets/Chaves%20Ave/Chaves%20Ave_Str-8253%20%28Rockdale%20Dr%20to%20Evelyn%20Way%29.pdf,,,,,
high,2559.1,Chenery St_STR-2559.1 (Diamond St to 30th St).pdf,CHENERY ST,DIAMOND ST,30TH ST,13,between,,yes,2026-05-16,https://civic-joy-fund.github.io/block-party/striping/#id=2559.1,https://safitwebapps.blob.core.windows.net/$web/Striping%20Drawings/C_Streets/Chenery%20st/Chenery%20St_STR-2559.1%20%28Diamond%20St%20to%2030th%20St%29.pdf,,,,,
high,7846,Chenery St_STR-7846 (Elk St to Diamond St)r6.pdf,CHENERY ST,ELK ST,DIAMOND ST,7,between,,yes,2026-06-30,https://civic-joy-fund.github.io/block-party/striping/#id=7846,https://safitwebapps.blob.core.windows.net/$web/Striping%20Drawings/C_Streets/Chenery%20st/Chenery%20St_STR-7846%20%28Elk%20St%20to%20Diamond%20St%29r6.pdf,,,,,
high,7846.1,Chenery St_STR-7846.1 (Diamond St to Charles St).pdf,CHENERY ST,DIAMOND ST,CHARLES ST,10,between,,yes,2024-12-04,https://civic-joy-fund.github.io/block-party/striping/#id=7846.1,https://safitwebapps.blob.core.windows.net/$web/Striping%20Drawings/C_Streets/Chenery%20st/Chenery%20St_STR-7846.1%20%28Diamond%20St%20to%20Charles%20St%29.pdf,,,,,
high,7633,Chestnut st_str-7633 (Lyon St to Webster St).pdf,CHESTNUT ST,LYON ST,WEBSTER ST,12,between,,yes,2025-09-09,https://civic-joy-fund.github.io/block-party/striping/#id=7633,https://safitwebapps.blob.core.windows.net/$web/Striping%20Drawings/C_Streets/Chestnut%20st/Chestnut%20st_str-7633%20%28Lyon%20St%20to%20Webster%20St%29.pdf,,,,,
high,7633.1,Chestnut st_str-7633.1 (Webster St to Van Ness Ave).pdf,CHESTNUT ST,WEBSTER ST,VAN NESS AVE,6,between,,yes,2026-09-10,https://civic-joy-fund.github.io/block-party/striping/#id=7633.1,https://safitwebapps.blob.core.windows.net/$web/Striping%20Drawings/C_Streets/Chestnut%20st/Chestnut%20st_str-7633.1%20%28Webster%20St%20to%20Van%20Ness%20Ave%29.pdf,,,,,
high,7633.2,Chestnut st_str-7633.2 (Polk St to Mason St)r0.pdf,CHESTNUT ST,POLK ST,MASON ST,10,between,,yes,2026-07-16,https://civic-joy-fund.github.io/block-party/striping/#id=7633.2,https://safitwebapps.blob.core.windows.net/$web/Striping%20Drawings/C_Streets/Chestnut%20st/Chestnut%20st_str-7633.2%20%28Polk%20St%20to%20Mason%20St%29r0.pdf,,,,,
high,4327,Chula Ln_Str-4327 (Chula Ln and Dolores St).pdf,CHULA LN,DOLORES ST,,5,intersection,,yes,2024-08-15,https://civic-joy-fund.github.io/block-party/striping/#id=4327,https://safitwebapps.blob.core.windows.net/$web/Striping%20Drawings/C_Streets/Chula%20Lane/Chula%20Ln_Str-4327%20%28Chula%20Ln%20and%20Dolores%20St%29.pdf,,,,,
high,7919,Chumasero Dr_Str-7919 (Font to Brotherhood).pdf,CHUMASERO DR,FONT BLVD,BROTHERHOOD WAY,2,between,,yes,2024-08-15,https://civic-joy-fund.github.io/block-party/striping/#id=7919,https://safitwebapps.blob.core.windows.net/$web/Striping%20Drawings/C_Streets/Chumasero%20st/Chumasero%20Dr_Str-7919%20%28Font%20to%20Brotherhood%29.pdf,,,,,
high,7757,Church St_Str-7757 (30th St to 26th St).pdf,CHURCH ST,30TH ST,26TH ST,9,between,,yes,2025-11-19,https://civic-joy-fund.github.io/block-party/striping/#id=7757,https://safitwebapps.blob.core.windows.net/$web/Striping%20Drawings/C_Streets/Church%20st/Church%20St_Str-7757%20%2830th%20St%20to%2026th%20St%29.pdf,,,,,
high,7757.1,Church St_Str-7757.1 (26th St to 22nd St).pdf,CHURCH ST,26TH ST,22ND ST,9,between,,yes,2026-01-08,https://civic-joy-fund.github.io/block-party/striping/#id=7757.1,https://safitwebapps.blob.core.windows.net/$web/Striping%20Drawings/C_Streets/Church%20st/Church%20St_Str-7757.1%20%2826th%20St%20to%2022nd%20St%29.pdf,,,,,
high,7757.2,Church St_Str-7757.2 (22nd St to 18th St).pdf,CHURCH ST,22ND ST,18TH ST,9,between,,yes,2024-08-15,https://civic-joy-fund.github.io/block-party/striping/#id=7757.2,https://safitwebapps.blob.core.windows.net/$web/Striping%20Drawings/C_Streets/Church%20st/Church%20St_Str-7757.2%20%2822nd%20St%20to%2018th%20St%29.pdf,,,,,
high,7981,Church St_Str-7981 (Hermann St to 17th St).pdf,CHURCH ST,HERMANN ST,17TH ST,9,between,,yes,2025-09-11,https://civic-joy-fund.github.io/block-party/striping/#id=7981,https://safitwebapps.blob.core.windows.net/$web/Striping%20Drawings/C_Streets/Church%20st/Church%20St_Str-7981%20%28Hermann%20St%20to%2017th%20St%29.pdf,,,,,
high,7734,Circular Ave_STR-7734 (Paulding St to Monterey Blvd).pdf,CIRCULAR AVE,PAULDING ST,MONTEREY BLVD,6,between,,yes,2024-12-04,https://civic-joy-fund.github.io/block-party/striping/#id=7734,https://safitwebapps.blob.core.windows.net/$web/Striping%20Drawings/C_Streets/Circular%20Ave/Circular%20Ave_STR-7734%20%28Paulding%20St%20to%20Monterey%20Blvd%29.pdf,,,,,
high,7715,Str-7715_Clara St (5th St to 4th St).pdf,CLARA ST,05TH ST,04TH ST,2,between,,yes,2024-08-15,https://civic-joy-fund.github.io/block-party/striping/#id=7715,https://safitwebapps.blob.core.windows.net/$web/Striping%20Drawings/C_Streets/Clara%20St/Str-7715_Clara%20St%20%285th%20St%20to%204th%20St%29.pdf,,,,,
high,7814,Claremont Dr_Str-7814 (Portola Dr to Dewey Circle).pdf,CLAREMONT BLVD,PORTOLA DR,DEWEY BLVD,6,between,,yes,2026-09-29,https://civic-joy-fund.github.io/block-party/striping/#id=7814,https://safitwebapps.blob.core.windows.net/$web/Striping%20Drawings/C_Streets/Claremont%20st/Claremont%20Dr_Str-7814%20%28Portola%20Dr%20to%20Dewey%20Circle%29.pdf,,,,,
high,7611,Clarendon Ave_STR-7611 (Laguna Honda to Olympia Way).pdf,CLARENDON AVE,LAGUNA HONDA BLVD,OLYMPIA WAY,1,between,,yes,2024-11-20,https://civic-joy-fund.github.io/block-party/striping/#id=7611,https://safitwebapps.blob.core.windows.net/$web/Striping%20Drawings/C_Streets/Clarendon%20Ave/Clarendon%20Ave_STR-7611%20%28Laguna%20Honda%20to%20Olympia%20Way%29.pdf,,,,,
high,7611.1,Clarendon Ave_STR-7611.1 (Olympia Way to Johnstone Dr).pdf,CLARENDON AVE,OLYMPIA WAY,JOHNSTONE DR,7,between,,yes,2024-12-04,https://civic-joy-fund.github.io/block-party/striping/#id=7611.1,https://safitwebapps.blob.core.windows.net/$web/Striping%20Drawings/C_Streets/Clarendon%20Ave/Clarendon%20Ave_STR-7611.1%20%28Olympia%20Way%20to%20Johnstone%20Dr%29.pdf,,,,,
high,2668,Clay st_Str-2668 (Van Ness Ave to Taylor St).pdf,CLAY ST,VAN NESS AVE,TAYLOR ST,8,between,,yes,2025-09-10,https://civic-joy-fund.github.io/block-party/striping/#id=2668,https://safitwebapps.blob.core.windows.net/$web/Striping%20Drawings/C_Streets/Clay%20st/Clay%20st_Str-2668%20%28Van%20Ness%20Ave%20to%20Taylor%20St%29.pdf,,,,,
high,2668.1,Clay st_Str-2668.1 (Taylor St to Kearny St).pdf,CLAY ST,TAYLOR ST,KEARNY ST,15,between,,yes,2025-08-20,https://civic-joy-fund.github.io/block-party/striping/#id=2668.1,https://safitwebapps.blob.core.windows.net/$web/Striping%20Drawings/C_Streets/Clay%20st/Clay%20st_Str-2668.1%20%28Taylor%20St%20to%20Kearny%20St%29.pdf,,,,,
high,2917,"Clay st_Str-2917 (Clay,Washington&Jackson_Scott to Steiner).pdf",CLAY ST,SCOTT ST,STEINER ST,2,between,,yes,2024-08-15,https://civic-joy-fund.github.io/block-party/striping/#id=2917,https://safitwebapps.blob.core.windows.net/$web/Striping%20Drawings/C_Streets/Clay%20st/Clay%20st_Str-2917%20%28Clay%2CWashington%26Jackson_Scott%20to%20Steiner%29.pdf,,,,,
high,7640,Clay st_Str-7640 (Kearny St to Drumm St).pdf,CLAY ST,KEARNY ST,DRUMM ST,9,between,,yes,2026-07-10,https://civic-joy-fund.github.io/block-party/striping/#id=7640,https://safitwebapps.blob.core.windows.net/$web/Striping%20Drawings/C_Streets/Clay%20st/Clay%20st_Str-7640%20%28Kearny%20St%20to%20Drumm%20St%29.pdf,,,,,
high,7848,Clay St_Str-7848 (Cherry St to Walnut St).pdf,CLAY ST,CHERRY ST,WALNUT ST,5,between,,yes,2026-02-18,https://civic-joy-fund.github.io/block-party/striping/#id=7848,https://safitwebapps.blob.core.windows.net/$web/Striping%20Drawings/C_Streets/Clay%20st/Clay%20St_Str-7848%20%28Cherry%20St%20to%20Walnut%20St%29.pdf,,,,,
high,7848.1,Clay St_Str-7848.1 (Walnut St to Pierce St).pdf,CLAY ST,WALNUT ST,PIERCE ST,9,between,,yes,2026-05-14,https://civic-joy-fund.github.io/block-party/striping/#id=7848.1,https://safitwebapps.blob.core.windows.net/$web/Striping%20Drawings/C_Streets/Clay%20st/Clay%20St_Str-7848.1%20%28Walnut%20St%20to%20Pierce%20St%29.pdf,,,,,
high,7848.2,Clay St_Str-7848.2 (Pierce St to Laguna St).pdf,CLAY ST,PIERCE ST,LAGUNA ST,5,between,,yes,2025-02-20,https://civic-joy-fund.github.io/block-party/striping/#id=7848.2,https://safitwebapps.blob.core.windows.net/$web/Striping%20Drawings/C_Streets/Clay%20st/Clay%20St_Str-7848.2%20%28Pierce%20St%20to%20Laguna%20St%29.pdf,,,,,
high,7854,Clayton St_Str-7854 (Parnassus Ave to Oak St).pdf,CLAYTON ST,PARNASSUS AVE,OAK ST,6,between,,yes,2026-05-20,https://civic-joy-fund.github.io/block-party/striping/#id=7854,https://safitwebapps.blob.core.windows.net/$web/Striping%20Drawings/C_Streets/Clayton%20st/Clayton%20St_Str-7854%20%28Parnassus%20Ave%20to%20Oak%20St%29.pdf,,,,,
high,8124,Clayton St_Str-8124 (Market St to Ashbury St).pdf,CLAYTON ST,MARKET ST,ASHBURY ST,7,between,,yes,2026-09-22,https://civic-joy-fund.github.io/block-party/striping/#id=8124,https://safitwebapps.blob.core.windows.net/$web/Striping%20Drawings/C_Streets/Clayton%20st/Clayton%20St_Str-8124%20%28Market%20St%20to%20Ashbury%20St%29.pdf,,,,,
high,8450,Clearfield Dr STR-8450 (Gellert Dr to Sloat Blvd).pdf,CLEARFIELD DR,GELLERT DR,SLOAT BLVD,5,between,,yes,2024-08-15,https://civic-joy-fund.github.io/block-party/striping/#id=8450,https://safitwebapps.blob.core.windows.net/$web/Striping%20Drawings/C_Streets/Clearfield%20Dr/Clearfield%20Dr%20STR-8450%20%28Gellert%20Dr%20to%20Sloat%20Blvd%29.pdf,,,,,
high,7996,Clement st_Str-7996 (Seal Rock Dr to 36th Ave).pdf,CLEMENT ST,SEAL ROCK DR,36TH AVE,9,between,,yes,2025-12-16,https://civic-joy-fund.github.io/block-party/striping/#id=7996,https://safitwebapps.blob.core.windows.net/$web/Striping%20Drawings/C_Streets/Clement%20st/Clement%20st_Str-7996%20%28Seal%20Rock%20Dr%20to%2036th%20Ave%29.pdf,,,,,
high,7996.1,Clement st_Str-7996.1 (36th Ave to 27th Ave).pdf,CLEMENT ST,36TH AVE,27TH AVE,10,between,,yes,2026-02-21,https://civic-joy-fund.github.io/block-party/striping/#id=7996.1,https://safitwebapps.blob.core.windows.net/$web/Striping%20Drawings/C_Streets/Clement%20st/Clement%20st_Str-7996.1%20%2836th%20Ave%20to%2027th%20Ave%29.pdf,,,,,
high,7996.2,Clement st_Str-7996.2 (27th Ave to 18th Ave).pdf,CLEMENT ST,27TH AVE,18TH AVE,11,between,,yes,2026-02-21,https://civic-joy-fund.github.io/block-party/striping/#id=7996.2,https://safitwebapps.blob.core.windows.net/$web/Striping%20Drawings/C_Streets/Clement%20st/Clement%20st_Str-7996.2%20%2827th%20Ave%20to%2018th%20Ave%29.pdf,,,,,
high,7996.3,Clement st_Str-7996.3 (18th Ave to 9th Ave).pdf,CLEMENT ST,18TH AVE,09TH AVE,12,between,,yes,2026-02-21,https://civic-joy-fund.github.io/block-party/striping/#id=7996.3,https://safitwebapps.blob.core.windows.net/$web/Striping%20Drawings/C_Streets/Clement%20st/Clement%20st_Str-7996.3%20%2818th%20Ave%20to%209th%20Ave%29.pdf,,,,,
high,7996.4,Clement st_Str-7996.4 (9th Ave to Arguello blvd).pdf,CLEMENT ST,09TH AVE,ARGUELLO BLVD,9,between,,yes,2026-05-01,https://civic-joy-fund.github.io/block-party/striping/#id=7996.4,https://safitwebapps.blob.core.windows.net/$web/Striping%20Drawings/C_Streets/Clement%20st/Clement%20st_Str-7996.4%20%289th%20Ave%20to%20Arguello%20blvd%29.pdf,,,,,
high,8033,Clementina St_Str-8033 (North of 2nd St).pdf,CLEMENTINA ST,02ND ST,,3,intersection,,yes,2024-08-15,https://civic-joy-fund.github.io/block-party/striping/#id=8033,https://safitwebapps.blob.core.windows.net/$web/Striping%20Drawings/C_Streets/Clementina%20St/Clementina%20St_Str-8033%20%28North%20of%202nd%20St%29.pdf,,,,,
high,7759.1,Clipper St_Str-7759.1 (Douglass St to Sanchez St).pdf,CLIPPER ST,DOUGLASS ST,SANCHEZ ST,4,between,,yes,2026-07-09,https://civic-joy-fund.github.io/block-party/striping/#id=7759.1,https://safitwebapps.blob.core.windows.net/$web/Striping%20Drawings/C_Streets/Clipper%20st/Clipper%20St_Str-7759.1%20%28Douglass%20St%20to%20Sanchez%20St%29.pdf,,,,,
high,7759.2,Clipper St_Str-7759.2 (Sanchez St to Dolores St).pdf,CLIPPER ST,SANCHEZ ST,DOLORES ST,2,between,,yes,2024-08-15,https://civic-joy-fund.github.io/block-party/striping/#id=7759.2,https://safitwebapps.blob.core.windows.net/$web/Striping%20Drawings/C_Streets/Clipper%20st/Clipper%20St_Str-7759.2%20%28Sanchez%20St%20to%20Dolores%20St%29.pdf,,,,,
high,8237,Coleridge St_Str-8237 (Cortland Ave to Coso Ave)r2.pdf,COLERIDGE ST,CORTLAND AVE,COSO AVE,9,between,,yes,2025-07-31,https://civic-joy-fund.github.io/block-party/striping/#id=8237,https://safitwebapps.blob.core.windows.net/$web/Striping%20Drawings/C_Streets/Coleridge%20st/Coleridge%20St_Str-8237%20%28Cortland%20Ave%20to%20Coso%20Ave%29r2.pdf,,,,,
high,8050,College Ave_Str-8050 (Saint Mary's Ave to Justin Drive).pdf,COLLEGE AVE,SAINT MARYS AVE,JUSTIN DR,3,between,,yes,2024-12-04,https://civic-joy-fund.github.io/block-party/striping/#id=8050,https://safitwebapps.blob.core.windows.net/$web/Striping%20Drawings/C_Streets/College%20Ave/College%20Ave_Str-8050%20%28Saint%20Mary%27s%20Ave%20to%20Justin%20Drive%29.pdf,,,,,
high,8186,Collins St_Str-8186 (Anza St to Mayfair Dr).pdf,COLLINS ST,ANZA ST,MAYFAIR DR,3,between,,yes,2024-12-04,https://civic-joy-fund.github.io/block-party/striping/#id=8186,https://safitwebapps.blob.core.windows.net/$web/Striping%20Drawings/C_Streets/Collins%20St/Collins%20St_Str-8186%20%28Anza%20St%20to%20Mayfair%20Dr%29.pdf,,,,,
high,8059,Columbus St_Str-8059 (Beach St to Lombard St)r15.pdf,COLUMBUS AVE,BEACH ST,LOMBARD ST,9,between,,yes,2026-04-09,https://civic-joy-fund.github.io/block-party/striping/#id=8059,https://safitwebapps.blob.core.windows.net/$web/Striping%20Drawings/C_Streets/Columbus%20Ave/Columbus%20St_Str-8059%20%28Beach%20St%20to%20Lombard%20St%29r15.pdf,,,,,
high,8059.1,Columbus St_Str-8059.1 (Lombard St to Broadway St).pdf,COLUMBUS AVE,LOMBARD ST,BROADWAY,12,between,,yes,2026-01-21,https://civic-joy-fund.github.io/block-party/striping/#id=8059.1,https://safitwebapps.blob.core.windows.net/$web/Striping%20Drawings/C_Streets/Columbus%20Ave/Columbus%20St_Str-8059.1%20%28Lombard%20St%20to%20Broadway%20St%29.pdf,,,,,
high,8059.2,Columbus St_Str-8059.2 (Broadway St to Montgomery St).pdf,COLUMBUS AVE,BROADWAY,MONTGOMERY ST,7,between,,yes,2025-09-01,https://civic-joy-fund.github.io/block-party/striping/#id=8059.2,https://safitwebapps.blob.core.windows.net/$web/Striping%20Drawings/C_Streets/Columbus%20Ave/Columbus%20St_Str-8059.2%20%28Broadway%20St%20to%20Montgomery%20St%29.pdf,,,,,
high,8180,Commonwealth Ave_Str-8180 (Geary Blvd to California St).pdf,COMMONWEALTH AVE,GEARY BLVD,CALIFORNIA ST,2,between,,yes,2024-08-15,https://civic-joy-fund.github.io/block-party/striping/#id=8180,https://safitwebapps.blob.core.windows.net/$web/Striping%20Drawings/C_Streets/Commonwealth%20Ave/Commonwealth%20Ave_Str-8180%20%28Geary%20Blvd%20to%20California%20St%29.pdf,,,,,
high,8351,Connecticut St Str-8351 (Cesar Chavez St to Wisconsin St).pdf,CONNECTICUT ST,CESAR CHAVEZ ST,WISCONSIN ST,3,between,,yes,2026-08-22,https://civic-joy-fund.github.io/block-party/striping/#id=8351,https://safitwebapps.blob.core.windows.net/$web/Striping%20Drawings/C_Streets/Connecticut%20St/Connecticut%20St%20Str-8351%20%28Cesar%20Chavez%20St%20to%20Wisconsin%20St%29.pdf,,,,,
high,8351.2,Connecticut St STR-8351.2 (18th St to 16th St).pdf,CONNECTICUT ST,18TH ST,16TH ST,3,between,,yes,2025-01-30,https://civic-joy-fund.github.io/block-party/striping/#id=8351.2,https://safitwebapps.blob.core.windows.net/$web/Striping%20Drawings/C_Streets/Connecticut%20St/Connecticut%20St%20STR-8351.2%20%2818th%20St%20to%2016th%20St%29.pdf,,,,,
high,8495,Corbett Ave_STR-8495 (Portola Dr to Copper Aly).pdf,CORBETT AVE,PORTOLA DR,COPPER ALY,9,between,,yes,2026-06-26,https://civic-joy-fund.github.io/block-party/striping/#id=8495,https://safitwebapps.blob.core.windows.net/$web/Striping%20Drawings/C_Streets/Corbett%20Ave/Corbett%20Ave_STR-8495%20%28Portola%20Dr%20to%20Copper%20Aly%29.pdf,,,,,
high,8495.1,Corbett Ave_STR-8495.1 (Copper Aly to Mars St).pdf,CORBETT AVE,COPPER ALY,MARS ST,6,between,,yes,2026-04-23,https://civic-joy-fund.github.io/block-party/striping/#id=8495.1,https://safitwebapps.blob.core.windows.net/$web/Striping%20Drawings/C_Streets/Corbett%20Ave/Corbett%20Ave_STR-8495.1%20%28Copper%20Aly%20to%20Mars%20St%29.pdf,,,,,
high,8495.2,Corbett Ave_STR-8495.2 (Mars St to 17th St)r0.pdf,CORBETT AVE,MARS ST,17TH ST,5,between,,yes,2026-06-17,https://civic-joy-fund.github.io/block-party/striping/#id=8495.2,https://safitwebapps.blob.core.windows.net/$web/Striping%20Drawings/C_Streets/Corbett%20Ave/Corbett%20Ave_STR-8495.2%20%28Mars%20St%20to%2017th%20St%29r0.pdf,,,,,
high,8106,Crescent Ave_Str-8106 (Mission St to Moultrie St).pdf,CRESCENT AVE,MISSION ST,MOULTRIE ST,11,between,,yes,2024-12-04,https://civic-joy-fund.github.io/block-party/striping/#id=8106,https://safitwebapps.blob.core.windows.net/$web/Striping%20Drawings/C_Streets/Crescent%20Ave/Crescent%20Ave_Str-8106%20%28Mission%20St%20to%20Moultrie%20St%29.pdf,,,,,
high,8106.1,Crescent Ave_Str-8106.1 (Moultrie St to Putnam St).pdf,CRESCENT AVE,MOULTRIE ST,PUTNAM ST,10,between,,yes,2024-08-15,https://civic-joy-fund.github.io/block-party/striping/#id=8106.1,https://safitwebapps.blob.core.windows.net/$web/Striping%20Drawings/C_Streets/Crescent%20Ave/Crescent%20Ave_Str-8106.1%20%28Moultrie%20St%20to%20Putnam%20St%29.pdf,,,,,
high,5646,Cumberland St_Str-5646 (Dolores to Guerrero St) .pdf,CUMBERLAND ST,DOLORES ST,GUERRERO ST,1,between,,yes,2025-07-25,https://civic-joy-fund.github.io/block-party/striping/#id=5646,https://safitwebapps.blob.core.windows.net/$web/Striping%20Drawings/C_Streets/Cumberland/Cumberland%20St_Str-5646%20%28Dolores%20to%20Guerrero%20St%29%20.pdf,,,,,
high,8172,Curtis St_Str-8172 (Prague St to Rolph St).pdf,CURTIS ST,PRAGUE ST,ROLPH ST,5,between,,yes,2024-08-15,https://civic-joy-fund.github.io/block-party/striping/#id=8172,https://safitwebapps.blob.core.windows.net/$web/Striping%20Drawings/C_Streets/Curtis%20St/Curtis%20St_Str-8172%20%28Prague%20St%20to%20Rolph%20St%29.pdf,,,,,
high,8369,Dakota St_Str-8369 (23rd St to 25th St).pdf,DAKOTA ST,23RD ST,25TH ST,1,between,,yes,2024-08-15,https://civic-joy-fund.github.io/block-party/striping/#id=8369,https://safitwebapps.blob.core.windows.net/$web/Striping%20Drawings/D_Streets/Dakota%20St/Dakota%20St_Str-8369%20%2823rd%20St%20to%2025th%20St%29.pdf,,,,,
high,8353,Darien Way_Str-8353 (Junipero Serra Blvd to Westgate Dr).pdf,DARIEN WAY,JUNIPERO SERRA BLVD,WESTGATE DR,8,between,,yes,2024-08-15,https://civic-joy-fund.github.io/block-party/striping/#id=8353,https://safitwebapps.blob.core.windows.net/$web/Striping%20Drawings/D_Streets/Darien%20way/Darien%20Way_Str-8353%20%28Junipero%20Serra%20Blvd%20to%20Westgate%20Dr%29.pdf,,,,,
high,8353.1,Darien Way_Str-8353.1 (Westgate Dr to Kenwood Way).pdf,DARIEN WAY,WESTGATE DR,KENWOOD WAY,3,between,,yes,2024-08-15,https://civic-joy-fund.github.io/block-party/striping/#id=8353.1,https://safitwebapps.blob.core.windows.net/$web/Striping%20Drawings/D_Streets/Darien%20way/Darien%20Way_Str-8353.1%20%28Westgate%20Dr%20to%20Kenwood%20Way%29.pdf,,,,,
high,8229,Davidson Ave Str-8229 (Selby St to 3rd St).pdf,DAVIDSON AVE,SELBY ST,03RD ST,4,between,,yes,2024-08-15,https://civic-joy-fund.github.io/block-party/striping/#id=8229,https://safitwebapps.blob.core.windows.net/$web/Striping%20Drawings/D_Streets/Davidson%20Ave/Davidson%20Ave%20Str-8229%20%28Selby%20St%20to%203rd%20St%29.pdf,,,,,
high,8028,Day St_STR-8028 (Castro St to Dolores St).pdf,DAY ST,CASTRO ST,DOLORES ST,5,between,,yes,2026-07-14,https://civic-joy-fund.github.io/block-party/striping/#id=8028,https://safitwebapps.blob.core.windows.net/$web/Striping%20Drawings/D_Streets/Day%20St/Day%20St_STR-8028%20%28Castro%20St%20to%20Dolores%20St%29.pdf,,,,,
high,8370,De Haro St_Str-8370 (26th St to 20th St).pdf,DE HARO ST,26TH ST,20TH ST,13,between,,yes,2024-08-15,https://civic-joy-fund.github.io/block-party/striping/#id=8370,https://safitwebapps.blob.core.windows.net/$web/Striping%20Drawings/D_Streets/De%20Haro%20st/De%20Haro%20St_Str-8370%20%2826th%20St%20to%2020th%20St%29.pdf,,,,,
high,6124,De Haro_Str-6124 (Mariposa St to 22nd St) see Eliane Tran 2024-05-09.pdf,DE HARO ST,MARIPOSA ST,22ND ST,5,between,,yes,2024-08-15,https://civic-joy-fund.github.io/block-party/striping/#id=6124,https://safitwebapps.blob.core.windows.net/$web/Striping%20Drawings/D_Streets/De%20Haro%20st/De%20Haro_Str-6124%20%28Mariposa%20St%20to%2022nd%20St%29%20see%20Eliane%20Tran%202024-05-09.pdf,,,,,
high,6838,De Haro_Str-6838 (Mariposa St to Division St) See Westley Miles 2021-12-22.pdf,DE HARO ST,MARIPOSA ST,DIVISION ST,6,between,,yes,2024-08-15,https://civic-joy-fund.github.io/block-party/striping/#id=6838,https://safitwebapps.blob.core.windows.net/$web/Striping%20Drawings/D_Streets/De%20Haro%20st/De%20Haro_Str-6838%20%28Mariposa%20St%20to%20Division%20St%29%20See%20Westley%20Miles%202021-12-22.pdf,,,,,
high,8398.1,De Long St_Str-8398.1 (Orizaba Ave to San Jose Ave).pdf,DE LONG ST,ORIZABA AVE,SAN JOSE AVE,5,between,,yes,2024-12-11,https://civic-joy-fund.github.io/block-party/striping/#id=8398.1,https://safitwebapps.blob.core.windows.net/$web/Striping%20Drawings/D_Streets/De%20Long%20St/De%20Long%20St_Str-8398.1%20%28Orizaba%20Ave%20to%20San%20Jose%20Ave%29.pdf,,,,,
high,7775,Str-7775_De Long St (and Santa Cruz Ave).pdf,DE LONG ST,SANTA CRUZ AVE,,3,intersection,,yes,2024-08-15,https://civic-joy-fund.github.io/block-party/striping/#id=7775,https://safitwebapps.blob.core.windows.net/$web/Striping%20Drawings/D_Streets/De%20Long%20St/Str-7775_De%20Long%20St%20%28and%20Santa%20Cruz%20Ave%29.pdf,,,,,
high,8022,DeMontfort Ave_Str-8022 (Ashton Ave to Miramar Ave).pdf,DE MONTFORT AVE,ASHTON AVE,MIRAMAR AVE,4,between,,yes,2024-08-15,https://civic-joy-fund.github.io/block-party/striping/#id=8022,https://safitwebapps.blob.core.windows.net/$web/Striping%20Drawings/D_Streets/DeMontfort%20Ave/DeMontfort%20Ave_Str-8022%20%28Ashton%20Ave%20to%20Miramar%20Ave%29.pdf,,,,,
high,8217,Del Vale_Str-8217 (Evelyn Way to O'Shaughnessy).pdf,DEL VALE AVE,EVELYN WAY,O'SHAUGHNESSY BLVD,2,between,,yes,2024-08-15,https://civic-joy-fund.github.io/block-party/striping/#id=8217,https://safitwebapps.blob.core.windows.net/$web/Striping%20Drawings/D_Streets/Del%20Vale/Del%20Vale_Str-8217%20%28Evelyn%20Way%20to%20O%27Shaughnessy%29.pdf,,,,,
high,3138,DellBrook Ave_Str- 3138 (Clarendon St to Olympia St).pdf,DELLBROOK AVE,CLARENDON AVE,OLYMPIA WAY,5,between,,yes,2025-09-21,https://civic-joy-fund.github.io/block-party/striping/#id=3138,https://safitwebapps.blob.core.windows.net/$web/Striping%20Drawings/D_Streets/Dell%20Brook/DellBrook%20Ave_Str-%203138%20%28Clarendon%20St%20to%20Olympia%20St%29.pdf,,,,,
high,7809.1,Diamond Heights_Str- 7809.1 (Clipper St to Duncan St).pdf,DIAMOND HEIGHTS BLVD,CLIPPER ST,DUNCAN ST,2,between,,yes,2024-08-15,https://civic-joy-fund.github.io/block-party/striping/#id=7809.1,https://safitwebapps.blob.core.windows.net/$web/Striping%20Drawings/D_Streets/Diamond%20Heights/Diamond%20Heights_Str-%207809.1%20%28Clipper%20St%20to%20Duncan%20St%29.pdf,,,,,
high,7809.2,Diamond Heights_Str- 7809.2 (Duncan St to Addison St).pdf,DIAMOND HEIGHTS BLVD,DUNCAN ST,ADDISON ST,7,between,,yes,2024-08-15,https://civic-joy-fund.github.io/block-party/striping/#id=7809.2,https://safitwebapps.blob.core.windows.net/$web/Striping%20Drawings/D_Streets/Diamond%20Heights/Diamond%20Heights_Str-%207809.2%20%28Duncan%20St%20to%20Addison%20St%29.pdf,,,,,
high,7809.3,Diamond Heights_Str- 7809.3 (Addison St to Sussex St).pdf,DIAMOND HEIGHTS BLVD,ADDISON ST,SUSSEX ST,10,between,,yes,2024-08-15,https://civic-joy-fund.github.io/block-party/striping/#id=7809.3,https://safitwebapps.blob.core.windows.net/$web/Striping%20Drawings/D_Streets/Diamond%20Heights/Diamond%20Heights_Str-%207809.3%20%28Addison%20St%20to%20Sussex%20St%29.pdf,,,,,
high,8085,Diamond St_Str-8085 (22nd St to 17th St).pdf,DIAMOND ST,22ND ST,17TH ST,7,between,,yes,2026-07-10,https://civic-joy-fund.github.io/block-party/striping/#id=8085,https://safitwebapps.blob.core.windows.net/$web/Striping%20Drawings/D_Streets/Diamond%20St/Diamond%20St_Str-8085%20%2822nd%20St%20to%2017th%20St%29.pdf,,,,,
high,8159,Diamond St_Str-8159 (Monterey St to Chenery St)R.pdf,DIAMOND ST,MONTEREY BLVD,CHENERY ST,4,between,,yes,2025-09-03,https://civic-joy-fund.github.io/block-party/striping/#id=8159,https://safitwebapps.blob.core.windows.net/$web/Striping%20Drawings/D_Streets/Diamond%20St/Diamond%20St_Str-8159%20%28Monterey%20St%20to%20Chenery%20St%29R.pdf,,,,,
high,4694,Digby st_Str- 4694 (addison to everson).pdf,DIGBY ST,ADDISON ST,EVERSON ST,1,between,,yes,2024-08-15,https://civic-joy-fund.github.io/block-party/striping/#id=4694,https://safitwebapps.blob.core.windows.net/$web/Striping%20Drawings/D_Streets/Digby%20st/Digby%20st_Str-%204694%20%28addison%20to%20everson%29.pdf,,,,,
high,7879.01,1_Divisadero St_Str-7879.01 (14th St to Duboce Ave).pdf,DIVISADERO ST,14TH ST,DUBOCE AVE,1,between,,yes,2025-12-17,https://civic-joy-fund.github.io/block-party/striping/#id=7879.01,https://safitwebapps.blob.core.windows.net/$web/Striping%20Drawings/D_Streets/Divisadero%20st/1_Divisadero%20St_Str-7879.01%20%2814th%20St%20to%20Duboce%20Ave%29.pdf,,,,,
high,7879,2_Divisadero St_Str-7879 (Duboce Ave to Grove St).pdf,DIVISADERO ST,DUBOCE AVE,GROVE ST,15,between,,yes,2026-07-10,https://civic-joy-fund.github.io/block-party/striping/#id=7879,https://safitwebapps.blob.core.windows.net/$web/Striping%20Drawings/D_Streets/Divisadero%20st/2_Divisadero%20St_Str-7879%20%28Duboce%20Ave%20to%20Grove%20St%29.pdf,,,,,
high,7879.1,3_Divisadero St_Str-7879.1 (Grove St to O'Farrell St)r11.pdf,DIVISADERO ST,GROVE ST,OFARRELL ST,18,between,,yes,2026-09-04,https://civic-joy-fund.github.io/block-party/striping/#id=7879.1,https://safitwebapps.blob.core.windows.net/$web/Striping%20Drawings/D_Streets/Divisadero%20st/3_Divisadero%20St_Str-7879.1%20%28Grove%20St%20to%20O%27Farrell%20St%29r11.pdf,,,,,
high,7879.2,4_Divisadero St_Str-7879.2 (O'Farrell St to Washington St).pdf,DIVISADERO ST,OFARRELL ST,WASHINGTON ST,21,between,,yes,2026-09-23,https://civic-joy-fund.github.io/block-party/striping/#id=7879.2,https://safitwebapps.blob.core.windows.net/$web/Striping%20Drawings/D_Streets/Divisadero%20st/4_Divisadero%20St_Str-7879.2%20%28O%27Farrell%20St%20to%20Washington%20St%29.pdf,,,,,
high,7879.3,5_Divisadero st_Str-7879.3 (Washington St to Filbert St).pdf,DIVISADERO ST,WASHINGTON ST,FILBERT ST,9,between,,yes,2026-01-13,https://civic-joy-fund.github.io/block-party/striping/#id=7879.3,https://safitwebapps.blob.core.windows.net/$web/Striping%20Drawings/D_Streets/Divisadero%20st/5_Divisadero%20st_Str-7879.3%20%28Washington%20St%20to%20Filbert%20St%29.pdf,,,,,
high,7879.4,6_Divisadero St_Str-7879.4 (Filbert St to Marina Blvd).pdf,DIVISADERO ST,FILBERT ST,MARINA BLVD,10,between,,yes,2025-02-13,https://civic-joy-fund.github.io/block-party/striping/#id=7879.4,https://safitwebapps.blob.core.windows.net/$web/Striping%20Drawings/D_Streets/Divisadero%20st/6_Divisadero%20St_Str-7879.4%20%28Filbert%20St%20to%20Marina%20Blvd%29.pdf,,,,,
high,8192,Division St_STR-8192 (Bryant St to De Haro St).pdf,DIVISION ST,BRYANT ST,DE HARO ST,12,between,,yes,2026-09-16,https://civic-joy-fund.github.io/block-party/striping/#id=8192,https://safitwebapps.blob.core.windows.net/$web/Striping%20Drawings/D_Streets/Division%20st/Division%20St_STR-8192%20%28Bryant%20St%20to%20De%20Haro%20St%29.pdf,,,,,
high,8187,Dolores St_STR-8187 (30th St to Clipper St).pdf,DOLORES ST,30TH ST,CLIPPER ST,20,between,,yes,2026-01-10,https://civic-joy-fund.github.io/block-party/striping/#id=8187,https://safitwebapps.blob.core.windows.net/$web/Striping%20Drawings/D_Streets/Dolores%20st/Dolores%20St_STR-8187%20%2830th%20St%20to%20Clipper%20St%29.pdf,,,,,
high,8187.1,Dolores St_STR-8187.1 (Clipper St to Liberty St).pdf,DOLORES ST,CLIPPER ST,LIBERTY ST,18,between,,yes,2026-07-10,https://civic-joy-fund.github.io/block-party/striping/#id=8187.1,https://safitwebapps.blob.core.windows.net/$web/Striping%20Drawings/D_Streets/Dolores%20st/Dolores%20St_STR-8187.1%20%28Clipper%20St%20to%20Liberty%20St%29.pdf,,,,,
high,8187.2,Dolores St_STR-8187.2 (Liberty St to 16th St).pdf,DOLORES ST,LIBERTY ST,16TH ST,21,between,,yes,2026-09-20,https://civic-joy-fund.github.io/block-party/striping/#id=8187.2,https://safitwebapps.blob.core.windows.net/$web/Striping%20Drawings/D_Streets/Dolores%20st/Dolores%20St_STR-8187.2%20%28Liberty%20St%20to%2016th%20St%29.pdf,,,,,
high,8187.3,Dolores St_Str-8187.3 (16th St to Market St).pdf,DOLORES ST,16TH ST,MARKET ST,13,between,,yes,2026-04-14,https://civic-joy-fund.github.io/block-party/striping/#id=8187.3,https://safitwebapps.blob.core.windows.net/$web/Striping%20Drawings/D_Streets/Dolores%20st/Dolores%20St_Str-8187.3%20%2816th%20St%20to%20Market%20St%29.pdf,,,,,
high,8501,Donahue St_STR-8501 (Kirkwood Ave to Galvez Ave) See Hunters Point Neighborhood Map.pdf,DONAHUE ST,KIRKWOOD AVE,GALVEZ AVE,6,between,,yes,2026-07-22,https://civic-joy-fund.github.io/block-party/striping/#id=8501,https://safitwebapps.blob.core.windows.net/$web/Striping%20Drawings/D_Streets/Donahue%20St/Donahue%20St_STR-8501%20%28Kirkwood%20Ave%20to%20Galvez%20Ave%29%20See%20Hunters%20Point%20Neighborhood%20Map.pdf,,,,,
high,8286,Dorado Terrace_Str-8286 (Ocean Ave to Terminus).pdf,DORADO TER,OCEAN AVE,END: 237-299 BLOCK,3,between,,yes,2026-04-15,https://civic-joy-fund.github.io/block-party/striping/#id=8286,https://safitwebapps.blob.core.windows.net/$web/Striping%20Drawings/D_Streets/Dorado%20Terrace/Dorado%20Terrace_Str-8286%20%28Ocean%20Ave%20to%20Terminus%29.pdf,,,,,
high,8290,Dore St_Str-8290 (Howard St to Folsom St).pdf,DORE ST,HOWARD ST,FOLSOM ST,1,between,,yes,2024-12-11,https://civic-joy-fund.github.io/block-party/striping/#id=8290,https://safitwebapps.blob.core.windows.net/$web/Striping%20Drawings/D_Streets/Dore%20St/Dore%20St_Str-8290%20%28Howard%20St%20to%20Folsom%20St%29.pdf,,,,,
high,8206,Dorland St_Str-8206 (Sanchez St to Guerrero St).pdf,DORLAND ST,SANCHEZ ST,GUERRERO ST,2,between,,yes,2024-08-15,https://civic-joy-fund.github.io/block-party/striping/#id=8206,https://safitwebapps.blob.core.windows.net/$web/Striping%20Drawings/D_Streets/Dorland%20St/Dorland%20St_Str-8206%20%28Sanchez%20St%20to%20Guerrero%20St%29.pdf,,,,,
high,5607,Douglass St_Str-5607 (and Corwin Sts).pdf,DOUGLASS ST,CORWIN ST,,3,intersection,,yes,2024-08-15,https://civic-joy-fund.github.io/block-party/striping/#id=5607,https://safitwebapps.blob.core.windows.net/$web/Striping%20Drawings/D_Streets/Douglass%20St/Douglass%20St_Str-5607%20%28and%20Corwin%20Sts%29.pdf,,,,,
high,8120.2,Douglass St_STR-8120.2 (Caselli Ave to 17th St).pdf,DOUGLASS ST,CASELLI AVE,17TH ST,3,between,,yes,2026-03-19,https://civic-joy-fund.github.io/block-party/striping/#id=8120.2,https://safitwebapps.blob.core.windows.net/$web/Striping%20Drawings/D_Streets/Douglass%20St/Douglass%20St_STR-8120.2%20%28Caselli%20Ave%20to%2017th%20St%29.pdf,,,,,
high,8001,Downey St_Str-8001 (Ashbury St to Waller St).pdf,DOWNEY ST,ASHBURY ST,WALLER ST,2,between,,yes,2024-12-11,https://civic-joy-fund.github.io/block-party/striping/#id=8001,https://safitwebapps.blob.core.windows.net/$web/Striping%20Drawings/D_Streets/Downey%20St/Downey%20St_Str-8001%20%28Ashbury%20St%20to%20Waller%20St%29.pdf,,,,,
high,4561,Drumm st_Str- 4561 (California St to Jackson St) rev23_see Pallavi Panyam 2022-04-04.pdf,DRUMM ST,CALIFORNIA ST,JACKSON ST,5,between,,yes,2024-08-15,https://civic-joy-fund.github.io/block-party/striping/#id=4561,https://safitwebapps.blob.core.windows.net/$web/Striping%20Drawings/D_Streets/Drumm%20st/Drumm%20st_Str-%204561%20%28California%20St%20to%20Jackson%20St%29%20rev23_see%20Pallavi%20Panyam%202022-04-04.pdf,,,,,
high,7825,Duncan St_STR-7825 (Diamond Heights to Newburg St).pdf,DUNCAN ST,DIAMOND HEIGHTS BLVD,NEWBURG ST,3,between,,yes,2024-08-15,https://civic-joy-fund.github.io/block-party/striping/#id=7825,https://safitwebapps.blob.core.windows.net/$web/Striping%20Drawings/D_Streets/Duncan%20st/Duncan%20St_STR-7825%20%28Diamond%20Heights%20to%20Newburg%20St%29.pdf,,,,,
high,7825.1,Duncan St_STR-7825.1 (Newburg St to Dolores St).pdf,DUNCAN ST,NEWBURG ST,DOLORES ST,8,between,,yes,2024-12-11,https://civic-joy-fund.github.io/block-party/striping/#id=7825.1,https://safitwebapps.blob.core.windows.net/$web/Striping%20Drawings/D_Streets/Duncan%20st/Duncan%20St_STR-7825.1%20%28Newburg%20St%20to%20Dolores%20St%29.pdf,,,,,
high,1532,02-Eddy st_Str-1532 (Divisadero St to Laguna St).pdf,EDDY ST,DIVISADERO ST,LAGUNA ST,8,between,,yes,2026-09-09,https://civic-joy-fund.github.io/block-party/striping/#id=1532,https://safitwebapps.blob.core.windows.net/$web/Striping%20Drawings/E_Streets/Ellis%20St/02-Eddy%20st_Str-1532%20%28Divisadero%20St%20to%20Laguna%20St%29.pdf,,,,,
high,7851,03-Eddy St_STR-7851 (Gough St to Larkin St).pdf,EDDY ST,GOUGH ST,LARKIN ST,4,between,,yes,2026-03-03,https://civic-joy-fund.github.io/block-party/striping/#id=7851,https://safitwebapps.blob.core.windows.net/$web/Striping%20Drawings/E_Streets/Eddy%20St/03-Eddy%20St_STR-7851%20%28Gough%20St%20to%20Larkin%20St%29.pdf,,,,,
high,8197,Edinburgh St_Str-8197 (Geneva Ave to Persia Ave).pdf,EDINBURGH ST,GENEVA AVE,PERSIA AVE,5,between,,yes,2025-07-08,https://civic-joy-fund.github.io/block-party/striping/#id=8197,https://safitwebapps.blob.core.windows.net/$web/Striping%20Drawings/E_Streets/Edinburgh%20St/Edinburgh%20St_Str-8197%20%28Geneva%20Ave%20to%20Persia%20Ave%29.pdf,,,,,
high,8197.1,Edinburgh St_Str-8197.1 (Persia Ave to Silver Ave).pdf,EDINBURGH ST,PERSIA AVE,SILVER AVE,5,between,,yes,2024-12-11,https://civic-joy-fund.github.io/block-party/striping/#id=8197.1,https://safitwebapps.blob.core.windows.net/$web/Striping%20Drawings/E_Streets/Edinburgh%20St/Edinburgh%20St_Str-8197.1%20%28Persia%20Ave%20to%20Silver%20Ave%29.pdf,,,,,
high,2441,El Camino Del Mar_str-2441 (Land's End Area to McLaren).pdf,EL CAMINO DEL MAR,END: 1200-1299 BLOCK,MCLAREN AVE,7,between,,yes,2024-08-15,https://civic-joy-fund.github.io/block-party/striping/#id=2441,https://safitwebapps.blob.core.windows.net/$web/Striping%20Drawings/E_Streets/El%20Camino%20Del%20Mar/El%20Camino%20Del%20Mar_str-2441%20%28Land%27s%20End%20Area%20to%20McLaren%29.pdf,,,,,
high,2441.1,El Camino Del Mar_str-2441.1 (From Land's End Area to McLaren).pdf,EL CAMINO DEL MAR,END: 1200-1299 BLOCK,MCLAREN AVE,7,between,,yes,2024-08-15,https://civic-joy-fund.github.io/block-party/striping/#id=2441.1,https://safitwebapps.blob.core.windows.net/$web/Striping%20Drawings/E_Streets/El%20Camino%20Del%20Mar/El%20Camino%20Del%20Mar_str-2441.1%20%28From%20Land%27s%20End%20Area%20to%20McLaren%29.pdf,,,,,
high,2441.2,El Camino Del Mar_str-2441.2 (32nd to McLaren).pdf,EL CAMINO DEL MAR,32ND AVE,MCLAREN AVE,3,between,,yes,2024-08-15,https://civic-joy-fund.github.io/block-party/striping/#id=2441.2,https://safitwebapps.blob.core.windows.net/$web/Striping%20Drawings/E_Streets/El%20Camino%20Del%20Mar/El%20Camino%20Del%20Mar_str-2441.2%20%2832nd%20to%20McLaren%29.pdf,,,,,
high,607,El Camino Del Mar_str-607 (32nd).pdf,EL CAMINO DEL MAR,32ND AVE,,3,intersection,,yes,2024-08-15,https://civic-joy-fund.github.io/block-party/striping/#id=607,https://safitwebapps.blob.core.windows.net/$web/Striping%20Drawings/E_Streets/El%20Camino%20Del%20Mar/El%20Camino%20Del%20Mar_str-607%20%2832nd%29.pdf,,,,,
high,8010,Elgin St_Str-8010 ( Duboce St to McCoppin St).pdf,ELGIN PARK,DUBOCE AVE,MCCOPPIN ST,1,between,,yes,2024-08-15,https://civic-joy-fund.github.io/block-party/striping/#id=8010,https://safitwebapps.blob.core.windows.net/$web/Striping%20Drawings/E_Streets/Elgin%20Park/Elgin%20St_Str-8010%20%28%20Duboce%20St%20to%20McCoppin%20St%29.pdf,,,,,
high,7779,Elizabeth St_STR-7779 (Sanchez St to Vicksburg St).pdf,ELIZABETH ST,SANCHEZ ST,VICKSBURG ST,2,between,,yes,2024-12-11,https://civic-joy-fund.github.io/block-party/striping/#id=7779,https://safitwebapps.blob.core.windows.net/$web/Striping%20Drawings/E_Streets/Elizabeth%20St/Elizabeth%20St_STR-7779%20%28Sanchez%20St%20to%20Vicksburg%20St%29.pdf,,,,,
high,8462,Elizabeth St_STR-8462 (Grand View Ave to Noe St).pdf,ELIZABETH ST,GRAND VIEW AVE,NOE ST,5,between,,yes,2024-12-11,https://civic-joy-fund.github.io/block-party/striping/#id=8462,https://safitwebapps.blob.core.windows.net/$web/Striping%20Drawings/E_Streets/Elizabeth%20St/Elizabeth%20St_STR-8462%20%28Grand%20View%20Ave%20to%20Noe%20St%29.pdf,,,,,
high,3588.5,Elk St_STR-3588.5 (Bosworth St to Sussex St).pdf,ELK ST,BOSWORTH ST,SUSSEX ST,3,between,,yes,2024-12-11,https://civic-joy-fund.github.io/block-party/striping/#id=3588.5,https://safitwebapps.blob.core.windows.net/$web/Striping%20Drawings/E_Streets/Elk%20St/Elk%20St_STR-3588.5%20%28Bosworth%20St%20to%20Sussex%20St%29.pdf,,,,,
high,1566,Ellis St_STR-1566 (Jones St to Divisadero St)r17_see Daniel Carr 2026-09-08.pdf,ELLIS ST,JONES ST,DIVISADERO ST,18,between,,yes,2026-09-09,https://civic-joy-fund.github.io/block-party/striping/#id=1566,https://safitwebapps.blob.core.windows.net/$web/Striping%20Drawings/E_Streets/Ellis%20St/Ellis%20St_STR-1566%20%28Jones%20St%20to%20Divisadero%20St%29r17_see%20Daniel%20Carr%202026-09-08.pdf,,,,,
high,7852,Ellis St_STR-7852 (Gough St to Hyde St).pdf,ELLIS ST,GOUGH ST,HYDE ST,5,between,,yes,2026-02-05,https://civic-joy-fund.github.io/block-party/striping/#id=7852,https://safitwebapps.blob.core.windows.net/$web/Striping%20Drawings/E_Streets/Ellis%20St/Ellis%20St_STR-7852%20%28Gough%20St%20to%20Hyde%20St%29.pdf,,,,,
high,7852.1,Ellis St_STR-7852.1 (Hyde St to Powell St)r27.pdf,ELLIS ST,HYDE ST,POWELL ST,6,between,,yes,2025-12-05,https://civic-joy-fund.github.io/block-party/striping/#id=7852.1,https://safitwebapps.blob.core.windows.net/$web/Striping%20Drawings/E_Streets/Ellis%20St/Ellis%20St_STR-7852.1%20%28Hyde%20St%20to%20Powell%20St%29r27.pdf,,,,,
high,7717,Ellsworth St_Str-7717 (Alemany Blvd to Crescent St).pdf,ELLSWORTH ST,ALEMANY BLVD,CRESCENT AVE,1,between,,yes,2025-09-23,https://civic-joy-fund.github.io/block-party/striping/#id=7717,https://safitwebapps.blob.core.windows.net/$web/Striping%20Drawings/E_Streets/Ellsworth%20St/Ellsworth%20St_Str-7717%20%28Alemany%20Blvd%20to%20Crescent%20St%29.pdf,,,,,
high,7717.1,Ellsworth St_Str-7717.1 (Crescent Ave to Bernal Heights Blvd).pdf,ELLSWORTH ST,CRESCENT AVE,BERNAL HEIGHTS BLVD,7,between,,yes,2026-09-22,https://civic-joy-fund.github.io/block-party/striping/#id=7717.1,https://safitwebapps.blob.core.windows.net/$web/Striping%20Drawings/E_Streets/Ellsworth%20St/Ellsworth%20St_Str-7717.1%20%28Crescent%20Ave%20to%20Bernal%20Heights%20Blvd%29.pdf,,,,,
high,8327,Elm St_Str-8327 (Gough St to Polk St).pdf,ELM ST,GOUGH ST,POLK ST,3,between,,yes,2025-05-22,https://civic-joy-fund.github.io/block-party/striping/#id=8327,https://safitwebapps.blob.core.windows.net/$web/Striping%20Drawings/E_Streets/Elm%20St/Elm%20St_Str-8327%20%28Gough%20St%20to%20Polk%20St%29.pdf,,,,,
high,4043,Erie St_str-4043 (East of Mission).pdf,ERIE ST,MISSION ST,,4,intersection,,yes,2024-08-15,https://civic-joy-fund.github.io/block-party/striping/#id=4043,https://safitwebapps.blob.core.windows.net/$web/Striping%20Drawings/E_Streets/Erie%20St/Erie%20St_str-4043%20%28East%20of%20Mission%29.pdf,,,,,
high,8315,Essex St_Str-8315 (Folsom St to Harrison St).pdf,ESSEX ST,FOLSOM ST,HARRISON ST,2,between,,yes,2025-11-26,https://civic-joy-fund.github.io/block-party/striping/#id=8315,https://safitwebapps.blob.core.windows.net/$web/Striping%20Drawings/E_Streets/Essex%20St/Essex%20St_Str-8315%20%28Folsom%20St%20to%20Harrison%20St%29.pdf,,,,,
high,8184,STR-8184 Eucalyptus Dr (Clearfield Dr To 26th Ave).pdf,EUCALYPTUS DR,CLEARFIELD DR,26TH AVE,12,between,,yes,2024-08-15,https://civic-joy-fund.github.io/block-party/striping/#id=8184,https://safitwebapps.blob.core.windows.net/$web/Striping%20Drawings/E_Streets/Eucalyptus%20Dr/STR-8184%20Eucalyptus%20Dr%20%28Clearfield%20Dr%20To%2026th%20Ave%29.pdf,,,,,
high,8184.1,STR-8184.1 Eucalyptus Dr (26th Ave To Junipero Serra Blvd).pdf,EUCALYPTUS DR,26TH AVE,JUNIPERO SERRA BLVD,12,between,,yes,2026-09-17,https://civic-joy-fund.github.io/block-party/striping/#id=8184.1,https://safitwebapps.blob.core.windows.net/$web/Striping%20Drawings/E_Streets/Eucalyptus%20Dr/STR-8184.1%20Eucalyptus%20Dr%20%2826th%20Ave%20To%20Junipero%20Serra%20Blvd%29.pdf,,,,,
high,7894,Euclid Ave_STR-7894 (Parker Ave to Presidio Ave).pdf,EUCLID AVE,PARKER AVE,PRESIDIO AVE,9,between,,yes,2026-04-10,https://civic-joy-fund.github.io/block-party/striping/#id=7894,https://safitwebapps.blob.core.windows.net/$web/Striping%20Drawings/E_Streets/Euclid%20Ave/Euclid%20Ave_STR-7894%20%28Parker%20Ave%20to%20Presidio%20Ave%29.pdf,,,,,
high,,Euclid Ave_STRr-7894.1 (Arguello Blvd to Parker Ave).pdf,EUCLID AVE,ARGUELLO BLVD,PARKER AVE,4,between,,yes,2026-01-15,https://civic-joy-fund.github.io/block-party/striping/#id=66a76cc5c3bc,https://safitwebapps.blob.core.windows.net/$web/Striping%20Drawings/E_Streets/Euclid%20Ave/Euclid%20Ave_STRr-7894.1%20%28Arguello%20Blvd%20to%20Parker%20Ave%29.pdf,,,,,
high,8277,Eureka St_STR-8277 (23rd St to 18th St)r1.pdf,EUREKA ST,23RD ST,18TH ST,7,between,,yes,2026-04-15,https://civic-joy-fund.github.io/block-party/striping/#id=8277,https://safitwebapps.blob.core.windows.net/$web/Striping%20Drawings/E_Streets/Eureka%20St/Eureka%20St_STR-8277%20%2823rd%20St%20to%2018th%20St%29r1.pdf,,,,,
high,8277.1,Eureka St_STR-8277.1 (18th St to 17th St)R.pdf,EUREKA ST,18TH ST,17TH ST,2,between,,yes,2026-03-19,https://civic-joy-fund.github.io/block-party/striping/#id=8277.1,https://safitwebapps.blob.core.windows.net/$web/Striping%20Drawings/E_Streets/Eureka%20St/Eureka%20St_STR-8277.1%20%2818th%20St%20to%2017th%20St%29R.pdf,,,,,
high,8216,Evans Ave_STR-8216 (Cesar Chavez St to Rankin St).pdf,EVANS AVE,CESAR CHAVEZ ST,RANKIN ST,5,between,,yes,2026-03-19,https://civic-joy-fund.github.io/block-party/striping/#id=8216,https://safitwebapps.blob.core.windows.net/$web/Striping%20Drawings/E_Streets/Evans%20St/Evans%20Ave_STR-8216%20%28Cesar%20Chavez%20St%20to%20Rankin%20St%29.pdf,,,,,
high,8216.1,Evans Ave_STR-8216.1 (Rankin St to Mendell St).pdf,EVANS AVE,RANKIN ST,MENDELL ST,7,between,,yes,2026-07-08,https://civic-joy-fund.github.io/block-party/striping/#id=8216.1,https://safitwebapps.blob.core.windows.net/$web/Striping%20Drawings/E_Streets/Evans%20St/Evans%20Ave_STR-8216.1%20%28Rankin%20St%20to%20Mendell%20St%29.pdf,,,,,
high,8216.2,Evans Ave_STR-8216.2 (3rd St to Hunters Point Blvd).pdf,EVANS AVE,03RD ST,HUNTERS POINT BLVD,11,between,,yes,2026-01-24,https://civic-joy-fund.github.io/block-party/striping/#id=8216.2,https://safitwebapps.blob.core.windows.net/$web/Striping%20Drawings/E_Streets/Evans%20St/Evans%20Ave_STR-8216.2%20%283rd%20St%20to%20Hunters%20Point%20Blvd%29.pdf,,,,,
high,7601,Evelyn Way_str-7601 (Portola dr to Teresita blvd).pdf,EVELYN WAY,PORTOLA DR,TERESITA BLVD,3,between,,yes,2026-04-17,https://civic-joy-fund.github.io/block-party/striping/#id=7601,https://safitwebapps.blob.core.windows.net/$web/Striping%20Drawings/E_Streets/Evelyn%20St/Evelyn%20Way_str-7601%20%28Portola%20dr%20to%20Teresita%20blvd%29.pdf,,,,,
high,8307,Excelsior Ave_Str-8307 (Mission St to Munich St).pdf,EXCELSIOR AVE,MISSION ST,MUNICH ST,12,between,,yes,2024-10-25,https://civic-joy-fund.github.io/block-party/striping/#id=8307,https://safitwebapps.blob.core.windows.net/$web/Striping%20Drawings/E_Streets/Excelsior%20Ave_see%20Z_Neighborhood%20Map_Excelsior%20Neighborhood/Excelsior%20Ave_Str-8307%20%28Mission%20St%20to%20Munich%20St%29.pdf,,,,,
high,6240,Executive park blvd_Str-6240 (Thomas Mellon Drive).pdf,EXECUTIVE PARK BLVD,THOMAS MELLON DR,,7,intersection,,yes,2024-08-15,https://civic-joy-fund.github.io/block-party/striping/#id=6240,https://safitwebapps.blob.core.windows.net/$web/Striping%20Drawings/E_Streets/Executive%20Park/Executive%20park%20blvd_Str-6240%20%28Thomas%20Mellon%20Drive%29.pdf,,,,,
high,6806,Str-6806 Fair Ave (Mission to Coleridge).pdf,FAIR AVE,MISSION ST,COLERIDGE ST,2,between,,yes,2024-08-15,https://civic-joy-fund.github.io/block-party/striping/#id=6806,https://safitwebapps.blob.core.windows.net/$web/Striping%20Drawings/F_Streets/Fair%20Ave/Str-6806%20Fair%20Ave%20%28Mission%20to%20Coleridge%29.pdf,,,,,
high,8386,Fair Oaks St_Str-8386 (26th St to 21st St)r3.pdf,FAIR OAKS ST,26TH ST,21ST ST,5,between,,yes,2025-07-11,https://civic-joy-fund.github.io/block-party/striping/#id=8386,https://safitwebapps.blob.core.windows.net/$web/Striping%20Drawings/F_Streets/Fair%20Oaks%20St/Fair%20Oaks%20St_Str-8386%20%2826th%20St%20to%2021st%20St%29r3.pdf,,,,,
high,8422,Fairfax Ave_Str-8422 (Phelps St to Keith St) rev0.pdf,FAIRFAX AVE,PHELPS ST,KEITH ST,4,between,,yes,2024-08-15,https://civic-joy-fund.github.io/block-party/striping/#id=8422,https://safitwebapps.blob.core.windows.net/$web/Striping%20Drawings/F_Streets/Fairfax%20Ave/Fairfax%20Ave_Str-8422%20%28Phelps%20St%20to%20Keith%20St%29%20rev0.pdf,,,,,
high,8434,Farallones St_Str-8434 (Capitol Ave to San Jose Ave) Rev0.pdf,FARALLONES ST,CAPITOL AVE,SAN JOSE AVE,2,between,,yes,2024-08-15,https://civic-joy-fund.github.io/block-party/striping/#id=8434,https://safitwebapps.blob.core.windows.net/$web/Striping%20Drawings/F_Streets/Farallones%20St/Farallones%20St_Str-8434%20%28Capitol%20Ave%20to%20San%20Jose%20Ave%29%20Rev0.pdf,,,,,
high,5367,Faxon Ave _Str-5367 (Ocean ave parking Bay).pdf,FAXON AVE,OCEAN AVE,,8,intersection,,yes,2024-08-15,https://civic-joy-fund.github.io/block-party/striping/#id=5367,https://safitwebapps.blob.core.windows.net/$web/Striping%20Drawings/F_Streets/Faxon/Faxon%20Ave%20_Str-5367%20%28Ocean%20ave%20parking%20Bay%29.pdf,,,,,
high,7978,Fell St_Str-7978 (Stanyan St to Cole St).pdf,FELL ST,STANYAN ST,COLE ST,4,between,,yes,2024-12-11,https://civic-joy-fund.github.io/block-party/striping/#id=7978,https://safitwebapps.blob.core.windows.net/$web/Striping%20Drawings/F_Streets/Fell%20St/Fell%20St_Str-7978%20%28Stanyan%20St%20to%20Cole%20St%29.pdf,,,,,
high,7978.1,Fell St_Str-7978.1 (Cole St to Baker St) rev14.pdf,FELL ST,COLE ST,BAKER ST,6,between,,yes,2026-01-07,https://civic-joy-fund.github.io/block-party/striping/#id=7978.1,https://safitwebapps.blob.core.windows.net/$web/Striping%20Drawings/F_Streets/Fell%20St/Fell%20St_Str-7978.1%20%28Cole%20St%20to%20Baker%20St%29%20rev14.pdf,,,,,
high,7978.2,Fell St_Str-7978.2 (Baker St to Steiner St).pdf,FELL ST,BAKER ST,STEINER ST,5,between,,yes,2025-08-02,https://civic-joy-fund.github.io/block-party/striping/#id=7978.2,https://safitwebapps.blob.core.windows.net/$web/Striping%20Drawings/F_Streets/Fell%20St/Fell%20St_Str-7978.2%20%28Baker%20St%20to%20Steiner%20St%29.pdf,,,,,
high,7978.3,Fell St_Str-7978.3 (Steiner St to Gough St).pdf,FELL ST,STEINER ST,GOUGH ST,6,between,,yes,2025-10-03,https://civic-joy-fund.github.io/block-party/striping/#id=7978.3,https://safitwebapps.blob.core.windows.net/$web/Striping%20Drawings/F_Streets/Fell%20St/Fell%20St_Str-7978.3%20%28Steiner%20St%20to%20Gough%20St%29.pdf,,,,,
high,7978.4,Fell St_Str-7978.4 (Gough St to Market St).pdf,FELL ST,GOUGH ST,MARKET ST,3,between,,yes,2026-07-01,https://civic-joy-fund.github.io/block-party/striping/#id=7978.4,https://safitwebapps.blob.core.windows.net/$web/Striping%20Drawings/F_Streets/Fell%20St/Fell%20St_Str-7978.4%20%28Gough%20St%20to%20Market%20St%29.pdf,,,,,
high,5926,Felton st_str-5926 (Peru St to Oxford St)r1_see 8533 corridor file.pdf,FELTON ST,PERU AVE,OXFORD ST,4,between,,yes,2026-03-12,https://civic-joy-fund.github.io/block-party/striping/#id=5926,https://safitwebapps.blob.core.windows.net/$web/Striping%20Drawings/F_Streets/Felton%20St/Felton%20st_str-5926%20%28Peru%20St%20to%20Oxford%20St%29r1_see%208533%20corridor%20file.pdf,,,,,
high,8533.1,Felton St_STR-8533.1 (University St to San Bruno Ave) rev0.pdf,FELTON ST,UNIVERSITY ST,SAN BRUNO AVE,11,between,,yes,2026-03-12,https://civic-joy-fund.github.io/block-party/striping/#id=8533.1,https://safitwebapps.blob.core.windows.net/$web/Striping%20Drawings/F_Streets/Felton%20St/Felton%20St_STR-8533.1%20%28University%20St%20to%20San%20Bruno%20Ave%29%20rev0.pdf,,,,,
high,8270,Fernwood Dr_Str-8270 (El Verano Way to Ravenwood Dr).pdf,FERNWOOD DR,EL VERANO WAY,RAVENWOOD DR,2,between,,yes,2024-08-15,https://civic-joy-fund.github.io/block-party/striping/#id=8270,https://safitwebapps.blob.core.windows.net/$web/Striping%20Drawings/F_Streets/Fernwood%20Dr/Fernwood%20Dr_Str-8270%20%28El%20Verano%20Way%20to%20Ravenwood%20Dr%29.pdf,,,,,
high,5927,Filbert st_str-5927 (Van ness Ave to Jones St).pdf,FILBERT ST,VAN NESS AVE,JONES ST,7,between,,yes,2024-12-05,https://civic-joy-fund.github.io/block-party/striping/#id=5927,https://safitwebapps.blob.core.windows.net/$web/Striping%20Drawings/F_Streets/Filbert%20St/Filbert%20st_str-5927%20%28Van%20ness%20Ave%20to%20Jones%20St%29.pdf,,,,,
high,8089,Filbert St_Str-8089 (Jones St to Kearny St).pdf,FILBERT ST,JONES ST,KEARNY ST,17,between,,yes,2026-09-16,https://civic-joy-fund.github.io/block-party/striping/#id=8089,https://safitwebapps.blob.core.windows.net/$web/Striping%20Drawings/F_Streets/Filbert%20St/Filbert%20St_Str-8089%20%28Jones%20St%20to%20Kearny%20St%29.pdf,,,,,
high,4072,Fillmore st_str-4072 (Chestnut St to Clay St.pdf,FILLMORE ST,CHESTNUT ST,CLAY ST,14,between,,yes,2026-04-23,https://civic-joy-fund.github.io/block-party/striping/#id=4072,https://safitwebapps.blob.core.windows.net/$web/Striping%20Drawings/F_Streets/Fillmore%20St/Fillmore%20st_str-4072%20%28Chestnut%20St%20to%20Clay%20St.pdf,,,,,
high,4072.1,Fillmore st_str-4072.1 (Sacramento St to Golden Gate Ave).pdf,FILLMORE ST,SACRAMENTO ST,GOLDEN GATE AVE,14,between,,yes,2026-04-23,https://civic-joy-fund.github.io/block-party/striping/#id=4072.1,https://safitwebapps.blob.core.windows.net/$web/Striping%20Drawings/F_Streets/Fillmore%20St/Fillmore%20st_str-4072.1%20%28Sacramento%20St%20to%20Golden%20Gate%20Ave%29.pdf,,,,,
high,6570,Fillmore St_str-6570 (Chestnut St to Marina St).pdf,FILLMORE ST,CHESTNUT ST,MARINA BLVD,12,between,,yes,2026-04-23,https://civic-joy-fund.github.io/block-party/striping/#id=6570,https://safitwebapps.blob.core.windows.net/$web/Striping%20Drawings/F_Streets/Fillmore%20St/Fillmore%20St_str-6570%20%28Chestnut%20St%20to%20Marina%20St%29.pdf,,,,,
high,8510,Fillmore St_STR-8510 (Duboce Ave to Fulton St).pdf,FILLMORE ST,DUBOCE AVE,FULTON ST,12,between,,yes,2026-01-21,https://civic-joy-fund.github.io/block-party/striping/#id=8510,https://safitwebapps.blob.core.windows.net/$web/Striping%20Drawings/F_Streets/Fillmore%20St/Fillmore%20St_STR-8510%20%28Duboce%20Ave%20to%20Fulton%20St%29.pdf,,,,,
high,8485,Flood Ave_STR-8485 (Hazelwood Ave to Detroit St).pdf,FLOOD AVE,HAZELWOOD AVE,DETROIT ST,6,between,,yes,2026-02-25,https://civic-joy-fund.github.io/block-party/striping/#id=8485,https://safitwebapps.blob.core.windows.net/$web/Striping%20Drawings/F_Streets/Flood%20Ave/Flood%20Ave_STR-8485%20%28Hazelwood%20Ave%20to%20Detroit%20St%29.pdf,,,,,
high,8485.1,Flood Ave_STR-8485.1 (Detroit St to Circular Ave).pdf,FLOOD AVE,DETROIT ST,CIRCULAR AVE,2,between,,yes,2026-02-25,https://civic-joy-fund.github.io/block-party/striping/#id=8485.1,https://safitwebapps.blob.core.windows.net/$web/Striping%20Drawings/F_Streets/Flood%20Ave/Flood%20Ave_STR-8485.1%20%28Detroit%20St%20to%20Circular%20Ave%29.pdf,,,,,
high,8550,Florida St_STR-8550 (Peralta Ave to 23rd St)r1.pdf,FLORIDA ST,PERALTA AVE,23RD ST,6,between,,yes,2026-09-24,https://civic-joy-fund.github.io/block-party/striping/#id=8550,https://safitwebapps.blob.core.windows.net/$web/Striping%20Drawings/F_Streets/Florida%20St/Florida%20St_STR-8550%20%28Peralta%20Ave%20to%2023rd%20St%29r1.pdf,,,,,
high,8183,Foerster St_Str-8183 (Judson Ave to Mangels Ave)r8.pdf,FOERSTER ST,JUDSON AVE,MANGELS AVE,8,between,,yes,2026-03-06,https://civic-joy-fund.github.io/block-party/striping/#id=8183,https://safitwebapps.blob.core.windows.net/$web/Striping%20Drawings/F_Streets/Foerster%20St%20at%20Teresita%20Blvd/Foerster%20St_Str-8183%20%28Judson%20Ave%20to%20Mangels%20Ave%29r8.pdf,,,,,
high,7610,Folsom St_STR-7610 (4th St to 1st St).pdf,FOLSOM ST,04TH ST,01ST ST,9,between,,yes,2026-09-10,https://civic-joy-fund.github.io/block-party/striping/#id=7610,https://safitwebapps.blob.core.windows.net/$web/Striping%20Drawings/F_Streets/Folsom%20St/Folsom%20St_STR-7610%20%284th%20St%20to%201st%20St%29.pdf,,,,,
high,7610.1,Folsom St_STR-7610.1 (7th St to 4th St).pdf,FOLSOM ST,07TH ST,04TH ST,13,between,,yes,2026-08-20,https://civic-joy-fund.github.io/block-party/striping/#id=7610.1,https://safitwebapps.blob.core.windows.net/$web/Striping%20Drawings/F_Streets/Folsom%20St/Folsom%20St_STR-7610.1%20%287th%20St%20to%204th%20St%29.pdf,,,,,
high,7766,Folsom St_STR-7766 (Bernal Heights to Cesar Chavez St).pdf,FOLSOM ST,BERNAL HEIGHTS BLVD,CESAR CHAVEZ ST,6,between,,yes,2025-06-03,https://civic-joy-fund.github.io/block-party/striping/#id=7766,https://safitwebapps.blob.core.windows.net/$web/Striping%20Drawings/F_Streets/Folsom%20St/Folsom%20St_STR-7766%20%28Bernal%20Heights%20to%20Cesar%20Chavez%20St%29.pdf,,,,,
high,7766.1,Folsom St_STR-7766.1 (Cesar Chavez to 22nd St).pdf,FOLSOM ST,CESAR CHAVEZ ST,22ND ST,7,between,,yes,2026-01-06,https://civic-joy-fund.github.io/block-party/striping/#id=7766.1,https://safitwebapps.blob.core.windows.net/$web/Striping%20Drawings/F_Streets/Folsom%20St/Folsom%20St_STR-7766.1%20%28Cesar%20Chavez%20to%2022nd%20St%29.pdf,,,,,
high,7766.2,Folsom St_STR-7766.2 (22nd St to 17th St).pdf,FOLSOM ST,22ND ST,17TH ST,6,between,,yes,2026-04-03,https://civic-joy-fund.github.io/block-party/striping/#id=7766.2,https://safitwebapps.blob.core.windows.net/$web/Striping%20Drawings/F_Streets/Folsom%20St/Folsom%20St_STR-7766.2%20%2822nd%20St%20to%2017th%20St%29.pdf,,,,,
high,7766.3,Folsom St_STR-7766.3 (17th St to 12th St).pdf,FOLSOM ST,17TH ST,12TH ST,8,between,,yes,2025-10-21,https://civic-joy-fund.github.io/block-party/striping/#id=7766.3,https://safitwebapps.blob.core.windows.net/$web/Striping%20Drawings/F_Streets/Folsom%20St/Folsom%20St_STR-7766.3%20%2817th%20St%20to%2012th%20St%29.pdf,,,,,
high,7766.4,Folsom St_STR-7766.4 (12th St to 7th St).pdf,FOLSOM ST,12TH ST,07TH ST,15,between,,yes,2024-08-15,https://civic-joy-fund.github.io/block-party/striping/#id=7766.4,https://safitwebapps.blob.core.windows.net/$web/Striping%20Drawings/F_Streets/Folsom%20St/Folsom%20St_STR-7766.4%20%2812th%20St%20to%207th%20St%29.pdf,,,,,
high,8511,Folsom St_STR-8511 (Alemany Blvd to Bernal Heights Blvd).pdf,FOLSOM ST,ALEMANY BLVD,BERNAL HEIGHTS BLVD,9,between,,yes,2026-01-17,https://civic-joy-fund.github.io/block-party/striping/#id=8511,https://safitwebapps.blob.core.windows.net/$web/Striping%20Drawings/F_Streets/Folsom%20St/Folsom%20St_STR-8511%20%28Alemany%20Blvd%20to%20Bernal%20Heights%20Blvd%29.pdf,,,,,
high,4758,Francisco st Str-4758 (Laguna st to Polk st) See Kenneth Kwong 2025-06-05.pdf,FRANCISCO ST,LAGUNA ST,POLK ST,6,between,,yes,2025-06-06,https://civic-joy-fund.github.io/block-party/striping/#id=4758,https://safitwebapps.blob.core.windows.net/$web/Striping%20Drawings/F_Streets/Francisco%20St/Francisco%20st%20Str-4758%20%28Laguna%20st%20to%20Polk%20st%29%20See%20Kenneth%20Kwong%202025-06-05.pdf,,,,,
high,8115,Francisco St_Str-8115 (Lyon St to Scott St).pdf,FRANCISCO ST,LYON ST,SCOTT ST,5,between,,yes,2024-12-11,https://civic-joy-fund.github.io/block-party/striping/#id=8115,https://safitwebapps.blob.core.windows.net/$web/Striping%20Drawings/F_Streets/Francisco%20St/Francisco%20St_Str-8115%20%28Lyon%20St%20to%20Scott%20St%29.pdf,,,,,
high,8144,Francisco St_Str-8144 (Hyde St to Stockton St.pdf,FRANCISCO ST,HYDE ST,STOCKTON ST,9,between,,yes,2025-12-06,https://civic-joy-fund.github.io/block-party/striping/#id=8144,https://safitwebapps.blob.core.windows.net/$web/Striping%20Drawings/F_Streets/Francisco%20St/Francisco%20St_Str-8144%20%28Hyde%20St%20to%20Stockton%20St.pdf,,,,,
high,8144.1,Francisco St_Str-8144.1 (Stockton St to Montgomery St).pdf,FRANCISCO ST,STOCKTON ST,MONTGOMERY ST,7,between,,yes,2026-03-05,https://civic-joy-fund.github.io/block-party/striping/#id=8144.1,https://safitwebapps.blob.core.windows.net/$web/Striping%20Drawings/F_Streets/Francisco%20St/Francisco%20St_Str-8144.1%20%28Stockton%20St%20to%20Montgomery%20St%29.pdf,,,,,
high,7992,Frank Norris St_ Str-7992 (Polk St to Larkin St).pdf,FRANK NORRIS ST,POLK ST,LARKIN ST,1,between,,yes,2024-08-15,https://civic-joy-fund.github.io/block-party/striping/#id=7992,https://safitwebapps.blob.core.windows.net/$web/Striping%20Drawings/F_Streets/Frank%20Norris%20St/Frank%20Norris%20St_%20Str-7992%20%28Polk%20St%20to%20Larkin%20St%29.pdf,,,,,
high,8107,Franklin st_Str-8107 (Market St to Golden Gate Ave).pdf,FRANKLIN ST,MARKET ST,GOLDEN GATE AVE,15,between,,yes,2026-06-18,https://civic-joy-fund.github.io/block-party/striping/#id=8107,https://safitwebapps.blob.core.windows.net/$web/Striping%20Drawings/F_Streets/Franklin%20St/Franklin%20st_Str-8107%20%28Market%20St%20to%20Golden%20Gate%20Ave%29.pdf,,,,,
high,8107.1,Franklin st_Str-8107.1 (Golden Gate Ave to Bush St).pdf,FRANKLIN ST,GOLDEN GATE AVE,BUSH ST,19,between,,yes,2025-09-04,https://civic-joy-fund.github.io/block-party/striping/#id=8107.1,https://safitwebapps.blob.core.windows.net/$web/Striping%20Drawings/F_Streets/Franklin%20St/Franklin%20st_Str-8107.1%20%28Golden%20Gate%20Ave%20to%20Bush%20St%29.pdf,,,,,
high,8107.2,Franklin st_Str-8107.2 (Bush St to Vallejo St).pdf,FRANKLIN ST,BUSH ST,VALLEJO ST,13,between,,yes,2024-08-15,https://civic-joy-fund.github.io/block-party/striping/#id=8107.2,https://safitwebapps.blob.core.windows.net/$web/Striping%20Drawings/F_Streets/Franklin%20St/Franklin%20st_Str-8107.2%20%28Bush%20St%20to%20Vallejo%20St%29.pdf,,,,,
high,8107.3,Franklin st_Str-8107.3 (Vallejo St to Bay St).pdf,FRANKLIN ST,VALLEJO ST,BAY ST,11,between,,yes,2025-12-13,https://civic-joy-fund.github.io/block-party/striping/#id=8107.3,https://safitwebapps.blob.core.windows.net/$web/Striping%20Drawings/F_Streets/Franklin%20St/Franklin%20st_Str-8107.3%20%28Vallejo%20St%20to%20Bay%20St%29.pdf,,,,,
high,7847,Frederick St_Str-7847 (Arguello Blvd to Buena Vista).pdf,FREDERICK ST,ARGUELLO BLVD,BUENA VISTA AVE,11,between,,yes,2026-08-04,https://civic-joy-fund.github.io/block-party/striping/#id=7847,https://safitwebapps.blob.core.windows.net/$web/Striping%20Drawings/F_Streets/Frederick%20St/Frederick%20St_Str-7847%20%28Arguello%20Blvd%20to%20Buena%20Vista%29.pdf,,,,,
high,7567,Fremont st_str-7567 (Market St to Harrison St)r28.pdf,FREMONT ST,MARKET ST,HARRISON ST,7,between,,yes,2026-01-29,https://civic-joy-fund.github.io/block-party/striping/#id=7567,https://safitwebapps.blob.core.windows.net/$web/Striping%20Drawings/F_Streets/Fremont%20St/Fremont%20st_str-7567%20%28Market%20St%20to%20Harrison%20St%29r28.pdf,,,,,
high,8302,Frida Kahlo Way _STR-8302 (Ocean Ave to Judson Ave).pdf,FRIDA KAHLO WAY,OCEAN AVE,JUDSON AVE,3,between,,yes,2026-09-24,https://civic-joy-fund.github.io/block-party/striping/#id=8302,https://safitwebapps.blob.core.windows.net/$web/Striping%20Drawings/F_Streets/Frida%20Khalo%20Way/Frida%20Kahlo%20Way%20_STR-8302%20%28Ocean%20Ave%20to%20Judson%20Ave%29.pdf,,,,,
high,3006,Front st_str-3006 (Broadway St to Market St).pdf,FRONT ST,BROADWAY,MARKET ST,7,between,,yes,2024-08-15,https://civic-joy-fund.github.io/block-party/striping/#id=3006,https://safitwebapps.blob.core.windows.net/$web/Striping%20Drawings/F_Streets/Front%20St/Front%20st_str-3006%20%28Broadway%20St%20to%20Market%20St%29.pdf,,,,,
high,4760,Front st_str-4760 (Green St to Vallejo St).pdf,FRONT ST,GREEN ST,VALLEJO ST,1,between,,yes,2026-01-16,https://civic-joy-fund.github.io/block-party/striping/#id=4760,https://safitwebapps.blob.core.windows.net/$web/Striping%20Drawings/F_Streets/Front%20St/Front%20st_str-4760%20%28Green%20St%20to%20Vallejo%20St%29.pdf,,,,,
high,7970,1-Fulton St_str-7970 (GreatHigh Way to 42nd Ave).pdf,FULTON ST,GREAT HWY,42ND AVE,9,between,,yes,2025-08-27,https://civic-joy-fund.github.io/block-party/striping/#id=7970,https://safitwebapps.blob.core.windows.net/$web/Striping%20Drawings/F_Streets/Fulton%20St/1-Fulton%20St_str-7970%20%28GreatHigh%20Way%20to%2042nd%20Ave%29.pdf,,,,,
high,2243.6,10-Fulton St_str-2243.6 (Scott St to Gough St) See Deifilia Montoya 2026-04-02.pdf,FULTON ST,SCOTT ST,GOUGH ST,11,between,,yes,2026-04-03,https://civic-joy-fund.github.io/block-party/striping/#id=2243.6,https://safitwebapps.blob.core.windows.net/$web/Striping%20Drawings/F_Streets/Fulton%20St/10-Fulton%20St_str-2243.6%20%28Scott%20St%20to%20Gough%20St%29%20See%20Deifilia%20Montoya%202026-04-02.pdf,,,,,
high,7970.1,2-Fulton St_str-7970.1 (42nd Ave to 34th Ave).pdf,FULTON ST,42ND AVE,34TH AVE,10,between,,yes,2025-08-27,https://civic-joy-fund.github.io/block-party/striping/#id=7970.1,https://safitwebapps.blob.core.windows.net/$web/Striping%20Drawings/F_Streets/Fulton%20St/2-Fulton%20St_str-7970.1%20%2842nd%20Ave%20to%2034th%20Ave%29.pdf,,,,,
high,7970.2,3-Fulton St_str-7970.2 (34th Ave to 26th Ave).pdf,FULTON ST,34TH AVE,26TH AVE,10,between,,yes,2025-12-12,https://civic-joy-fund.github.io/block-party/striping/#id=7970.2,https://safitwebapps.blob.core.windows.net/$web/Striping%20Drawings/F_Streets/Fulton%20St/3-Fulton%20St_str-7970.2%20%2834th%20Ave%20to%2026th%20Ave%29.pdf,,,,,
high,7970.3,4-Fulton St_STR-7970.3 (26th Ave to 14th Ave).pdf,FULTON ST,26TH AVE,14TH AVE,15,between,,yes,2025-12-12,https://civic-joy-fund.github.io/block-party/striping/#id=7970.3,https://safitwebapps.blob.core.windows.net/$web/Striping%20Drawings/F_Streets/Fulton%20St/4-Fulton%20St_STR-7970.3%20%2826th%20Ave%20to%2014th%20Ave%29.pdf,,,,,
high,7970.4,5-Fulton St_STR-7970.4 (18th Ave to 8th Ave).pdf,FULTON ST,18TH AVE,08TH AVE,13,between,,yes,2026-09-24,https://civic-joy-fund.github.io/block-party/striping/#id=7970.4,https://safitwebapps.blob.core.windows.net/$web/Striping%20Drawings/F_Streets/Fulton%20St/5-Fulton%20St_STR-7970.4%20%2818th%20Ave%20to%208th%20Ave%29.pdf,,,,,
high,7970.5,6-Fulton St_STR-7970.5 (8th Ave to Arguello Blvd)R.pdf,FULTON ST,08TH AVE,ARGUELLO BLVD,8,between,,yes,2026-09-24,https://civic-joy-fund.github.io/block-party/striping/#id=7970.5,https://safitwebapps.blob.core.windows.net/$web/Striping%20Drawings/F_Streets/Fulton%20St/6-Fulton%20St_STR-7970.5%20%288th%20Ave%20to%20Arguello%20Blvd%29R.pdf,,,,,
high,7970.6,7-Fulton St_STR-7970.6 (Arguello Blvd to Loyola Terrace).pdf,FULTON ST,ARGUELLO BLVD,LOYOLA TER,11,between,,yes,2025-08-27,https://civic-joy-fund.github.io/block-party/striping/#id=7970.6,https://safitwebapps.blob.core.windows.net/$web/Striping%20Drawings/F_Streets/Fulton%20St/7-Fulton%20St_STR-7970.6%20%28Arguello%20Blvd%20to%20Loyola%20Terrace%29.pdf,,,,,
high,7970.7,8-Fulton St_STR-7970.7 (Loyola Terrace to Broderick St).pdf,FULTON ST,LOYOLA TER,BRODERICK ST,8,between,,yes,2026-02-27,https://civic-joy-fund.github.io/block-party/striping/#id=7970.7,https://safitwebapps.blob.core.windows.net/$web/Striping%20Drawings/F_Streets/Fulton%20St/8-Fulton%20St_STR-7970.7%20%28Loyola%20Terrace%20to%20Broderick%20St%29.pdf,,,,,
high,7970.8,9-Fulton St_STR-7970.8 (Broderick St to Scott St) See Deifilia Montoya 2026-03-25.pdf,FULTON ST,BRODERICK ST,SCOTT ST,2,between,,yes,2026-03-26,https://civic-joy-fund.github.io/block-party/striping/#id=7970.8,https://safitwebapps.blob.core.windows.net/$web/Striping%20Drawings/F_Streets/Fulton%20St/9-Fulton%20St_STR-7970.8%20%28Broderick%20St%20to%20Scott%20St%29%20See%20Deifilia%20Montoya%202026-03-25.pdf,,,,,
high,8041,Funston Ave_Str-8041 (Fulton St to Geary Blvd).pdf,FUNSTON AVE,FULTON ST,GEARY BLVD,4,between,,yes,2026-07-30,https://civic-joy-fund.github.io/block-party/striping/#id=8041,https://safitwebapps.blob.core.windows.net/$web/Striping%20Drawings/F_Streets/Funston%20Ave/Funston%20Ave_Str-8041%20%28Fulton%20St%20to%20Geary%20Blvd%29.pdf,,,,,
high,8041.1,Funston Ave_Str-8041.1 (Geary Blvd to Lake St).pdf,FUNSTON AVE,GEARY BLVD,LAKE ST,4,between,,yes,2026-02-21,https://civic-joy-fund.github.io/block-party/striping/#id=8041.1,https://safitwebapps.blob.core.windows.net/$web/Striping%20Drawings/F_Streets/Funston%20Ave/Funston%20Ave_Str-8041.1%20%28Geary%20Blvd%20to%20Lake%20St%29.pdf,,,,,
high,8094.2,Funston Ave_STR-8094.2 (Lawton St to Lincoln Way).pdf,FUNSTON AVE,LAWTON ST,LINCOLN WAY,6,between,,yes,2026-06-24,https://civic-joy-fund.github.io/block-party/striping/#id=8094.2,https://safitwebapps.blob.core.windows.net/$web/Striping%20Drawings/F_Streets/Funston%20Ave/Funston%20Ave_STR-8094.2%20%28Lawton%20St%20to%20Lincoln%20Way%29.pdf,,,,,
high,8437,Galvez Ave_Str-8437 (Toland St to Mendell St).pdf,GALVEZ AVE,TOLAND ST,MENDELL ST,3,between,,yes,2024-12-13,https://civic-joy-fund.github.io/block-party/striping/#id=8437,https://safitwebapps.blob.core.windows.net/$web/Striping%20Drawings/G_Streets/Galvez%20Ave/Galvez%20Ave_Str-8437%20%28Toland%20St%20to%20Mendell%20St%29.pdf,,,,,
high,6820,Gardenside Dr_Str- 6820(Gardenside_Burnett).pdf,GARDENSIDE DR,BURNETT AVE,,6,intersection,,yes,2024-08-15,https://civic-joy-fund.github.io/block-party/striping/#id=6820,https://safitwebapps.blob.core.windows.net/$web/Striping%20Drawings/G_Streets/Gardenside%20Dr/Gardenside%20Dr_Str-%206820%28Gardenside_Burnett%29.pdf,,,,,
high,8073,Garfield St_Str-8073 (Junipero Serra Blvd to Orizaba Ave).pdf,GARFIELD ST,JUNIPERO SERRA BLVD,ORIZABA AVE,11,between,,yes,2026-09-03,https://civic-joy-fund.github.io/block-party/striping/#id=8073,https://safitwebapps.blob.core.windows.net/$web/Striping%20Drawings/G_Streets/Garfield%20St/Garfield%20St_Str-8073%20%28Junipero%20Serra%20Blvd%20to%20Orizaba%20Ave%29.pdf,,,,,
high,8134,Gaven St_STR-8134 (Bowdoin  St  to San Bruno Ave).pdf,GAVEN ST,BOWDOIN ST,SAN BRUNO AVE,4,between,,yes,2025-11-11,https://civic-joy-fund.github.io/block-party/striping/#id=8134,https://safitwebapps.blob.core.windows.net/$web/Striping%20Drawings/G_Streets/Gaven%20St/Gaven%20St_STR-8134%20%28Bowdoin%20%20St%20%20to%20San%20Bruno%20Ave%29.pdf,,,,,
high,,Gaviota WayStr-8414 ( Bella Vista Way to Teresita Blvd).pdf,GAVIOTA WAY,BELLA VISTA WAY,TERESITA BLVD,1,between,,yes,2024-08-15,https://civic-joy-fund.github.io/block-party/striping/#id=39c7a344e902,https://safitwebapps.blob.core.windows.net/$web/Striping%20Drawings/G_Streets/Gaviota%20Way/Gaviota%20WayStr-8414%20%28%20Bella%20Vista%20Way%20to%20Teresita%20Blvd%29.pdf,,,,,
high,8222,1-Geary Blvd_Str-8222 (48th Ave to 39th Ave).pdf,GEARY BLVD,48TH AVE,39TH AVE,16,between,,yes,2024-08-15,https://civic-joy-fund.github.io/block-party/striping/#id=8222,https://safitwebapps.blob.core.windows.net/$web/Striping%20Drawings/G_Streets/Geary%20blvd/1-Geary%20Blvd_Str-8222%20%2848th%20Ave%20to%2039th%20Ave%29.pdf,,,,,
high,8222.9,10-Geary Blvd_Str-8222.9 (Laguna St to Van Ness Ave).pdf,GEARY BLVD,LAGUNA ST,VAN NESS AVE,5,between,,yes,2026-07-16,https://civic-joy-fund.github.io/block-party/striping/#id=8222.9,https://safitwebapps.blob.core.windows.net/$web/Striping%20Drawings/G_Streets/Geary%20blvd/10-Geary%20Blvd_Str-8222.9%20%28Laguna%20St%20to%20Van%20Ness%20Ave%29.pdf,,,,,
high,8222.1,2-Geary Blvd_Str-8222.1 (39th Ave to 31St Ave).pdf,GEARY BLVD,39TH AVE,31ST AVE,20,between,,yes,2026-07-16,https://civic-joy-fund.github.io/block-party/striping/#id=8222.1,https://safitwebapps.blob.core.windows.net/$web/Striping%20Drawings/G_Streets/Geary%20blvd/2-Geary%20Blvd_Str-8222.1%20%2839th%20Ave%20to%2031St%20Ave%29.pdf,,,,,
high,8222.2,3-Geary Blvd_Str-8222.2 (31St Ave to 23rd Ave).pdf,GEARY BLVD,31ST AVE,23RD AVE,20,between,,yes,2025-09-01,https://civic-joy-fund.github.io/block-party/striping/#id=8222.2,https://safitwebapps.blob.core.windows.net/$web/Striping%20Drawings/G_Streets/Geary%20blvd/3-Geary%20Blvd_Str-8222.2%20%2831St%20Ave%20to%2023rd%20Ave%29.pdf,,,,,
high,8222.3,4-Geary Blvd_Str-8222.3 (23rd Ave to 15th Ave).pdf,GEARY BLVD,23RD AVE,15TH AVE,20,between,,yes,2024-08-15,https://civic-joy-fund.github.io/block-party/striping/#id=8222.3,https://safitwebapps.blob.core.windows.net/$web/Striping%20Drawings/G_Streets/Geary%20blvd/4-Geary%20Blvd_Str-8222.3%20%2823rd%20Ave%20to%2015th%20Ave%29.pdf,,,,,
high,8222.4,5-Geary Blvd_Str-8222.4 (15th Ave to 6th Ave).pdf,GEARY BLVD,15TH AVE,06TH AVE,24,between,,yes,2025-09-01,https://civic-joy-fund.github.io/block-party/striping/#id=8222.4,https://safitwebapps.blob.core.windows.net/$web/Striping%20Drawings/G_Streets/Geary%20blvd/5-Geary%20Blvd_Str-8222.4%20%2815th%20Ave%20to%206th%20Ave%29.pdf,,,,,
high,8222.5,6-Geary Blvd_Str-8222.5 (6th Ave to Jordan Ave).pdf,GEARY BLVD,06TH AVE,JORDAN AVE,19,between,,yes,2024-10-03,https://civic-joy-fund.github.io/block-party/striping/#id=8222.5,https://safitwebapps.blob.core.windows.net/$web/Striping%20Drawings/G_Streets/Geary%20blvd/6-Geary%20Blvd_Str-8222.5%20%286th%20Ave%20to%20Jordan%20Ave%29.pdf,,,,,
high,8222.6,7-Geary Blvd_Str-8222.6 (Jordan Ave to Masonic Ave).pdf,GEARY BLVD,JORDAN AVE,MASONIC AVE,24,between,,yes,2026-10-01,https://civic-joy-fund.github.io/block-party/striping/#id=8222.6,https://safitwebapps.blob.core.windows.net/$web/Striping%20Drawings/G_Streets/Geary%20blvd/7-Geary%20Blvd_Str-8222.6%20%28Jordan%20Ave%20to%20Masonic%20Ave%29.pdf,,,,,
high,8222.7,8-Geary Blvd_Str-8222.7 (Masonic Ave to Scott St).pdf,GEARY BLVD,MASONIC AVE,SCOTT ST,12,between,,yes,2026-01-06,https://civic-joy-fund.github.io/block-party/striping/#id=8222.7,https://safitwebapps.blob.core.windows.net/$web/Striping%20Drawings/G_Streets/Geary%20blvd/8-Geary%20Blvd_Str-8222.7%20%28Masonic%20Ave%20to%20Scott%20St%29.pdf,,,,,
high,8222.8,9-Geary Blvd_Str-8222.8 (Scott St to Laguna St).pdf,GEARY BLVD,SCOTT ST,LAGUNA ST,14,between,,yes,2025-09-04,https://civic-joy-fund.github.io/block-party/striping/#id=8222.8,https://safitwebapps.blob.core.windows.net/$web/Striping%20Drawings/G_Streets/Geary%20blvd/9-Geary%20Blvd_Str-8222.8%20%28Scott%20St%20to%20Laguna%20St%29.pdf,,,,,
high,8155,Gellert Dr_Str-8155 (Ocean Ave to Everglade Dr).pdf,GELLERT DR,OCEAN AVE,EVERGLADE DR,3,between,,yes,2024-08-15,https://civic-joy-fund.github.io/block-party/striping/#id=8155,https://safitwebapps.blob.core.windows.net/$web/Striping%20Drawings/G_Streets/Gellert%20Dr/Gellert%20Dr_Str-8155%20%28Ocean%20Ave%20to%20Everglade%20Dr%29.pdf,,,,,
high,8155.1,Gellert Dr_Str-8155.1 (Everglade Dr to Middlefield Dr).pdf,GELLERT DR,EVERGLADE DR,MIDDLEFIELD DR,1,between,,yes,2024-08-15,https://civic-joy-fund.github.io/block-party/striping/#id=8155.1,https://safitwebapps.blob.core.windows.net/$web/Striping%20Drawings/G_Streets/Gellert%20Dr/Gellert%20Dr_Str-8155.1%20%28Everglade%20Dr%20to%20Middlefield%20Dr%29.pdf,,,,,
high,7692,1_Geneva Ave_str-7692 (Ocean ave_Frida Kahlo Way to san jose).pdf,GENEVA AVE,FRIDA KAHLO WAY,SAN JOSE AVE,9,between,,yes,2026-03-05,https://civic-joy-fund.github.io/block-party/striping/#id=7692,https://safitwebapps.blob.core.windows.net/$web/Striping%20Drawings/G_Streets/Geneva%20Ave/1_Geneva%20Ave_str-7692%20%28Ocean%20ave_Frida%20Kahlo%20Way%20to%20san%20jose%29.pdf,,,,,
high,7501,2_Geneva Ave_str-7501 (San Jose Ave to Baywood).pdf,GENEVA AVE,SAN JOSE AVE,BAYWOOD CT,7,between,,yes,2025-03-12,https://civic-joy-fund.github.io/block-party/striping/#id=7501,https://safitwebapps.blob.core.windows.net/$web/Striping%20Drawings/G_Streets/Geneva%20Ave/2_Geneva%20Ave_str-7501%20%28San%20Jose%20Ave%20to%20Baywood%29.pdf,,,,,
high,7501.1,3_Geneva Ave_str-7501.1 (Baywood Ct to Vienna St).pdf,GENEVA AVE,BAYWOOD CT,VIENNA ST,25,between,,yes,2026-03-05,https://civic-joy-fund.github.io/block-party/striping/#id=7501.1,https://safitwebapps.blob.core.windows.net/$web/Striping%20Drawings/G_Streets/Geneva%20Ave/3_Geneva%20Ave_str-7501.1%20%28Baywood%20Ct%20to%20Vienna%20St%29.pdf,,,,,
high,7501.2,4_Geneva Ave_str 7501.2 (Vienna St to Brookdale).pdf,GENEVA AVE,VIENNA ST,BROOKDALE AVE,17,between,,yes,2026-07-14,https://civic-joy-fund.github.io/block-party/striping/#id=7501.2,https://safitwebapps.blob.core.windows.net/$web/Striping%20Drawings/G_Streets/Geneva%20Ave/4_Geneva%20Ave_str%207501.2%20%28Vienna%20St%20to%20Brookdale%29.pdf,,,,,
high,7501.3,5_Geneva Ave_str 7501.3 (Stoneridge Ave to Santos St).pdf,GENEVA AVE,STONERIDGE LN,SANTOS ST,12,between,,yes,2026-03-05,https://civic-joy-fund.github.io/block-party/striping/#id=7501.3,https://safitwebapps.blob.core.windows.net/$web/Striping%20Drawings/G_Streets/Geneva%20Ave/5_Geneva%20Ave_str%207501.3%20%28Stoneridge%20Ave%20to%20Santos%20St%29.pdf,,,,,
high,7843,Gennessee St_Str-7843 (Judson Ave to Monterey Blvd).pdf,GENNESSEE ST,JUDSON AVE,MONTEREY BLVD,4,between,,yes,2026-09-30,https://civic-joy-fund.github.io/block-party/striping/#id=7843,https://safitwebapps.blob.core.windows.net/$web/Striping%20Drawings/G_Streets/Gennessee%20St/Gennessee%20St_Str-7843%20%28Judson%20Ave%20to%20Monterey%20Blvd%29.pdf,,,,,
high,8467.1,Girard St_Str-8467.1 (Dwight St to Silver Ave).pdf,GIRARD ST,DWIGHT ST,SILVER AVE,8,between,,yes,2024-08-15,https://civic-joy-fund.github.io/block-party/striping/#id=8467.1,https://safitwebapps.blob.core.windows.net/$web/Striping%20Drawings/G_Streets/Girard%20St/Girard%20St_Str-8467.1%20%28Dwight%20St%20to%20Silver%20Ave%29.pdf,,,,,
high,7630,1_Golden Gate Ave_str-7630 (Arguello blvd to Tamalpais Terrace).pdf,GOLDEN GATE AVE,ARGUELLO BLVD,TAMALPAIS TER,7,between,,yes,2025-01-11,https://civic-joy-fund.github.io/block-party/striping/#id=7630,https://safitwebapps.blob.core.windows.net/$web/Striping%20Drawings/G_Streets/Golden%20Gate%20Ave/1_Golden%20Gate%20Ave_str-7630%20%28Arguello%20blvd%20to%20Tamalpais%20Terrace%29.pdf,,,,,
high,7630.1,2_Golden Gate Ave_Str-7630.1 (Tamalpais Ter to Divisadero St)r18.pdf,GOLDEN GATE AVE,TAMALPAIS TER,DIVISADERO ST,9,between,,yes,2026-09-23,https://civic-joy-fund.github.io/block-party/striping/#id=7630.1,https://safitwebapps.blob.core.windows.net/$web/Striping%20Drawings/G_Streets/Golden%20Gate%20Ave/2_Golden%20Gate%20Ave_Str-7630.1%20%28Tamalpais%20Ter%20to%20Divisadero%20St%29r18.pdf,,,,,
high,7630.2,3_Golden Gate Ave_Str-7630.2 (Divisadero St to Buchanan St).pdf,GOLDEN GATE AVE,DIVISADERO ST,BUCHANAN ST,7,between,,yes,2025-09-11,https://civic-joy-fund.github.io/block-party/striping/#id=7630.2,https://safitwebapps.blob.core.windows.net/$web/Striping%20Drawings/G_Streets/Golden%20Gate%20Ave/3_Golden%20Gate%20Ave_Str-7630.2%20%28Divisadero%20St%20to%20Buchanan%20St%29.pdf,,,,,
high,7630.3,4_Golden Gate Ave_Str-7630.3 (Buchanan st to Polk st).pdf,GOLDEN GATE AVE,BUCHANAN ST,POLK ST,6,between,,yes,2025-09-11,https://civic-joy-fund.github.io/block-party/striping/#id=7630.3,https://safitwebapps.blob.core.windows.net/$web/Striping%20Drawings/G_Streets/Golden%20Gate%20Ave/4_Golden%20Gate%20Ave_Str-7630.3%20%28Buchanan%20st%20to%20Polk%20st%29.pdf,,,,,
high,7630.4,5_Golden Gate Ave_Str-7630.4 (Polk St to Market St)R.pdf,GOLDEN GATE AVE,POLK ST,MARKET ST,6,between,,yes,2026-03-13,https://civic-joy-fund.github.io/block-party/striping/#id=7630.4,https://safitwebapps.blob.core.windows.net/$web/Striping%20Drawings/G_Streets/Golden%20Gate%20Ave/5_Golden%20Gate%20Ave_Str-7630.4%20%28Polk%20St%20to%20Market%20St%29R.pdf,,,,,
high,8095,Gough St_ Str-8095 ( McCoppin_Otis Sts to Oak St).pdf,GOUGH ST,MCCOPPIN ST,OAK ST,4,between,,yes,2024-08-15,https://civic-joy-fund.github.io/block-party/striping/#id=8095,https://safitwebapps.blob.core.windows.net/$web/Striping%20Drawings/G_Streets/Gough%20st/Gough%20St_%20Str-8095%20%28%20McCoppin_Otis%20Sts%20to%20Oak%20St%29.pdf,,,,,
high,8095.1,Gough St_ Str-8095.1 (Oak St to Eddy St).pdf,GOUGH ST,OAK ST,EDDY ST,16,between,,yes,2025-08-31,https://civic-joy-fund.github.io/block-party/striping/#id=8095.1,https://safitwebapps.blob.core.windows.net/$web/Striping%20Drawings/G_Streets/Gough%20st/Gough%20St_%20Str-8095.1%20%28Oak%20St%20to%20Eddy%20St%29.pdf,,,,,
high,8095.2,Gough St_ Str-8095.2 (Eddy St to California St).pdf,GOUGH ST,EDDY ST,CALIFORNIA ST,11,between,,yes,2026-06-11,https://civic-joy-fund.github.io/block-party/striping/#id=8095.2,https://safitwebapps.blob.core.windows.net/$web/Striping%20Drawings/G_Streets/Gough%20st/Gough%20St_%20Str-8095.2%20%28Eddy%20St%20to%20California%20St%29.pdf,,,,,
high,8095.3,Gough St_ Str-8095.3 (California St to Union St).pdf,GOUGH ST,CALIFORNIA ST,UNION ST,11,between,,yes,2026-06-11,https://civic-joy-fund.github.io/block-party/striping/#id=8095.3,https://safitwebapps.blob.core.windows.net/$web/Striping%20Drawings/G_Streets/Gough%20st/Gough%20St_%20Str-8095.3%20%28California%20St%20to%20Union%20St%29.pdf,,,,,
high,8095.4,Gough St_ Str-8095.4 (Union St to Bay St).pdf,GOUGH ST,UNION ST,BAY ST,7,between,,yes,2024-08-15,https://civic-joy-fund.github.io/block-party/striping/#id=8095.4,https://safitwebapps.blob.core.windows.net/$web/Striping%20Drawings/G_Streets/Gough%20st/Gough%20St_%20Str-8095.4%20%28Union%20St%20to%20Bay%20St%29.pdf,,,,,
high,8448,Grand View Ave Str-8448 (Clipper St to 23rd St).pdf,GRAND VIEW AVE,CLIPPER ST,23RD ST,4,between,,yes,2024-12-17,https://civic-joy-fund.github.io/block-party/striping/#id=8448,https://safitwebapps.blob.core.windows.net/$web/Striping%20Drawings/G_Streets/Grand%20View%20Ave/Grand%20View%20Ave%20Str-8448%20%28Clipper%20St%20to%2023rd%20St%29.pdf,,,,,
high,8448.1,Grand View Ave Str-8448.1 (23rd St to Market St-Upper).pdf,GRAND VIEW AVE,23RD ST,MARKET ST,9,between,,yes,2024-12-17,https://civic-joy-fund.github.io/block-party/striping/#id=8448.1,https://safitwebapps.blob.core.windows.net/$web/Striping%20Drawings/G_Streets/Grand%20View%20Ave/Grand%20View%20Ave%20Str-8448.1%20%2823rd%20St%20to%20Market%20St-Upper%29.pdf,,,,,
high,5214,Grant Ave_Str-5214 (Greenwich St pavement bars).pdf,GRANT AVE,GREENWICH ST,,4,intersection,,yes,2024-08-15,https://civic-joy-fund.github.io/block-party/striping/#id=5214,https://safitwebapps.blob.core.windows.net/$web/Striping%20Drawings/G_Streets/Grant%20Ave/Grant%20Ave_Str-5214%20%28Greenwich%20St%20pavement%20bars%29.pdf,,,,,
high,5559,Grant Ave_Str-5559 (Broadway to Pine St).pdf,GRANT AVE,BROADWAY,PINE ST,14,between,,yes,2025-09-21,https://civic-joy-fund.github.io/block-party/striping/#id=5559,https://safitwebapps.blob.core.windows.net/$web/Striping%20Drawings/G_Streets/Grant%20Ave/Grant%20Ave_Str-5559%20%28Broadway%20to%20Pine%20St%29.pdf,,,,,
high,8099,Grant Ave_Str-8099 (Columbus Ave to Francisco St).pdf,GRANT AVE,COLUMBUS AVE,FRANCISCO ST,19,between,,yes,2024-08-15,https://civic-joy-fund.github.io/block-party/striping/#id=8099,https://safitwebapps.blob.core.windows.net/$web/Striping%20Drawings/G_Streets/Grant%20Ave/Grant%20Ave_Str-8099%20%28Columbus%20Ave%20to%20Francisco%20St%29.pdf,,,,,
high,8522,Granville Way_STR-8522 (Claremont Blvd to Ulloa St).pdf,GRANVILLE WAY,CLAREMONT BLVD,ULLOA ST,3,between,,yes,2026-02-26,https://civic-joy-fund.github.io/block-party/striping/#id=8522,https://safitwebapps.blob.core.windows.net/$web/Striping%20Drawings/G_Streets/Granville%20Way/Granville%20Way_STR-8522%20%28Claremont%20Blvd%20to%20Ulloa%20St%29.pdf,,,,,
high,8200,Grattan St_STR-8200 (Stanyan St to Belvedere St).pdf,GRATTAN ST,STANYAN ST,BELVEDERE ST,3,between,,yes,2025-05-22,https://civic-joy-fund.github.io/block-party/striping/#id=8200,https://safitwebapps.blob.core.windows.net/$web/Striping%20Drawings/G_Streets/Grattan%20St/Grattan%20St_STR-8200%20%28Stanyan%20St%20to%20Belvedere%20St%29.pdf,,,,,
high,7707,Great Highway_Lower Rd Str-7707 (Sloat Blvd to Santiago St).pdf,GREAT HWY,SLOAT BLVD,SANTIAGO ST,6,between,,yes,2025-09-25,https://civic-joy-fund.github.io/block-party/striping/#id=7707,https://safitwebapps.blob.core.windows.net/$web/Striping%20Drawings/G_Streets/Great%20Highway/Great%20Highway_Lower%20Rd%20Str-7707%20%28Sloat%20Blvd%20to%20Santiago%20St%29.pdf,,,,,
high,7707.1,Great Highway_Lower Rd Str-7707.1 (Santiago St to Noriega St).pdf,GREAT HWY,SANTIAGO ST,NORIEGA ST,5,between,,yes,2025-06-03,https://civic-joy-fund.github.io/block-party/striping/#id=7707.1,https://safitwebapps.blob.core.windows.net/$web/Striping%20Drawings/G_Streets/Great%20Highway/Great%20Highway_Lower%20Rd%20Str-7707.1%20%28Santiago%20St%20to%20Noriega%20St%29.pdf,,,,,
high,7707.2,Great Highway_Lower Rd Str-7707.2 (Noriega St to Judah St).pdf,GREAT HWY,NORIEGA ST,JUDAH ST,5,between,,yes,2025-07-08,https://civic-joy-fund.github.io/block-party/striping/#id=7707.2,https://safitwebapps.blob.core.windows.net/$web/Striping%20Drawings/G_Streets/Great%20Highway/Great%20Highway_Lower%20Rd%20Str-7707.2%20%28Noriega%20St%20to%20Judah%20St%29.pdf,,,,,
high,7707.3,Great Highway_Lower Rd Str-7707.3 (Judah St to Lincoln Way).pdf,GREAT HWY,JUDAH ST,LINCOLN WAY,2,between,,yes,2025-07-01,https://civic-joy-fund.github.io/block-party/striping/#id=7707.3,https://safitwebapps.blob.core.windows.net/$web/Striping%20Drawings/G_Streets/Great%20Highway/Great%20Highway_Lower%20Rd%20Str-7707.3%20%28Judah%20St%20to%20Lincoln%20Way%29.pdf,,,,,
high,7856,Great Highway_Str- 7856 (Skyline Blvd to Sloat Blvd).pdf,GREAT HWY,SKYLINE BLVD,SLOAT BLVD,2,between,,yes,2024-08-15,https://civic-joy-fund.github.io/block-party/striping/#id=7856,https://safitwebapps.blob.core.windows.net/$web/Striping%20Drawings/G_Streets/Great%20Highway/Great%20Highway_Str-%207856%20%28Skyline%20Blvd%20to%20Sloat%20Blvd%29.pdf,,,,,
high,7856.1,Great Highway_Str- 7856.1 (Sloat Blvd to Wawona St).pdf,GREAT HWY,SLOAT BLVD,WAWONA ST,1,between,,yes,2024-08-15,https://civic-joy-fund.github.io/block-party/striping/#id=7856.1,https://safitwebapps.blob.core.windows.net/$web/Striping%20Drawings/G_Streets/Great%20Highway/Great%20Highway_Str-%207856.1%20%28Sloat%20Blvd%20to%20Wawona%20St%29.pdf,,,,,
high,7856.2,Great Highway_Str- 7856.2 (Skyline Blvd to Sloat Blvd)r3.pdf,GREAT HWY,SKYLINE BLVD,SLOAT BLVD,2,between,,yes,2026-08-04,https://civic-joy-fund.github.io/block-party/striping/#id=7856.2,https://safitwebapps.blob.core.windows.net/$web/Striping%20Drawings/G_Streets/Great%20Highway/Great%20Highway_Str-%207856.2%20%28Skyline%20Blvd%20to%20Sloat%20Blvd%29r3.pdf,,,,,
high,7856.3,Great Highway_Str- 7856.3 (Wawona St to Santiago St).pdf,GREAT HWY,WAWONA ST,SANTIAGO ST,6,between,,yes,2024-12-17,https://civic-joy-fund.github.io/block-party/striping/#id=7856.3,https://safitwebapps.blob.core.windows.net/$web/Striping%20Drawings/G_Streets/Great%20Highway/Great%20Highway_Str-%207856.3%20%28Wawona%20St%20to%20Santiago%20St%29.pdf,,,,,
high,7856.4,Great Highway_Str- 7856.4 (Santiago St to Ortega St).pdf,GREAT HWY,SANTIAGO ST,ORTEGA ST,4,between,,yes,2024-08-15,https://civic-joy-fund.github.io/block-party/striping/#id=7856.4,https://safitwebapps.blob.core.windows.net/$web/Striping%20Drawings/G_Streets/Great%20Highway/Great%20Highway_Str-%207856.4%20%28Santiago%20St%20to%20Ortega%20St%29.pdf,,,,,
high,7856.5,Great Highway_Str- 7856.5 (Ortega St to Kirkham St).pdf,GREAT HWY,ORTEGA ST,KIRKHAM ST,5,between,,yes,2024-08-15,https://civic-joy-fund.github.io/block-party/striping/#id=7856.5,https://safitwebapps.blob.core.windows.net/$web/Striping%20Drawings/G_Streets/Great%20Highway/Great%20Highway_Str-%207856.5%20%28Ortega%20St%20to%20Kirkham%20St%29.pdf,,,,,
high,5745,Green St_Str-5745 (Grant St to Kearny St).pdf,GREEN ST,GRANT AVE,KEARNY ST,5,between,,yes,2024-08-15,https://civic-joy-fund.github.io/block-party/striping/#id=5745,https://safitwebapps.blob.core.windows.net/$web/Striping%20Drawings/G_Streets/Green%20st/Green%20St_Str-5745%20%28Grant%20St%20to%20Kearny%20St%29.pdf,,,,,
high,7850,Green St_Str-7850 (Octavia St to Polk st).pdf,GREEN ST,OCTAVIA ST,POLK ST,4,between,,yes,2026-04-17,https://civic-joy-fund.github.io/block-party/striping/#id=7850,https://safitwebapps.blob.core.windows.net/$web/Striping%20Drawings/G_Streets/Green%20st/Green%20St_Str-7850%20%28Octavia%20St%20to%20Polk%20st%29.pdf,,,,,
high,8338,Green St_Str-8338 (Polk St To Columbus Ave).pdf,GREEN ST,POLK ST,COLUMBUS AVE,17,between,,yes,2025-09-10,https://civic-joy-fund.github.io/block-party/striping/#id=8338,https://safitwebapps.blob.core.windows.net/$web/Striping%20Drawings/G_Streets/Green%20st/Green%20St_Str-8338%20%28Polk%20St%20To%20Columbus%20Ave%29.pdf,,,,,
high,2232,Parking Stalls_Green st_Str-2232 (Kearny to Montgomery ).pdf,GREEN ST,KEARNY ST,MONTGOMERY ST,5,between,,yes,2025-10-23,https://civic-joy-fund.github.io/block-party/striping/#id=2232,https://safitwebapps.blob.core.windows.net/$web/Striping%20Drawings/G_Streets/Green%20st/Parking%20Stalls_Green%20st_Str-2232%20%28Kearny%20to%20Montgomery%20%29.pdf,,,,,
high,4058,Parking Stalls_Green st_Str-4058 (Mason St to Powell).pdf,GREEN ST,MASON ST,POWELL ST,3,between,,yes,2024-08-15,https://civic-joy-fund.github.io/block-party/striping/#id=4058,https://safitwebapps.blob.core.windows.net/$web/Striping%20Drawings/G_Streets/Green%20st/Parking%20Stalls_Green%20st_Str-4058%20%28Mason%20St%20to%20Powell%29.pdf,,,,,
high,5344,Parking Stalls_Green st_Str-5344 (pierce st to steiner).pdf,GREEN ST,PIERCE ST,STEINER ST,1,between,,yes,2024-08-15,https://civic-joy-fund.github.io/block-party/striping/#id=5344,https://safitwebapps.blob.core.windows.net/$web/Striping%20Drawings/G_Streets/Green%20st/Parking%20Stalls_Green%20st_Str-5344%20%28pierce%20st%20to%20steiner%29.pdf,,,,,
high,7752,Parking Stalls_Green st_str-7752 (scott to pierce).pdf,GREEN ST,SCOTT ST,PIERCE ST,1,between,,yes,2024-08-15,https://civic-joy-fund.github.io/block-party/striping/#id=7752,https://safitwebapps.blob.core.windows.net/$web/Striping%20Drawings/G_Streets/Green%20st/Parking%20Stalls_Green%20st_str-7752%20%28scott%20to%20pierce%29.pdf,,,,,
high,1985,Greenwich St_Str-1985 (Hyde).pdf,GREENWICH ST,HYDE ST,,4,intersection,,yes,2024-08-15,https://civic-joy-fund.github.io/block-party/striping/#id=1985,https://safitwebapps.blob.core.windows.net/$web/Striping%20Drawings/G_Streets/Greenwich%20st/Greenwich%20St_Str-1985%20%28Hyde%29.pdf,,,,,
high,2525,Greenwich St_Str-2525 (West of  Hyde).pdf,GREENWICH ST,HYDE ST,,4,intersection,,yes,2024-08-15,https://civic-joy-fund.github.io/block-party/striping/#id=2525,https://safitwebapps.blob.core.windows.net/$web/Striping%20Drawings/G_Streets/Greenwich%20st/Greenwich%20St_Str-2525%20%28West%20of%20%20Hyde%29.pdf,,,,,
high,7830,Greenwich St_Str-7830 (Lyon St to Pierce St).pdf,GREENWICH ST,LYON ST,PIERCE ST,5,between,,yes,2025-01-16,https://civic-joy-fund.github.io/block-party/striping/#id=7830,https://safitwebapps.blob.core.windows.net/$web/Striping%20Drawings/G_Streets/Greenwich%20st/Greenwich%20St_Str-7830%20%28Lyon%20St%20to%20Pierce%20St%29.pdf,,,,,
high,7830.1,Greenwich St_Str-7830.1 (Pierce St to Octavia St ).pdf,GREENWICH ST,PIERCE ST,OCTAVIA ST,6,between,,yes,2026-05-19,https://civic-joy-fund.github.io/block-party/striping/#id=7830.1,https://safitwebapps.blob.core.windows.net/$web/Striping%20Drawings/G_Streets/Greenwich%20st/Greenwich%20St_Str-7830.1%20%28Pierce%20St%20to%20Octavia%20St%20%29.pdf,,,,,
high,7830.3,Greenwich St_Str-7830.3 (Hyde St to Powell St).pdf,GREENWICH ST,HYDE ST,POWELL ST,13,between,,yes,2026-09-23,https://civic-joy-fund.github.io/block-party/striping/#id=7830.3,https://safitwebapps.blob.core.windows.net/$web/Striping%20Drawings/G_Streets/Greenwich%20st/Greenwich%20St_Str-7830.3%20%28Hyde%20St%20to%20Powell%20St%29.pdf,,,,,
high,7855,Grove St_STR-7855 (Baker St to Fillmore St) r14.pdf,GROVE ST,BAKER ST,FILLMORE ST,4,between,,yes,2026-09-18,https://civic-joy-fund.github.io/block-party/striping/#id=7855,https://safitwebapps.blob.core.windows.net/$web/Striping%20Drawings/G_Streets/Grove%20st/Grove%20St_STR-7855%20%28Baker%20St%20to%20Fillmore%20St%29%20r14.pdf,,,,,
high,7855.1,Grove St_STR-7855.1 (Fillmore St to Gough St).pdf,GROVE ST,FILLMORE ST,GOUGH ST,6,between,,yes,2026-09-17,https://civic-joy-fund.github.io/block-party/striping/#id=7855.1,https://safitwebapps.blob.core.windows.net/$web/Striping%20Drawings/G_Streets/Grove%20st/Grove%20St_STR-7855.1%20%28Fillmore%20St%20to%20Gough%20St%29.pdf,,,,,
high,7855.2,Grove St_STR-7855.2 (Gough St to Market St).pdf,GROVE ST,GOUGH ST,MARKET ST,5,between,,yes,2026-02-25,https://civic-joy-fund.github.io/block-party/striping/#id=7855.2,https://safitwebapps.blob.core.windows.net/$web/Striping%20Drawings/G_Streets/Grove%20st/Grove%20St_STR-7855.2%20%28Gough%20St%20to%20Market%20St%29.pdf,,,,,
high,8539,Grove St_STR-8539 (Shrader St to Baker St).pdf,GROVE ST,SHRADER ST,BAKER ST,8,between,,yes,2026-06-02,https://civic-joy-fund.github.io/block-party/striping/#id=8539,https://safitwebapps.blob.core.windows.net/$web/Striping%20Drawings/G_Streets/Grove%20st/Grove%20St_STR-8539%20%28Shrader%20St%20to%20Baker%20St%29.pdf,,,,,
high,7962,Guerrero St_STR-7962 (San Jose Ave to 23rd St).pdf,GUERRERO ST,SAN JOSE AVE,23RD ST,15,between,,yes,2026-06-24,https://civic-joy-fund.github.io/block-party/striping/#id=7962,https://safitwebapps.blob.core.windows.net/$web/Striping%20Drawings/G_Streets/Guerrero%20st/Guerrero%20St_STR-7962%20%28San%20Jose%20Ave%20to%2023rd%20St%29.pdf,,,,,
high,7962.1,Guerrero St_Str-7962.1 (23rd St to 19th St).pdf,GUERRERO ST,23RD ST,19TH ST,14,between,,yes,2026-01-27,https://civic-joy-fund.github.io/block-party/striping/#id=7962.1,https://safitwebapps.blob.core.windows.net/$web/Striping%20Drawings/G_Streets/Guerrero%20st/Guerrero%20St_Str-7962.1%20%2823rd%20St%20to%2019th%20St%29.pdf,,,,,
high,7962.2,Guerrero St_STR-7962.2 (19th St to 15th St).pdf,GUERRERO ST,19TH ST,15TH ST,12,between,,yes,2025-12-19,https://civic-joy-fund.github.io/block-party/striping/#id=7962.2,https://safitwebapps.blob.core.windows.net/$web/Striping%20Drawings/G_Streets/Guerrero%20st/Guerrero%20St_STR-7962.2%20%2819th%20St%20to%2015th%20St%29.pdf,,,,,
high,7962.3,Guerrero st_STR-7962.3 (15th St to Market St).pdf,GUERRERO ST,15TH ST,MARKET ST,10,between,,yes,2025-12-19,https://civic-joy-fund.github.io/block-party/striping/#id=7962.3,https://safitwebapps.blob.core.windows.net/$web/Striping%20Drawings/G_Streets/Guerrero%20st/Guerrero%20st_STR-7962.3%20%2815th%20St%20to%20Market%20St%29.pdf,,,,,
high,8036,Haight St_Str-8036 (Stanyan St to Central St).pdf,HAIGHT ST,STANYAN ST,CENTRAL AVE,9,between,,yes,2024-10-25,https://civic-joy-fund.github.io/block-party/striping/#id=8036,https://safitwebapps.blob.core.windows.net/$web/Striping%20Drawings/H_Streets/Haight%20St/Haight%20St_Str-8036%20%28Stanyan%20St%20to%20Central%20St%29.pdf,,,,,
high,8036.1,Haight St_Str-8036.1 (Central Ave to Pierce St).pdf,HAIGHT ST,CENTRAL AVE,PIERCE ST,7,between,,yes,2026-06-23,https://civic-joy-fund.github.io/block-party/striping/#id=8036.1,https://safitwebapps.blob.core.windows.net/$web/Striping%20Drawings/H_Streets/Haight%20St/Haight%20St_Str-8036.1%20%28Central%20Ave%20to%20Pierce%20St%29.pdf,,,,,
high,8036.2,Haight St_Str-8036.2 (Pierce St to Octavia St).pdf,HAIGHT ST,PIERCE ST,OCTAVIA ST,7,between,,yes,2025-10-28,https://civic-joy-fund.github.io/block-party/striping/#id=8036.2,https://safitwebapps.blob.core.windows.net/$web/Striping%20Drawings/H_Streets/Haight%20St/Haight%20St_Str-8036.2%20%28Pierce%20St%20to%20Octavia%20St%29.pdf,,,,,
high,8036.3,Haight St_Str-8036.3 (Octavia St to Market St).pdf,HAIGHT ST,OCTAVIA ST,MARKET ST,2,between,,yes,2024-08-15,https://civic-joy-fund.github.io/block-party/striping/#id=8036.3,https://safitwebapps.blob.core.windows.net/$web/Striping%20Drawings/H_Streets/Haight%20St/Haight%20St_Str-8036.3%20%28Octavia%20St%20to%20Market%20St%29.pdf,,,,,
high,8175,Hampshire St_STR-8175 (Peralta Ave to 22nd St).pdf,HAMPSHIRE ST,PERALTA AVE,22ND ST,6,between,,yes,2026-08-07,https://civic-joy-fund.github.io/block-party/striping/#id=8175,https://safitwebapps.blob.core.windows.net/$web/Striping%20Drawings/H_Streets/Hampshire%20St/Hampshire%20St_STR-8175%20%28Peralta%20Ave%20to%2022nd%20St%29.pdf,,,,,
high,8175.1,Hampshire St_STR-8175.1 (22nd St to 17th St).pdf,HAMPSHIRE ST,22ND ST,17TH ST,7,between,,yes,2026-08-07,https://civic-joy-fund.github.io/block-party/striping/#id=8175.1,https://safitwebapps.blob.core.windows.net/$web/Striping%20Drawings/H_Streets/Hampshire%20St/Hampshire%20St_STR-8175.1%20%2822nd%20St%20to%2017th%20St%29.pdf,,,,,
high,8452,Hancock St_STR-8452 (Noe St to Church St).pdf,HANCOCK ST,NOE ST,CHURCH ST,2,between,,yes,2024-08-15,https://civic-joy-fund.github.io/block-party/striping/#id=8452,https://safitwebapps.blob.core.windows.net/$web/Striping%20Drawings/H_Streets/Hancock%20St/Hancock%20St_STR-8452%20%28Noe%20St%20to%20Church%20St%29.pdf,,,,,
high,8432,Harbor Rd_Str-8432 (Bertha Lane to Northridge Rd).pdf,HARBOR RD,BERTHA LN,NORTHRIDGE RD,2,between,,yes,2026-07-07,https://civic-joy-fund.github.io/block-party/striping/#id=8432,https://safitwebapps.blob.core.windows.net/$web/Striping%20Drawings/H_Streets/Harbor%20Rd/Harbor%20Rd_Str-8432%20%28Bertha%20Lane%20to%20Northridge%20Rd%29.pdf,,,,,
high,8240,Harkness Ave_Str-8240 (Delta St to San Bruno Ave).pdf,HARKNESS AVE,DELTA ST,SAN BRUNO AVE,9,between,,yes,2024-12-20,https://civic-joy-fund.github.io/block-party/striping/#id=8240,https://safitwebapps.blob.core.windows.net/$web/Striping%20Drawings/H_Streets/Harkness%20Ave/Harkness%20Ave_Str-8240%20%28Delta%20St%20to%20San%20Bruno%20Ave%29.pdf,,,,,
high,8230,Harney Way_Str-8230 (Jamestown Ave to Alana Way).pdf,HARNEY WAY,JAMESTOWN AVE,ALANA WAY,3,between,,yes,2025-07-02,https://civic-joy-fund.github.io/block-party/striping/#id=8230,https://safitwebapps.blob.core.windows.net/$web/Striping%20Drawings/H_Streets/Harney%20Way/Harney%20Way_Str-8230%20%28Jamestown%20Ave%20to%20Alana%20Way%29.pdf,,,,,
high,3467,Harriet st_str-3467 (Harriet & Ahern way) See Raoul Rouque 2013-02-04.pdf,HARRIET ST,AHERN WAY,,3,intersection,,yes,2024-08-15,https://civic-joy-fund.github.io/block-party/striping/#id=3467,https://safitwebapps.blob.core.windows.net/$web/Striping%20Drawings/H_Streets/Harriet%20St/Harriet%20st_str-3467%20%28Harriet%20%26%20Ahern%20way%29%20See%20Raoul%20Rouque%202013-02-04.pdf,,,,,
high,8453,Harriet St_STR-8453 (Howard St to Brannan St).pdf,HARRIET ST,HOWARD ST,BRANNAN ST,6,between,,yes,2024-12-20,https://civic-joy-fund.github.io/block-party/striping/#id=8453,https://safitwebapps.blob.core.windows.net/$web/Striping%20Drawings/H_Streets/Harriet%20St/Harriet%20St_STR-8453%20%28Howard%20St%20to%20Brannan%20St%29.pdf,,,,,
high,5388,Harrison St_str-5388 (22nd st to Precita ave).pdf,HARRISON ST,22ND ST,PRECITA AVE,7,between,,yes,2026-08-19,https://civic-joy-fund.github.io/block-party/striping/#id=5388,https://safitwebapps.blob.core.windows.net/$web/Striping%20Drawings/H_Streets/Harrison%20St/Harrison%20St_str-5388%20%2822nd%20st%20to%20Precita%20ave%29.pdf,,,,,
high,6871,Harrison St_str-6871 (20th St to 22nd St).pdf,HARRISON ST,20TH ST,22ND ST,2,between,,yes,2025-10-05,https://civic-joy-fund.github.io/block-party/striping/#id=6871,https://safitwebapps.blob.core.windows.net/$web/Striping%20Drawings/H_Streets/Harrison%20St/Harrison%20St_str-6871%20%2820th%20St%20to%2022nd%20St%29.pdf,,,,,
high,8160.2,Harrison St_str-8160.2 (20th st to 15th st).pdf,HARRISON ST,20TH ST,15TH ST,11,between,,yes,2026-09-23,https://civic-joy-fund.github.io/block-party/striping/#id=8160.2,https://safitwebapps.blob.core.windows.net/$web/Striping%20Drawings/H_Streets/Harrison%20St/Harrison%20St_str-8160.2%20%2820th%20st%20to%2015th%20st%29.pdf,,,,,
high,8160.3,Harrison St_Str-8160.3 (15th St to Gordon St).pdf,HARRISON ST,15TH ST,GORDON ST,11,between,,yes,2026-08-08,https://civic-joy-fund.github.io/block-party/striping/#id=8160.3,https://safitwebapps.blob.core.windows.net/$web/Striping%20Drawings/H_Streets/Harrison%20St/Harrison%20St_Str-8160.3%20%2815th%20St%20to%20Gordon%20St%29.pdf,,,,,
high,8160.4,Harrison St_Str-8160.4 (8th St to 5th St).pdf,HARRISON ST,08TH ST,05TH ST,13,between,,yes,2025-09-26,https://civic-joy-fund.github.io/block-party/striping/#id=8160.4,https://safitwebapps.blob.core.windows.net/$web/Striping%20Drawings/H_Streets/Harrison%20St/Harrison%20St_Str-8160.4%20%288th%20St%20to%205th%20St%29.pdf,,,,,
high,8160.5,Harrison St_Str-8160.5 (5th St to Essex St).pdf,HARRISON ST,05TH ST,ESSEX ST,10,between,,yes,2026-08-19,https://civic-joy-fund.github.io/block-party/striping/#id=8160.5,https://safitwebapps.blob.core.windows.net/$web/Striping%20Drawings/H_Streets/Harrison%20St/Harrison%20St_Str-8160.5%20%285th%20St%20to%20Essex%20St%29.pdf,,,,,
high,7914,Hawthorne St_Str-7914 (Harrison St to Folsom St).pdf,HAWTHORNE ST,HARRISON ST,FOLSOM ST,1,between,,yes,2024-08-24,https://civic-joy-fund.github.io/block-party/striping/#id=7914,https://safitwebapps.blob.core.windows.net/$web/Striping%20Drawings/H_Streets/Hawthorne%20St/Hawthorne%20St_Str-7914%20%28Harrison%20St%20to%20Folsom%20St%29.pdf,,,,,
high,8295,Hayes St_Str-8295 (Stanyan St to Masonic Ave).pdf,HAYES ST,STANYAN ST,MASONIC AVE,5,between,,yes,2025-07-08,https://civic-joy-fund.github.io/block-party/striping/#id=8295,https://safitwebapps.blob.core.windows.net/$web/Striping%20Drawings/H_Streets/Hayes%20St/Hayes%20St_Str-8295%20%28Stanyan%20St%20to%20Masonic%20Ave%29.pdf,,,,,
high,8295.1,Hayes St_Str-8295.1 (Masonic Ave to Scott St).pdf,HAYES ST,MASONIC AVE,SCOTT ST,7,between,,yes,2026-01-07,https://civic-joy-fund.github.io/block-party/striping/#id=8295.1,https://safitwebapps.blob.core.windows.net/$web/Striping%20Drawings/H_Streets/Hayes%20St/Hayes%20St_Str-8295.1%20%28Masonic%20Ave%20to%20Scott%20St%29.pdf,,,,,
high,8295.2,Hayes St_Str-8295.2 (Scott St to Laguna St).pdf,HAYES ST,SCOTT ST,LAGUNA ST,6,between,,yes,2024-08-15,https://civic-joy-fund.github.io/block-party/striping/#id=8295.2,https://safitwebapps.blob.core.windows.net/$web/Striping%20Drawings/H_Streets/Hayes%20St/Hayes%20St_Str-8295.2%20%28Scott%20St%20to%20Laguna%20St%29.pdf,,,,,
high,8295.3,Hayes St_Str-8295.3 (Octavia St to Market St).pdf,HAYES ST,OCTAVIA ST,MARKET ST,6,between,,yes,2024-11-20,https://civic-joy-fund.github.io/block-party/striping/#id=8295.3,https://safitwebapps.blob.core.windows.net/$web/Striping%20Drawings/H_Streets/Hayes%20St/Hayes%20St_Str-8295.3%20%28Octavia%20St%20to%20Market%20St%29.pdf,,,,,
high,8301,Hazelwood Ave Str-8301 (Judson Ave to Monterey Blvd).pdf,HAZELWOOD AVE,JUDSON AVE,MONTEREY BLVD,5,between,,yes,2024-12-20,https://civic-joy-fund.github.io/block-party/striping/#id=8301,https://safitwebapps.blob.core.windows.net/$web/Striping%20Drawings/H_Streets/Hazelwood%20Ave/Hazelwood%20Ave%20Str-8301%20%28Judson%20Ave%20to%20Monterey%20Blvd%29.pdf,,,,,
high,8301.1,Hazelwood Ave Str-8301.1 (Monterey Blvd to Yerba Buena Ave).pdf,HAZELWOOD AVE,MONTEREY BLVD,YERBA BUENA AVE,5,between,,yes,2024-08-15,https://civic-joy-fund.github.io/block-party/striping/#id=8301.1,https://safitwebapps.blob.core.windows.net/$web/Striping%20Drawings/H_Streets/Hazelwood%20Ave/Hazelwood%20Ave%20Str-8301.1%20%28Monterey%20Blvd%20to%20Yerba%20Buena%20Ave%29.pdf,,,,,
high,7864,Hearst Ave_STR-7864 (Ridgewood St to Circular Ave)r11.pdf,HEARST AVE,RIDGEWOOD AVE,CIRCULAR AVE,7,between,,yes,2026-09-02,https://civic-joy-fund.github.io/block-party/striping/#id=7864,https://safitwebapps.blob.core.windows.net/$web/Striping%20Drawings/H_Streets/Hearst%20Ave/Hearst%20Ave_STR-7864%20%28Ridgewood%20St%20to%20Circular%20Ave%29r11.pdf,,,,,
high,7832,Henry Adams_Str-7832 (15th St to Division St).pdf,HENRY ADAMS ST,15TH ST,DIVISION ST,2,between,,yes,2024-08-15,https://civic-joy-fund.github.io/block-party/striping/#id=7832,https://safitwebapps.blob.core.windows.net/$web/Striping%20Drawings/H_Streets/Henry%20Adams/Henry%20Adams_Str-7832%20%2815th%20St%20to%20Division%20St%29.pdf,,,,,
high,8066,Hernandez Ave_Str-8066 (Merced Ave to Woodside Ave).pdf,HERNANDEZ AVE,MERCED AVE,WOODSIDE AVE,3,between,,yes,2026-09-23,https://civic-joy-fund.github.io/block-party/striping/#id=8066,https://safitwebapps.blob.core.windows.net/$web/Striping%20Drawings/H_Streets/Hernandez%20%20Ave/Hernandez%20Ave_Str-8066%20%28Merced%20Ave%20to%20Woodside%20Ave%29.pdf,,,,,
high,8345,Hickory St_ Str-8345 (Laguna St to Octavia Blvd).pdf,HICKORY ST,LAGUNA ST,OCTAVIA ST,1,between,,yes,2024-08-15,https://civic-joy-fund.github.io/block-party/striping/#id=8345,https://safitwebapps.blob.core.windows.net/$web/Striping%20Drawings/H_Streets/Hickory%20St/Hickory%20St_%20Str-8345%20%28Laguna%20St%20to%20Octavia%20Blvd%29.pdf,,,,,
high,7777,Str-7777_Hoff St (17th St to 16th St).pdf,HOFF ST,17TH ST,16TH ST,1,between,,yes,2024-08-15,https://civic-joy-fund.github.io/block-party/striping/#id=7777,https://safitwebapps.blob.core.windows.net/$web/Striping%20Drawings/H_Streets/Hoff%20St/Str-7777_Hoff%20St%20%2817th%20St%20to%2016th%20St%29.pdf,,,,,
high,6079,Superceded Holladay_Str-6079 (at York).pdf,HOLLADAY AVE,YORK ST,,4,intersection,,yes,2024-08-15,https://civic-joy-fund.github.io/block-party/striping/#id=6079,https://safitwebapps.blob.core.windows.net/$web/Striping%20Drawings/H_Streets/Holladay%20Ave/Superceded%20Holladay_Str-6079%20%28at%20York%29.pdf,,,,,
high,8162,Hollis St_Str-8162 (Ellis St to O'Farrell St).pdf,HOLLIS ST,ELLIS ST,OFARRELL ST,1,between,,yes,2024-08-15,https://civic-joy-fund.github.io/block-party/striping/#id=8162,https://safitwebapps.blob.core.windows.net/$web/Striping%20Drawings/H_Streets/Hollis%20St/Hollis%20St_Str-8162%20%28Ellis%20St%20to%20O%27Farrell%20St%29.pdf,,,,,
high,8198,Hollister Ave_STR-8198 (Third St to Hawes St).pdf,HOLLISTER AVE,03RD ST,HAWES ST,4,between,,yes,2024-08-15,https://civic-joy-fund.github.io/block-party/striping/#id=8198,https://safitwebapps.blob.core.windows.net/$web/Striping%20Drawings/H_Streets/Hollister%20Ave/Hollister%20Ave_STR-8198%20%28Third%20St%20to%20Hawes%20St%29.pdf,,,,,
high,7845,Holloway Ave_STR-7845 (Junipero Serra to Bright Street).pdf,HOLLOWAY AVE,JUNIPERO SERRA BLVD,BRIGHT ST,20,between,,yes,2025-08-08,https://civic-joy-fund.github.io/block-party/striping/#id=7845,https://safitwebapps.blob.core.windows.net/$web/Striping%20Drawings/H_Streets/Holloway%20Ave/Holloway%20Ave_STR-7845%20%28Junipero%20Serra%20to%20Bright%20Street%29.pdf,,,,,
high,7845.1,Holloway Ave_STR-7845.1 (Bright Street to Harold Street)r8.pdf,HOLLOWAY AVE,BRIGHT ST,HAROLD AVE,11,between,,yes,2025-08-08,https://civic-joy-fund.github.io/block-party/striping/#id=7845.1,https://safitwebapps.blob.core.windows.net/$web/Striping%20Drawings/H_Streets/Holloway%20Ave/Holloway%20Ave_STR-7845.1%20%28Bright%20Street%20to%20Harold%20Street%29r8.pdf,,,,,
high,7874.1,Holloway Ave_STR-7874.1 (19th Ave to Junipero Serra).pdf,HOLLOWAY AVE,19TH AVE,JUNIPERO SERRA BLVD,9,between,,yes,2026-04-28,https://civic-joy-fund.github.io/block-party/striping/#id=7874.1,https://safitwebapps.blob.core.windows.net/$web/Striping%20Drawings/H_Streets/Holloway%20Ave/Holloway%20Ave_STR-7874.1%20%2819th%20Ave%20to%20Junipero%20Serra%29.pdf,,,,,
high,7895,Holloway Ave_str-7895 (Font Blvd to 19th Ave).pdf,HOLLOWAY AVE,FONT BLVD,19TH AVE,11,between,,yes,2026-04-04,https://civic-joy-fund.github.io/block-party/striping/#id=7895,https://safitwebapps.blob.core.windows.net/$web/Striping%20Drawings/H_Streets/Holloway%20Ave/Holloway%20Ave_str-7895%20%28Font%20Blvd%20to%2019th%20Ave%29.pdf,,,,,
high,8341,Homestead St_Str-8341 (25th St to 24th St).pdf,HOMESTEAD ST,25TH ST,24TH ST,1,between,,yes,2024-12-20,https://civic-joy-fund.github.io/block-party/striping/#id=8341,https://safitwebapps.blob.core.windows.net/$web/Striping%20Drawings/H_Streets/Homestead%20St/Homestead%20St_Str-8341%20%2825th%20St%20to%2024th%20St%29.pdf,,,,,
high,7761,Howard St_STR-7761 (South Van Ness Ave to 9th St)r21.pdf,HOWARD ST,SOUTH VAN NESS AVE,09TH ST,8,between,,yes,2026-02-04,https://civic-joy-fund.github.io/block-party/striping/#id=7761,https://safitwebapps.blob.core.windows.net/$web/Striping%20Drawings/H_Streets/Howard%20St/Howard%20St_STR-7761%20%28South%20Van%20Ness%20Ave%20to%209th%20St%29r21.pdf,,,,,
high,7761.1,Howard St_STR-7761.1 (8th St to 5th St).pdf,HOWARD ST,08TH ST,05TH ST,10,between,,yes,2025-10-02,https://civic-joy-fund.github.io/block-party/striping/#id=7761.1,https://safitwebapps.blob.core.windows.net/$web/Striping%20Drawings/H_Streets/Howard%20St/Howard%20St_STR-7761.1%20%288th%20St%20to%205th%20St%29.pdf,,,,,
high,7761.2,Howard St_STR-7761.2 (5th St to 2nd St).pdf,HOWARD ST,05TH ST,02ND ST,7,between,,yes,2026-01-03,https://civic-joy-fund.github.io/block-party/striping/#id=7761.2,https://safitwebapps.blob.core.windows.net/$web/Striping%20Drawings/H_Streets/Howard%20St/Howard%20St_STR-7761.2%20%285th%20St%20to%202nd%20St%29.pdf,,,,,
high,7966.1,Hudson Ave_STR-7966.1 (Reuel Ct to Ingalls St).pdf,HUDSON AVE,REUEL CT,INGALLS ST,9,between,,yes,2024-12-20,https://civic-joy-fund.github.io/block-party/striping/#id=7966.1,https://safitwebapps.blob.core.windows.net/$web/Striping%20Drawings/H_Streets/Hudson%20Ave/Hudson%20Ave_STR-7966.1%20%28Reuel%20Ct%20to%20Ingalls%20St%29.pdf,,,,,
high,8478,Hugo St_STR-8478 (7th Ave to Arguello Blvd).pdf,HUGO ST,07TH AVE,ARGUELLO BLVD,6,between,,yes,2026-07-10,https://civic-joy-fund.github.io/block-party/striping/#id=8478,https://safitwebapps.blob.core.windows.net/$web/Striping%20Drawings/H_Streets/Hugo%20St/Hugo%20St_STR-8478%20%287th%20Ave%20to%20Arguello%20Blvd%29.pdf,,,,,
high,8320,Hunters Point Blvd_Str-8320 (Evans Ave to Innes Ave) r3.pdf,HUNTERS POINT BLVD,EVANS AVE,INNES AVE,3,between,,yes,2026-07-31,https://civic-joy-fund.github.io/block-party/striping/#id=8320,https://safitwebapps.blob.core.windows.net/$web/Striping%20Drawings/H_Streets/Hunter%27s%20Point/Hunters%20Point%20Blvd_Str-8320%20%28Evans%20Ave%20to%20Innes%20Ave%29%20r3.pdf,,,,,
high,5501,Hyde st _Str-5501 (California st to Beach st).pdf,HYDE ST,CALIFORNIA ST,BEACH ST,31,between,,yes,2025-11-01,https://civic-joy-fund.github.io/block-party/striping/#id=5501,https://safitwebapps.blob.core.windows.net/$web/Striping%20Drawings/H_Streets/Hyde%20St/Hyde%20st%20_Str-5501%20%28California%20st%20to%20Beach%20st%29.pdf,,,,,
high,8112,Hyde st_Str-8112 (Market St to O'Farrell St).pdf,HYDE ST,MARKET ST,OFARRELL ST,9,between,,yes,2026-09-16,https://civic-joy-fund.github.io/block-party/striping/#id=8112,https://safitwebapps.blob.core.windows.net/$web/Striping%20Drawings/H_Streets/Hyde%20St/Hyde%20st_Str-8112%20%28Market%20St%20to%20O%27Farrell%20St%29.pdf,,,,,
high,8112.1,Hyde St_Str-8112.1 (O'Farrell St to Sacramento St).pdf,HYDE ST,OFARRELL ST,SACRAMENTO ST,11,between,,yes,2026-09-16,https://civic-joy-fund.github.io/block-party/striping/#id=8112.1,https://safitwebapps.blob.core.windows.net/$web/Striping%20Drawings/H_Streets/Hyde%20St/Hyde%20St_Str-8112.1%20%28O%27Farrell%20St%20to%20Sacramento%20St%29.pdf,,,,,
high,8112.3,Hyde st_Str-8112.3 (Filbert St to Jefferson St)r8.pdf,HYDE ST,FILBERT ST,JEFFERSON ST,16,between,,yes,2026-07-21,https://civic-joy-fund.github.io/block-party/striping/#id=8112.3,https://safitwebapps.blob.core.windows.net/$web/Striping%20Drawings/H_Streets/Hyde%20St/Hyde%20st_Str-8112.3%20%28Filbert%20St%20to%20Jefferson%20St%29r8.pdf,,,,,
high,8461,Idora Ave_STR-8461 (Garcia Ave to Woodside Ave).pdf,IDORA AVE,GARCIA AVE,WOODSIDE AVE,4,between,,yes,2026-09-23,https://civic-joy-fund.github.io/block-party/striping/#id=8461,https://safitwebapps.blob.core.windows.net/$web/Striping%20Drawings/I_Streets/Idora%20Ave/Idora%20Ave_STR-8461%20%28Garcia%20Ave%20to%20Woodside%20Ave%29.pdf,,,,,
high,7880.1,Illinois St_STR-7880.1 (25th St to 20th St).pdf,ILLINOIS ST,25TH ST,20TH ST,7,between,,yes,2026-09-24,https://civic-joy-fund.github.io/block-party/striping/#id=7880.1,https://safitwebapps.blob.core.windows.net/$web/Striping%20Drawings/I_Streets/Illinois%20st/Illinois%20St_STR-7880.1%20%2825th%20St%20to%2020th%20St%29.pdf,,,,,
high,7880.2,Illinois St_STR-7880.2 (20th St to 16th St).pdf,ILLINOIS ST,20TH ST,16TH ST,4,between,,yes,2024-08-15,https://civic-joy-fund.github.io/block-party/striping/#id=7880.2,https://safitwebapps.blob.core.windows.net/$web/Striping%20Drawings/I_Streets/Illinois%20st/Illinois%20St_STR-7880.2%20%2820th%20St%20to%2016th%20St%29.pdf,,,,,
high,8442,Illinois St_STR-8442 (16th St to Mariposa St).pdf,ILLINOIS ST,16TH ST,MARIPOSA ST,1,between,,yes,2025-11-25,https://civic-joy-fund.github.io/block-party/striping/#id=8442,https://safitwebapps.blob.core.windows.net/$web/Striping%20Drawings/I_Streets/Illinois%20st/Illinois%20St_STR-8442%20%2816th%20St%20to%20Mariposa%20St%29.pdf,,,,,
high,7827,Indiana St_Str-7827 (Mariposa St to Tubbs St).pdf,INDIANA ST,MARIPOSA ST,TUBBS ST,5,between,,yes,2024-10-19,https://civic-joy-fund.github.io/block-party/striping/#id=7827,https://safitwebapps.blob.core.windows.net/$web/Striping%20Drawings/I_Streets/Indiana%20st/Indiana%20St_Str-7827%20%28Mariposa%20St%20to%20Tubbs%20St%29.pdf,,,,,
high,8313,Industrial St_Str-8313 (Bayshore blvd to Oakdale ave).pdf,INDUSTRIAL ST,BAY SHORE BLVD,OAKDALE AVE,14,between,,yes,2024-12-24,https://civic-joy-fund.github.io/block-party/striping/#id=8313,https://safitwebapps.blob.core.windows.net/$web/Striping%20Drawings/I_Streets/Industrial%20st/Industrial%20St_Str-8313%20%28Bayshore%20blvd%20to%20Oakdale%20ave%29.pdf,,,,,
high,8336,Ingalls St_STR-8336 (Jamestown Ave to Yosemite Ave).pdf,INGALLS ST,JAMESTOWN AVE,YOSEMITE AVE,11,between,,yes,2025-04-22,https://civic-joy-fund.github.io/block-party/striping/#id=8336,https://safitwebapps.blob.core.windows.net/$web/Striping%20Drawings/I_Streets/Ingalls%20st/Ingalls%20St_STR-8336%20%28Jamestown%20Ave%20to%20Yosemite%20Ave%29.pdf,,,,,
high,8336.2,Ingalls St_STR-8336.2 (Oakdale to Middlepoint).pdf,INGALLS ST,OAKDALE AVE,MIDDLE POINT RD,9,between,,yes,2025-04-22,https://civic-joy-fund.github.io/block-party/striping/#id=8336.2,https://safitwebapps.blob.core.windows.net/$web/Striping%20Drawings/I_Streets/Ingalls%20st/Ingalls%20St_STR-8336.2%20%28Oakdale%20to%20Middlepoint%29.pdf,,,,,
high,3038,Ingerson Ave_STR-3038 (3rd St to Giants Dr).pdf,INGERSON AVE,03RD ST,GIANTS DR,8,between,,yes,2024-08-15,https://civic-joy-fund.github.io/block-party/striping/#id=3038,https://safitwebapps.blob.core.windows.net/$web/Striping%20Drawings/I_Streets/Ingerson%20st/Ingerson%20Ave_STR-3038%20%283rd%20St%20to%20Giants%20Dr%29.pdf,,,,,
high,2485,Innes Ave_Str-2485 (At Fitch-Painted island).pdf,INNES AVE,FITCH ST,,2,intersection,,yes,2024-08-15,https://civic-joy-fund.github.io/block-party/striping/#id=2485,https://safitwebapps.blob.core.windows.net/$web/Striping%20Drawings/I_Streets/Innes%20Ave/Innes%20Ave_Str-2485%20%28At%20Fitch-Painted%20island%29.pdf,,,,,
high,8321.1,Innes Ave_Str-8321.1 (Middle Point Rd to Donahue St).pdf,INNES AVE,MIDDLE POINT RD,DONAHUE ST,9,between,,yes,2025-08-01,https://civic-joy-fund.github.io/block-party/striping/#id=8321.1,https://safitwebapps.blob.core.windows.net/$web/Striping%20Drawings/I_Streets/Innes%20Ave/Innes%20Ave_Str-8321.1%20%28Middle%20Point%20Rd%20to%20Donahue%20St%29.pdf,,,,,
high,8321.2,Innes Ave_Str-8321.2 (Donahue St to Coleman St).pdf,INNES AVE,DONAHUE ST,COLEMAN ST,3,between,,yes,2026-09-02,https://civic-joy-fund.github.io/block-party/striping/#id=8321.2,https://safitwebapps.blob.core.windows.net/$web/Striping%20Drawings/I_Streets/Innes%20Ave/Innes%20Ave_Str-8321.2%20%28Donahue%20St%20to%20Coleman%20St%29.pdf,,,,,
high,2533,Irving St_Str-2533 (Parking stall-16th to 15th).pdf,IRVING ST,16TH AVE,15TH AVE,1,between,,yes,2024-08-15,https://civic-joy-fund.github.io/block-party/striping/#id=2533,https://safitwebapps.blob.core.windows.net/$web/Striping%20Drawings/I_Streets/Irving%20st/Irving%20St_Str-2533%20%28Parking%20stall-16th%20to%2015th%29.pdf,,,,,
high,3144,Irving St_Str-3144 (14th to Funston).pdf,IRVING ST,14TH AVE,FUNSTON AVE,1,between,,yes,2024-08-15,https://civic-joy-fund.github.io/block-party/striping/#id=3144,https://safitwebapps.blob.core.windows.net/$web/Striping%20Drawings/I_Streets/Irving%20st/Irving%20St_Str-3144%20%2814th%20to%20Funston%29.pdf,,,,,
high,7465.1,Irving st_str-7465.1 (19th Ave to 10th Ave).pdf,IRVING ST,19TH AVE,10TH AVE,11,between,,yes,2026-09-23,https://civic-joy-fund.github.io/block-party/striping/#id=7465.1,https://safitwebapps.blob.core.windows.net/$web/Striping%20Drawings/I_Streets/Irving%20st/Irving%20st_str-7465.1%20%2819th%20Ave%20to%2010th%20Ave%29.pdf,,,,,
high,8239,Irving St_Str-8239 (Great Highway to 48th Ave).pdf,IRVING ST,GREAT HWY,48TH AVE,2,between,,yes,2025-07-01,https://civic-joy-fund.github.io/block-party/striping/#id=8239,https://safitwebapps.blob.core.windows.net/$web/Striping%20Drawings/I_Streets/Irving%20st/Irving%20St_Str-8239%20%28Great%20Highway%20to%2048th%20Ave%29.pdf,,,,,
high,8239.1,Irving St_Str-8239.1 (48th Ave to 39th Ave).pdf,IRVING ST,48TH AVE,39TH AVE,12,between,,yes,2026-07-15,https://civic-joy-fund.github.io/block-party/striping/#id=8239.1,https://safitwebapps.blob.core.windows.net/$web/Striping%20Drawings/I_Streets/Irving%20st/Irving%20St_Str-8239.1%20%2848th%20Ave%20to%2039th%20Ave%29.pdf,,,,,
high,8239.2,Irving St_Str-8239.2 (39th Ave to 29th Ave).pdf,IRVING ST,39TH AVE,29TH AVE,13,between,,yes,2025-10-09,https://civic-joy-fund.github.io/block-party/striping/#id=8239.2,https://safitwebapps.blob.core.windows.net/$web/Striping%20Drawings/I_Streets/Irving%20st/Irving%20St_Str-8239.2%20%2839th%20Ave%20to%2029th%20Ave%29.pdf,,,,,
high,8239.3,Irving St_Str-8239.3 (29th Ave to 19th Ave)r3.pdf,IRVING ST,29TH AVE,19TH AVE,12,between,,yes,2026-01-07,https://civic-joy-fund.github.io/block-party/striping/#id=8239.3,https://safitwebapps.blob.core.windows.net/$web/Striping%20Drawings/I_Streets/Irving%20st/Irving%20St_Str-8239.3%20%2829th%20Ave%20to%2019th%20Ave%29r3.pdf,,,,,
high,8135,Ivy St_STR-8135 (Webster St to Franklin St).pdf,IVY ST,WEBSTER ST,FRANKLIN ST,5,between,,yes,2025-08-31,https://civic-joy-fund.github.io/block-party/striping/#id=8135,https://safitwebapps.blob.core.windows.net/$web/Striping%20Drawings/I_Streets/Ivy%20St/Ivy%20St_STR-8135%20%28Webster%20St%20to%20Franklin%20St%29.pdf,,,,,
high,5503,Jackson st_str-5503 (Hyde st to Powell st).pdf,JACKSON ST,HYDE ST,POWELL ST,14,between,,yes,2024-08-15,https://civic-joy-fund.github.io/block-party/striping/#id=5503,https://safitwebapps.blob.core.windows.net/$web/Striping%20Drawings/J_Streets/Jackson%20St/Jackson%20st_str-5503%20%28Hyde%20st%20to%20Powell%20st%29.pdf,,,,,
high,7634,Jackson St_STR-7634 (Hyde St to Laguna St).pdf,JACKSON ST,HYDE ST,LAGUNA ST,10,between,,yes,2024-08-15,https://civic-joy-fund.github.io/block-party/striping/#id=7634,https://safitwebapps.blob.core.windows.net/$web/Striping%20Drawings/J_Streets/Jackson%20St/Jackson%20St_STR-7634%20%28Hyde%20St%20to%20Laguna%20St%29.pdf,,,,,
high,7634.2,Jackson St_STR-7634.2 (Grant Ave to Davis St).pdf,JACKSON ST,GRANT AVE,DAVIS ST,20,between,,yes,2026-03-06,https://civic-joy-fund.github.io/block-party/striping/#id=7634.2,https://safitwebapps.blob.core.windows.net/$web/Striping%20Drawings/J_Streets/Jackson%20St/Jackson%20St_STR-7634.2%20%28Grant%20Ave%20to%20Davis%20St%29.pdf,,,,,
high,8074,Jackson St_Str-8074 (Arguello Blvd to Laurel St).pdf,JACKSON ST,ARGUELLO BLVD,LAUREL ST,5,between,,yes,2025-02-11,https://civic-joy-fund.github.io/block-party/striping/#id=8074,https://safitwebapps.blob.core.windows.net/$web/Striping%20Drawings/J_Streets/Jackson%20St/Jackson%20St_Str-8074%20%28Arguello%20Blvd%20to%20Laurel%20St%29.pdf,,,,,
high,8074.1,Jackson st_Str-8074.1 (Laurel St to Scott St).pdf,JACKSON ST,LAUREL ST,SCOTT ST,9,between,,yes,2026-07-08,https://civic-joy-fund.github.io/block-party/striping/#id=8074.1,https://safitwebapps.blob.core.windows.net/$web/Striping%20Drawings/J_Streets/Jackson%20St/Jackson%20st_Str-8074.1%20%28Laurel%20St%20to%20Scott%20St%29.pdf,,,,,
high,3039.1,Jamestown_str-3039.1 (Salinas Bayshore & Hunter's Point).pdf,JAMESTOWN AVE,SALINAS AVE,,3,intersection,,yes,2024-08-15,https://civic-joy-fund.github.io/block-party/striping/#id=3039.1,https://safitwebapps.blob.core.windows.net/$web/Striping%20Drawings/J_Streets/Jamestown%20Ave/Jamestown_str-3039.1%20%28Salinas%20Bayshore%20%26%20Hunter%27s%20Point%29.pdf,,,,,
high,8514,Jarboe Ave_Str-8514 (Moultrie St to Bradford St).pdf,JARBOE AVE,MOULTRIE ST,BRADFORD ST,11,between,,yes,2025-12-09,https://civic-joy-fund.github.io/block-party/striping/#id=8514,https://safitwebapps.blob.core.windows.net/$web/Striping%20Drawings/J_Streets/Jarboe%20Ave/Jarboe%20Ave_Str-8514%20%28Moultrie%20St%20to%20Bradford%20St%29.pdf,,,,,
high,8228,Jennings St_Str-8228 (Meade Ave to Donner Ave).pdf,JENNINGS ST,MEADE AVE,DONNER AVE,10,between,,yes,2024-08-15,https://civic-joy-fund.github.io/block-party/striping/#id=8228,https://safitwebapps.blob.core.windows.net/$web/Striping%20Drawings/J_Streets/Jennings%20St/Jennings%20St_Str-8228%20%28Meade%20Ave%20to%20Donner%20Ave%29.pdf,,,,,
high,8228.1,Jennings St_Str-8228.1 (Donner Ave to Shafter Ave).pdf,JENNINGS ST,DONNER AVE,SHAFTER AVE,11,between,,yes,2024-08-15,https://civic-joy-fund.github.io/block-party/striping/#id=8228.1,https://safitwebapps.blob.core.windows.net/$web/Striping%20Drawings/J_Streets/Jennings%20St/Jennings%20St_Str-8228.1%20%28Donner%20Ave%20to%20Shafter%20Ave%29.pdf,,,,,
high,7801,Jerrold Ave_Str-7801 (Bayshore Blvd to Rankin St)r10.pdf,JERROLD AVE,BAY SHORE BLVD,RANKIN ST,15,between,,yes,2025-09-23,https://civic-joy-fund.github.io/block-party/striping/#id=7801,https://safitwebapps.blob.core.windows.net/$web/Striping%20Drawings/J_Streets/Jerrold%20Ave/Jerrold%20Ave_Str-7801%20%28Bayshore%20Blvd%20to%20Rankin%20St%29r10.pdf,,,,,
high,7801.1,Jerrold Ave_Str-7801.1 (Rankin St to Mendell St)r8.pdf,JERROLD AVE,RANKIN ST,MENDELL ST,6,between,,yes,2026-07-14,https://civic-joy-fund.github.io/block-party/striping/#id=7801.1,https://safitwebapps.blob.core.windows.net/$web/Striping%20Drawings/J_Streets/Jerrold%20Ave/Jerrold%20Ave_Str-7801.1%20%28Rankin%20St%20to%20Mendell%20St%29r8.pdf,,,,,
high,7801.2,Jerrold Ave_Str-7801.2 (Northridge Rd to Coleman St).pdf,JERROLD AVE,NORTHRIDGE RD,COLEMAN ST,5,between,,yes,2024-08-15,https://civic-joy-fund.github.io/block-party/striping/#id=7801.2,https://safitwebapps.blob.core.windows.net/$web/Striping%20Drawings/J_Streets/Jerrold%20Ave/Jerrold%20Ave_Str-7801.2%20%28Northridge%20Rd%20to%20Coleman%20St%29.pdf,,,,,
high,8002,Jersey St_Str-8002 (Douglass St to Vicksburg St).pdf,JERSEY ST,DOUGLASS ST,VICKSBURG ST,6,between,,yes,2024-10-25,https://civic-joy-fund.github.io/block-party/striping/#id=8002,https://safitwebapps.blob.core.windows.net/$web/Striping%20Drawings/J_Streets/Jersey%20St/Jersey%20St_Str-8002%20%28Douglass%20St%20to%20Vicksburg%20St%29.pdf,,,,,
high,8002.1,Jersey St_Str-8002.1 (Vicksburg St to Dolores St)r3.pdf,JERSEY ST,VICKSBURG ST,DOLORES ST,3,between,,yes,2025-08-30,https://civic-joy-fund.github.io/block-party/striping/#id=8002.1,https://safitwebapps.blob.core.windows.net/$web/Striping%20Drawings/J_Streets/Jersey%20St/Jersey%20St_Str-8002.1%20%28Vicksburg%20St%20to%20Dolores%20St%29r3.pdf,,,,,
high,8185,Jessie St_Str-8185 (10th St to 9th St).pdf,JESSIE ST,10TH ST,09TH ST,1,between,,yes,2024-08-15,https://civic-joy-fund.github.io/block-party/striping/#id=8185,https://safitwebapps.blob.core.windows.net/$web/Striping%20Drawings/J_Streets/Jessie%20St/Jessie%20St_Str-8185%20%2810th%20St%20to%209th%20St%29.pdf,,,,,
high,8185.1,Jessie St_Str-8185.1 (6th St to 4th St).pdf,JESSIE ST,06TH ST,04TH ST,4,between,,yes,2024-12-25,https://civic-joy-fund.github.io/block-party/striping/#id=8185.1,https://safitwebapps.blob.core.windows.net/$web/Striping%20Drawings/J_Streets/Jessie%20St/Jessie%20St_Str-8185.1%20%286th%20St%20to%204th%20St%29.pdf,,,,,
high,7935.1,John F Kennedy Dr_STR-7935.1 (Stow Lake Dr to 10th Ave).pdf,JOHN F KENNEDY DR,STOW LAKE DR,10TH AVE,1,between,,yes,2025-01-08,https://civic-joy-fund.github.io/block-party/striping/#id=7935.1,https://safitwebapps.blob.core.windows.net/$web/Striping%20Drawings/K_Streets/Kennedy%20JFDr/John%20F%20Kennedy%20Dr_STR-7935.1%20%28Stow%20Lake%20Dr%20to%2010th%20Ave%29.pdf,,,,,
high,8173,John F Kennedy Dr_STR-8173 (Great Highway to Bernice Rodgers Way).pdf,JOHN F KENNEDY DR,GREAT HWY,BERNICE RODGERS WAY,3,between,,yes,2025-09-25,https://civic-joy-fund.github.io/block-party/striping/#id=8173,https://safitwebapps.blob.core.windows.net/$web/Striping%20Drawings/K_Streets/Kennedy%20JFDr/John%20F%20Kennedy%20Dr_STR-8173%20%28Great%20Highway%20to%20Bernice%20Rodgers%20Way%29.pdf,,,,,
high,8173.1,John F Kennedy Dr_STR-8173.1 (Bernice Rodgers Way to 36th Ave).pdf,JOHN F KENNEDY DR,BERNICE RODGERS WAY,36TH AVE,7,between,,yes,2024-08-15,https://civic-joy-fund.github.io/block-party/striping/#id=8173.1,https://safitwebapps.blob.core.windows.net/$web/Striping%20Drawings/K_Streets/Kennedy%20JFDr/John%20F%20Kennedy%20Dr_STR-8173.1%20%28Bernice%20Rodgers%20Way%20to%2036th%20Ave%29.pdf,,,,,
high,7921,John Muir Dr_str-7921 (Skyline blvd to Lake Merced blvd).pdf,JOHN MUIR DR,SKYLINE BLVD,LAKE MERCED BLVD,1,between,,yes,2024-08-15,https://civic-joy-fund.github.io/block-party/striping/#id=7921,https://safitwebapps.blob.core.windows.net/$web/Striping%20Drawings/J_Streets/John%20Muir%20Dr/John%20Muir%20Dr_str-7921%20%28Skyline%20blvd%20to%20Lake%20Merced%20blvd%29.pdf,,,,,
high,7921.1,John Muir Dr_str-7921.1 (Skyline blvd to Lake Merced blvd).pdf,JOHN MUIR DR,SKYLINE BLVD,LAKE MERCED BLVD,1,between,,yes,2024-08-15,https://civic-joy-fund.github.io/block-party/striping/#id=7921.1,https://safitwebapps.blob.core.windows.net/$web/Striping%20Drawings/J_Streets/John%20Muir%20Dr/John%20Muir%20Dr_str-7921.1%20%28Skyline%20blvd%20to%20Lake%20Merced%20blvd%29.pdf,,,,,
high,4546,Jones St_str-4546 (Union St to Green St) rev0_see Joce Suhaimi-JChimento corridor file 2024-05-16.pdf,JONES ST,UNION ST,GREEN ST,2,between,,yes,2025-12-11,https://civic-joy-fund.github.io/block-party/striping/#id=4546,https://safitwebapps.blob.core.windows.net/$web/Striping%20Drawings/J_Streets/Jones%20St/Jones%20St_str-4546%20%28Union%20St%20to%20Green%20St%29%20rev0_see%20Joce%20Suhaimi-JChimento%20corridor%20file%202024-05-16.pdf,,,,,
high,7920,Jones St_str-7920 (California St to Market St).pdf,JONES ST,CALIFORNIA ST,MARKET ST,18,between,,yes,2026-03-27,https://civic-joy-fund.github.io/block-party/striping/#id=7920,https://safitwebapps.blob.core.windows.net/$web/Striping%20Drawings/J_Streets/Jones%20St/Jones%20St_str-7920%20%28California%20St%20to%20Market%20St%29.pdf,,,,,
high,7865,Joost Ave_Str-7865 (Hazelwood Ave to Detroit St)r3.pdf,JOOST AVE,HAZELWOOD AVE,DETROIT ST,6,between,,yes,2025-11-05,https://civic-joy-fund.github.io/block-party/striping/#id=7865,https://safitwebapps.blob.core.windows.net/$web/Striping%20Drawings/J_Streets/Joost%20Ave/Joost%20Ave_Str-7865%20%28Hazelwood%20Ave%20to%20Detroit%20St%29r3.pdf,,,,,
high,7865.1,Joost Ave_STR-7865.1 (Detroit St to Monterey Blvd).pdf,JOOST AVE,DETROIT ST,MONTEREY BLVD,6,between,,yes,2026-01-06,https://civic-joy-fund.github.io/block-party/striping/#id=7865.1,https://safitwebapps.blob.core.windows.net/$web/Striping%20Drawings/J_Streets/Joost%20Ave/Joost%20Ave_STR-7865.1%20%28Detroit%20St%20to%20Monterey%20Blvd%29.pdf,,,,,
high,8181,Jordan Ave_Str-8181 (Geary Blvd to California St).pdf,JORDAN AVE,GEARY BLVD,CALIFORNIA ST,2,between,,yes,2024-08-15,https://civic-joy-fund.github.io/block-party/striping/#id=8181,https://safitwebapps.blob.core.windows.net/$web/Striping%20Drawings/J_Streets/Jordan%20Ave/Jordan%20Ave_Str-8181%20%28Geary%20Blvd%20to%20California%20St%29.pdf,,,,,
high,8417.1,Juanita Way_ Str-8417.1 (Rex Ave to Teresita Blvd).pdf,JUANITA WAY,REX AVE,TERESITA BLVD,6,between,,yes,2024-08-15,https://civic-joy-fund.github.io/block-party/striping/#id=8417.1,https://safitwebapps.blob.core.windows.net/$web/Striping%20Drawings/J_Streets/Juanita%20Way/Juanita%20Way_%20Str-8417.1%20%28Rex%20Ave%20to%20Teresita%20Blvd%29.pdf,,,,,
high,8250,Judah St_STR-8250 (Great High Way to 41st Ave).pdf,JUDAH ST,GREAT HWY,41ST AVE,10,between,,yes,2025-06-27,https://civic-joy-fund.github.io/block-party/striping/#id=8250,https://safitwebapps.blob.core.windows.net/$web/Striping%20Drawings/J_Streets/Judah%20St/Judah%20St_STR-8250%20%28Great%20High%20Way%20to%2041st%20Ave%29.pdf,,,,,
high,8250.1,Judah St_STR-8250.1 (41st Ave to 32nd Ave).pdf,JUDAH ST,41ST AVE,32ND AVE,13,between,,yes,2026-03-19,https://civic-joy-fund.github.io/block-party/striping/#id=8250.1,https://safitwebapps.blob.core.windows.net/$web/Striping%20Drawings/J_Streets/Judah%20St/Judah%20St_STR-8250.1%20%2841st%20Ave%20to%2032nd%20Ave%29.pdf,,,,,
high,8250.2,Judah St_STR-8250.2 (32nd Ave to 23rd Ave)r4.pdf,JUDAH ST,32ND AVE,23RD AVE,11,between,,yes,2026-09-22,https://civic-joy-fund.github.io/block-party/striping/#id=8250.2,https://safitwebapps.blob.core.windows.net/$web/Striping%20Drawings/J_Streets/Judah%20St/Judah%20St_STR-8250.2%20%2832nd%20Ave%20to%2023rd%20Ave%29r4.pdf,,,,,
high,8250.3,Judah St_STR-8250.3 (23rd Ave to 14th Ave).pdf,JUDAH ST,23RD AVE,14TH AVE,17,between,,yes,2026-09-04,https://civic-joy-fund.github.io/block-party/striping/#id=8250.3,https://safitwebapps.blob.core.windows.net/$web/Striping%20Drawings/J_Streets/Judah%20St/Judah%20St_STR-8250.3%20%2823rd%20Ave%20to%2014th%20Ave%29.pdf,,,,,
high,8250.4,Judah St_STR-8250.4 (Funston Ave to 5th Ave).pdf,JUDAH ST,FUNSTON AVE,05TH AVE,14,between,,yes,2026-02-06,https://civic-joy-fund.github.io/block-party/striping/#id=8250.4,https://safitwebapps.blob.core.windows.net/$web/Striping%20Drawings/J_Streets/Judah%20St/Judah%20St_STR-8250.4%20%28Funston%20Ave%20to%205th%20Ave%29.pdf,,,,,
high,7887,Judson Ave_STR-7887 (Phelan Ave to Circular Ave).pdf,JUDSON AVE,PHELAN AVE,CIRCULAR AVE,4,between,,yes,2026-03-13,https://civic-joy-fund.github.io/block-party/striping/#id=7887,https://safitwebapps.blob.core.windows.net/$web/Striping%20Drawings/J_Streets/Judson%20Ave/Judson%20Ave_STR-7887%20%28Phelan%20Ave%20to%20Circular%20Ave%29.pdf,,,,,
high,8435,Jules Ave_Str-8435 (Lakeview Ave to Ocean Ace).pdf,JULES AVE,LAKEVIEW AVE,OCEAN AVE,4,between,,yes,2024-12-25,https://civic-joy-fund.github.io/block-party/striping/#id=8435,https://safitwebapps.blob.core.windows.net/$web/Striping%20Drawings/J_Streets/Jules%20Ave/Jules%20Ave_Str-8435%20%28Lakeview%20Ave%20to%20Ocean%20Ace%29.pdf,,,,,
high,8455,Junipero Serra blvd_Str-8455 (19th Ave to Winston Dr).pdf,JUNIPERO SERRA BLVD,19TH AVE,WINSTON DR,8,between,,yes,2024-09-10,https://civic-joy-fund.github.io/block-party/striping/#id=8455,https://safitwebapps.blob.core.windows.net/$web/Striping%20Drawings/J_Streets/Junipero%20Serra%20blvd/Junipero%20Serra%20blvd_Str-8455%20%2819th%20Ave%20to%20Winston%20Dr%29.pdf,,,,,
high,8455.1,Junipero Serra blvd_Str-8455.1 (Winston Dr to Ocean Ave).pdf,JUNIPERO SERRA BLVD,WINSTON DR,OCEAN AVE,9,between,,yes,2025-08-31,https://civic-joy-fund.github.io/block-party/striping/#id=8455.1,https://safitwebapps.blob.core.windows.net/$web/Striping%20Drawings/J_Streets/Junipero%20Serra%20blvd/Junipero%20Serra%20blvd_Str-8455.1%20%28Winston%20Dr%20to%20Ocean%20Ave%29.pdf,,,,,
high,8455.2,Junipero Serra blvd_Str-8455.2 (Ocean Ave to Saint Francis Blvd).pdf,JUNIPERO SERRA BLVD,OCEAN AVE,SAINT FRANCIS BLVD,6,between,,yes,2024-09-10,https://civic-joy-fund.github.io/block-party/striping/#id=8455.2,https://safitwebapps.blob.core.windows.net/$web/Striping%20Drawings/J_Streets/Junipero%20Serra%20blvd/Junipero%20Serra%20blvd_Str-8455.2%20%28Ocean%20Ave%20to%20Saint%20Francis%20Blvd%29.pdf,,,,,
high,5339,Str-5339 (Justin Dr_College ave to Genebern way).pdf,JUSTIN DR,JUSTIN DR,GENEBERN WAY,8,between,,yes,2024-08-15,https://civic-joy-fund.github.io/block-party/striping/#id=5339,https://safitwebapps.blob.core.windows.net/$web/Striping%20Drawings/J_Streets/Justin%20Dr/Str-5339%20%28Justin%20Dr_College%20ave%20to%20Genebern%20way%29.pdf,,,,,
high,7629,Kansas St_Str-7629 (20th St to 15th St).pdf,KANSAS ST,20TH ST,15TH ST,6,between,,yes,2026-02-11,https://civic-joy-fund.github.io/block-party/striping/#id=7629,https://safitwebapps.blob.core.windows.net/$web/Striping%20Drawings/K_Streets/Kansas%20st/Kansas%20St_Str-7629%20%2820th%20St%20to%2015th%20St%29.pdf,,,,,
high,7764,Kansas St_Str-7764 (26th st to 23rd st).pdf,KANSAS ST,26TH ST,23RD ST,3,between,,yes,2024-08-15,https://civic-joy-fund.github.io/block-party/striping/#id=7764,https://safitwebapps.blob.core.windows.net/$web/Striping%20Drawings/K_Streets/Kansas%20st/Kansas%20St_Str-7764%20%2826th%20st%20to%2023rd%20st%29.pdf,,,,,
high,7127,Kearny st_str-7127 (North Point st to Bay st).pdf,KEARNY ST,NORTH POINT ST,BAY ST,1,between,,yes,2024-08-15,https://civic-joy-fund.github.io/block-party/striping/#id=7127,https://safitwebapps.blob.core.windows.net/$web/Striping%20Drawings/K_Streets/Kearny%20st/Kearny%20st_str-7127%20%28North%20Point%20st%20to%20Bay%20st%29.pdf,,,,,
high,7928,Kearny St_STR-7928 (Market St to Broadway St).pdf,KEARNY ST,MARKET ST,BROADWAY,22,between,,yes,2026-03-19,https://civic-joy-fund.github.io/block-party/striping/#id=7928,https://safitwebapps.blob.core.windows.net/$web/Striping%20Drawings/K_Streets/Kearny%20st/Kearny%20St_STR-7928%20%28Market%20St%20to%20Broadway%20St%29.pdf,,,,,
high,8202,Keith St_STR-8202 (Carroll Ave to Revere Ave).pdf,KEITH ST,CARROLL AVE,REVERE AVE,10,between,,yes,2024-08-15,https://civic-joy-fund.github.io/block-party/striping/#id=8202,https://safitwebapps.blob.core.windows.net/$web/Striping%20Drawings/K_Streets/Keith%20St/Keith%20St_STR-8202%20%28Carroll%20Ave%20to%20Revere%20Ave%29.pdf,,,,,
high,8202.1,Keith St_STR-8202.1 (Revere Ave to Newcomb Ave).pdf,KEITH ST,REVERE AVE,NEWCOMB AVE,4,between,,yes,2025-08-06,https://civic-joy-fund.github.io/block-party/striping/#id=8202.1,https://safitwebapps.blob.core.windows.net/$web/Striping%20Drawings/K_Streets/Keith%20St/Keith%20St_STR-8202.1%20%28Revere%20Ave%20to%20Newcomb%20Ave%29.pdf,,,,,
high,8068,Kensington Way _STR-8068 (Dewey Blvd to Portola Drive).pdf,KENSINGTON WAY,DEWEY BLVD,PORTOLA DR,6,between,,yes,2025-05-21,https://civic-joy-fund.github.io/block-party/striping/#id=8068,https://safitwebapps.blob.core.windows.net/$web/Striping%20Drawings/K_Streets/Kensington%20Way/Kensington%20Way%20_STR-8068%20%28Dewey%20Blvd%20to%20Portola%20Drive%29.pdf,,,,,
high,8503,Keystone Way_Str-8503 (Ocean Ave to Kenwood Way).pdf,KEYSTONE WAY,OCEAN AVE,KENWOOD WAY,1,between,,yes,2026-10-01,https://civic-joy-fund.github.io/block-party/striping/#id=8503,https://safitwebapps.blob.core.windows.net/$web/Striping%20Drawings/K_Streets/Keystone%20Way/Keystone%20Way_Str-8503%20%28Ocean%20Ave%20to%20Kenwood%20Way%29.pdf,,,,,
high,7616,King St_Str-7616 (Townsend to 2nd).pdf,KING ST,TOWNSEND ST,02ND ST,2,between,,yes,2026-07-10,https://civic-joy-fund.github.io/block-party/striping/#id=7616,https://safitwebapps.blob.core.windows.net/$web/Striping%20Drawings/K_Streets/King%20St/King%20St_Str-7616%20%28Townsend%20to%202nd%29.pdf,,,,,
high,7616.1,King St_Str-7616.1 (2nd St to 5th St).pdf,KING ST,02ND ST,05TH ST,6,between,,yes,2026-07-08,https://civic-joy-fund.github.io/block-party/striping/#id=7616.1,https://safitwebapps.blob.core.windows.net/$web/Striping%20Drawings/K_Streets/King%20St/King%20St_Str-7616.1%20%282nd%20St%20to%205th%20St%29.pdf,,,,,
high,5568,Kingston Ave_STR-5568 (Mission St to San Jose Ave).pdf,KINGSTON ST,MISSION ST,SAN JOSE AVE,1,between,,yes,2026-02-11,https://civic-joy-fund.github.io/block-party/striping/#id=5568,https://safitwebapps.blob.core.windows.net/$web/Striping%20Drawings/K_Streets/Kingston%20St/Kingston%20Ave_STR-5568%20%28Mission%20St%20to%20San%20Jose%20Ave%29.pdf,,,,,
high,7803,Kirkham St_Str-7803 (12th Ave to 5th Ave).pdf,KIRKHAM ST,12TH AVE,05TH AVE,9,between,,yes,2026-09-20,https://civic-joy-fund.github.io/block-party/striping/#id=7803,https://safitwebapps.blob.core.windows.net/$web/Striping%20Drawings/K_Streets/Kirkham%20st/Kirkham%20St_Str-7803%20%2812th%20Ave%20to%205th%20Ave%29.pdf,,,,,
high,7803.1,Kirkham St_Str-7803.1 (22nd Ave to Funston Ave).pdf,KIRKHAM ST,22ND AVE,FUNSTON AVE,11,between,,yes,2026-03-19,https://civic-joy-fund.github.io/block-party/striping/#id=7803.1,https://safitwebapps.blob.core.windows.net/$web/Striping%20Drawings/K_Streets/Kirkham%20st/Kirkham%20St_Str-7803.1%20%2822nd%20Ave%20to%20Funston%20Ave%29.pdf,,,,,
high,7803.2,Kirkham St_Str-7803.2 (32nd Ave to 22nd Ave).pdf,KIRKHAM ST,32ND AVE,22ND AVE,12,between,,yes,2026-03-19,https://civic-joy-fund.github.io/block-party/striping/#id=7803.2,https://safitwebapps.blob.core.windows.net/$web/Striping%20Drawings/K_Streets/Kirkham%20st/Kirkham%20St_Str-7803.2%20%2832nd%20Ave%20to%2022nd%20Ave%29.pdf,,,,,
high,7803.3,Kirkham St_Str-7803.3 (41st Ave to 32nd Ave).pdf,KIRKHAM ST,41ST AVE,32ND AVE,13,between,,yes,2026-03-19,https://civic-joy-fund.github.io/block-party/striping/#id=7803.3,https://safitwebapps.blob.core.windows.net/$web/Striping%20Drawings/K_Streets/Kirkham%20st/Kirkham%20St_Str-7803.3%20%2841st%20Ave%20to%2032nd%20Ave%29.pdf,,,,,
high,7803.4,Kirkham St_Str-7803.4 (Great Highway to 41St Ave).pdf,KIRKHAM ST,GREAT HWY,41ST AVE,9,between,,yes,2026-03-19,https://civic-joy-fund.github.io/block-party/striping/#id=7803.4,https://safitwebapps.blob.core.windows.net/$web/Striping%20Drawings/K_Streets/Kirkham%20st/Kirkham%20St_Str-7803.4%20%28Great%20Highway%20to%2041St%20Ave%29.pdf,,,,,
high,7748,Str-7748_Kiska Rd (Ingalls to Dormitory Rd).pdf,KISKA RD,INGALLS ST,DORMITORY RD,1,between,,yes,2024-08-15,https://civic-joy-fund.github.io/block-party/striping/#id=7748,https://safitwebapps.blob.core.windows.net/$web/Striping%20Drawings/K_Streets/Kiska%20Rd/Str-7748_Kiska%20Rd%20%28Ingalls%20to%20Dormitory%20Rd%29.pdf,,,,,
high,7997,La Playa St_Str-7997 (Fulton St to Balboa St).pdf,LA PLAYA,FULTON ST,BALBOA ST,2,between,,yes,2024-08-15,https://civic-joy-fund.github.io/block-party/striping/#id=7997,https://safitwebapps.blob.core.windows.net/$web/Striping%20Drawings/L_Streets/La%20Playa/La%20Playa%20St_Str-7997%20%28Fulton%20St%20to%20Balboa%20St%29.pdf,,,,,
high,8458,La Salle Ave_Str-8458 (Newcomb Ave to Ingalls Ave).pdf,LA SALLE AVE,NEWCOMB AVE,INGALLS ST,5,between,,yes,2024-10-02,https://civic-joy-fund.github.io/block-party/striping/#id=8458,https://safitwebapps.blob.core.windows.net/$web/Striping%20Drawings/L_Streets/La%20Salle%20Ave/La%20Salle%20Ave_Str-8458%20%28Newcomb%20Ave%20to%20Ingalls%20Ave%29.pdf,,,,,
high,7608.1,Laguna Honda Blvd_Str-7608.1 (Clarendon Ave to 7th Ave).pdf,LAGUNA HONDA BLVD,CLARENDON AVE,07TH AVE,2,between,,yes,2024-08-15,https://civic-joy-fund.github.io/block-party/striping/#id=7608.1,https://safitwebapps.blob.core.windows.net/$web/Striping%20Drawings/L_Streets/Laguna%20Honda%20blvd/Laguna%20Honda%20Blvd_Str-7608.1%20%28Clarendon%20Ave%20to%207th%20Ave%29.pdf,,,,,
high,7608.2,Laguna Honda Blvd_Str-7608.2 (Woodside Ave to Clarendon Ave).pdf,LAGUNA HONDA BLVD,WOODSIDE AVE,CLARENDON AVE,9,between,,yes,2026-07-17,https://civic-joy-fund.github.io/block-party/striping/#id=7608.2,https://safitwebapps.blob.core.windows.net/$web/Striping%20Drawings/L_Streets/Laguna%20Honda%20blvd/Laguna%20Honda%20Blvd_Str-7608.2%20%28Woodside%20Ave%20to%20Clarendon%20Ave%29.pdf,,,,,
high,7608.3,Laguna Honda Blvd_Str-7608.3 (Portola Drive to Vasquez Ave).pdf,LAGUNA HONDA BLVD,PORTOLA DR,VASQUEZ AVE,8,between,,yes,2026-09-02,https://civic-joy-fund.github.io/block-party/striping/#id=7608.3,https://safitwebapps.blob.core.windows.net/$web/Striping%20Drawings/L_Streets/Laguna%20Honda%20blvd/Laguna%20Honda%20Blvd_Str-7608.3%20%28Portola%20Drive%20to%20Vasquez%20Ave%29.pdf,,,,,
high,6351,Laguna st_str-6351 (Bay st to Marina blvd).pdf,LAGUNA ST,BAY ST,MARINA BLVD,2,between,,yes,2024-08-15,https://civic-joy-fund.github.io/block-party/striping/#id=6351,https://safitwebapps.blob.core.windows.net/$web/Striping%20Drawings/L_Streets/Laguna%20st/Laguna%20st_str-6351%20%28Bay%20st%20to%20Marina%20blvd%29.pdf,,,,,
high,7668,Laguna st_Str-7668 (Fell St to Market st)R19.pdf,LAGUNA ST,FELL ST,MARKET ST,10,between,,yes,2026-03-19,https://civic-joy-fund.github.io/block-party/striping/#id=7668,https://safitwebapps.blob.core.windows.net/$web/Striping%20Drawings/L_Streets/Laguna%20st/Laguna%20st_Str-7668%20%28Fell%20St%20to%20Market%20st%29R19.pdf,,,,,
high,7837,Laguna St_Str-7837 (Linden St to Golden Gate Ave).pdf,LAGUNA ST,LINDEN ST,GOLDEN GATE AVE,9,between,,yes,2026-01-21,https://civic-joy-fund.github.io/block-party/striping/#id=7837,https://safitwebapps.blob.core.windows.net/$web/Striping%20Drawings/L_Streets/Laguna%20st/Laguna%20St_Str-7837%20%28Linden%20St%20to%20Golden%20Gate%20Ave%29.pdf,,,,,
high,7837.1,Laguna St_STR-7837.1 (Golden Gate Ave to Bush St).pdf,LAGUNA ST,GOLDEN GATE AVE,BUSH ST,14,between,,yes,2026-05-20,https://civic-joy-fund.github.io/block-party/striping/#id=7837.1,https://safitwebapps.blob.core.windows.net/$web/Striping%20Drawings/L_Streets/Laguna%20st/Laguna%20St_STR-7837.1%20%28Golden%20Gate%20Ave%20to%20Bush%20St%29.pdf,,,,,
high,8444,Lagunitas Dr_STR-8444 (Ocean Ave to Sloat Blvd).pdf,LAGUNITAS DR,OCEAN AVE,SLOAT BLVD,3,between,,yes,2024-08-15,https://civic-joy-fund.github.io/block-party/striping/#id=8444,https://safitwebapps.blob.core.windows.net/$web/Striping%20Drawings/L_Streets/Lagunitas%20Dr/Lagunitas%20Dr_STR-8444%20%28Ocean%20Ave%20to%20Sloat%20Blvd%29.pdf,,,,,
high,3666,Lake Merced Blvd_STR-3666 (Sunset Blvd to Winston Dr) Rev10_see Mark Manalo corridor file 2025-09-19.pdf,LAKE MERCED BLVD,SUNSET BLVD,WINSTON DR,7,between,,yes,2025-09-20,https://civic-joy-fund.github.io/block-party/striping/#id=3666,https://safitwebapps.blob.core.windows.net/$web/Striping%20Drawings/L_Streets/Lake%20Merced%20Blvd/Lake%20Merced%20Blvd_STR-3666%20%28Sunset%20Blvd%20to%20Winston%20Dr%29%20Rev10_see%20Mark%20Manalo%20corridor%20file%202025-09-19.pdf,,,,,
high,7628,Lake Merced Blvd_STR-7628 (John Muir to Brotherhood Way)rev10_see Mark Manalo corridor file 2022-03-24.pdf,LAKE MERCED BLVD,JOHN MUIR DR,BROTHERHOOD WAY,6,between,,yes,2025-09-25,https://civic-joy-fund.github.io/block-party/striping/#id=7628,https://safitwebapps.blob.core.windows.net/$web/Striping%20Drawings/L_Streets/Lake%20Merced%20Blvd/Lake%20Merced%20Blvd_STR-7628%20%28John%20Muir%20to%20Brotherhood%20Way%29rev10_see%20Mark%20Manalo%20corridor%20file%202022-03-24.pdf,,,,,
high,7628.1,Lake Merced Blvd_STR-7628.1 (Brotherhood way to Font) rev4_see Mark Manalo corridor file.pdf,LAKE MERCED BLVD,BROTHERHOOD WAY,FONT BLVD,7,between,,yes,2025-09-25,https://civic-joy-fund.github.io/block-party/striping/#id=7628.1,https://safitwebapps.blob.core.windows.net/$web/Striping%20Drawings/L_Streets/Lake%20Merced%20Blvd/Lake%20Merced%20Blvd_STR-7628.1%20%28Brotherhood%20way%20to%20Font%29%20rev4_see%20Mark%20Manalo%20corridor%20file.pdf,,,,,
high,7628.2,Lake Merced Blvd_STR-7628.2 (Font St to Winston Dr.)rev5_see Mark Manalo corridor file 2022-03-24.pdf,LAKE MERCED BLVD,FONT BLVD,WINSTON DR,4,between,,yes,2025-09-25,https://civic-joy-fund.github.io/block-party/striping/#id=7628.2,https://safitwebapps.blob.core.windows.net/$web/Striping%20Drawings/L_Streets/Lake%20Merced%20Blvd/Lake%20Merced%20Blvd_STR-7628.2%20%28Font%20St%20to%20Winston%20Dr.%29rev5_see%20Mark%20Manalo%20corridor%20file%202022-03-24.pdf,,,,,
high,7826,Lake St_Str-7826 (El Camino Del Mar to 22nd Ave).pdf,LAKE ST,EL CAMINO DEL MAR,22ND AVE,12,between,,yes,2025-01-14,https://civic-joy-fund.github.io/block-party/striping/#id=7826,https://safitwebapps.blob.core.windows.net/$web/Striping%20Drawings/L_Streets/Lake%20st/Lake%20St_Str-7826%20%28El%20Camino%20Del%20Mar%20to%2022nd%20Ave%29.pdf,,,,,
high,7826.1,Lake St_Str-7826.1 (22nd Ave to Funston Ave).pdf,LAKE ST,22ND AVE,FUNSTON AVE,12,between,,yes,2025-01-14,https://civic-joy-fund.github.io/block-party/striping/#id=7826.1,https://safitwebapps.blob.core.windows.net/$web/Striping%20Drawings/L_Streets/Lake%20st/Lake%20St_Str-7826.1%20%2822nd%20Ave%20to%20Funston%20Ave%29.pdf,,,,,
high,7826.2,Lake st_str-7826.2 (Funston Ave to 4th Ave).pdf,LAKE ST,FUNSTON AVE,04TH AVE,12,between,,yes,2025-01-14,https://civic-joy-fund.github.io/block-party/striping/#id=7826.2,https://safitwebapps.blob.core.windows.net/$web/Striping%20Drawings/L_Streets/Lake%20st/Lake%20st_str-7826.2%20%28Funston%20Ave%20to%204th%20Ave%29.pdf,,,,,
high,7826.3,Lake st_str-7826.3 (4th Ave to Arguello Blvd)r6.pdf,LAKE ST,04TH AVE,ARGUELLO BLVD,3,between,,yes,2026-07-25,https://civic-joy-fund.github.io/block-party/striping/#id=7826.3,https://safitwebapps.blob.core.windows.net/$web/Striping%20Drawings/L_Streets/Lake%20st/Lake%20st_str-7826.3%20%284th%20Ave%20to%20Arguello%20Blvd%29r6.pdf,,,,,
high,8433.1,Lakeview Ave_Str-8433.1 (Summit Ave to San Jose Ave).pdf,LAKEVIEW AVE,SUMMIT ST,SAN JOSE AVE,5,between,,yes,2024-08-15,https://civic-joy-fund.github.io/block-party/striping/#id=8433.1,https://safitwebapps.blob.core.windows.net/$web/Striping%20Drawings/L_Streets/Lakeview%20Ave/Lakeview%20Ave_Str-8433.1%20%28Summit%20Ave%20to%20San%20Jose%20Ave%29.pdf,,,,,
high,8233,Landers St_Str-8233 (16th St to 14th St).pdf,LANDERS ST,16TH ST,14TH ST,3,between,,yes,2025-08-31,https://civic-joy-fund.github.io/block-party/striping/#id=8233,https://safitwebapps.blob.core.windows.net/$web/Striping%20Drawings/L_Streets/Landers%20St/Landers%20St_Str-8233%20%2816th%20St%20to%2014th%20St%29.pdf,,,,,
high,8502,Larkin St_STR-8502 (Market St to O'Farrell St).pdf,LARKIN ST,MARKET ST,OFARRELL ST,13,between,,yes,2026-07-15,https://civic-joy-fund.github.io/block-party/striping/#id=8502,https://safitwebapps.blob.core.windows.net/$web/Striping%20Drawings/L_Streets/Larkin%20st/Larkin%20St_STR-8502%20%28Market%20St%20to%20O%27Farrell%20St%29.pdf,,,,,
high,8502.1,Larkin St_STR-8502.1 (O'Farrell St to Washington St).pdf,LARKIN ST,OFARRELL ST,WASHINGTON ST,17,between,,yes,2026-06-23,https://civic-joy-fund.github.io/block-party/striping/#id=8502.1,https://safitwebapps.blob.core.windows.net/$web/Striping%20Drawings/L_Streets/Larkin%20st/Larkin%20St_STR-8502.1%20%28O%27Farrell%20St%20to%20Washington%20St%29.pdf,,,,,
high,6480,Str-6480_Larkin St (Bay St to Beach St).pdf,LARKIN ST,BAY ST,BEACH ST,2,between,,yes,2025-11-18,https://civic-joy-fund.github.io/block-party/striping/#id=6480,https://safitwebapps.blob.core.windows.net/$web/Striping%20Drawings/L_Streets/Larkin%20st/Str-6480_Larkin%20St%20%28Bay%20St%20to%20Beach%20St%29.pdf,,,,,
high,8044,Latona St_Str-8044 (Thornton Ave to Bayview St).pdf,LATONA ST,THORNTON AVE,BAY VIEW ST,1,between,,yes,2024-08-15,https://civic-joy-fund.github.io/block-party/striping/#id=8044,https://safitwebapps.blob.core.windows.net/$web/Striping%20Drawings/L_Streets/Latona%20St/Latona%20St_Str-8044%20%28Thornton%20Ave%20to%20Bayview%20St%29.pdf,,,,,
high,8182,Laurel St_Str-8182 (Lupine St to Pacific Ave).pdf,LAUREL ST,LUPINE AVE,PACIFIC AVE,8,between,,yes,2026-04-10,https://civic-joy-fund.github.io/block-party/striping/#id=8182,https://safitwebapps.blob.core.windows.net/$web/Striping%20Drawings/L_Streets/Laurel%20St/Laurel%20St_Str-8182%20%28Lupine%20St%20to%20Pacific%20Ave%29.pdf,,,,,
high,7730,Lawton st_str-7730 (Great highway to 40th Ave).pdf,LAWTON ST,GREAT HWY,40TH AVE,10,between,,yes,2026-03-08,https://civic-joy-fund.github.io/block-party/striping/#id=7730,https://safitwebapps.blob.core.windows.net/$web/Striping%20Drawings/L_Streets/Lawton%20St/Lawton%20st_str-7730%20%28Great%20highway%20to%2040th%20Ave%29.pdf,,,,,
high,7730.1,Lawton st_str-7730.1 (40th Ave to 30th Ave).pdf,LAWTON ST,40TH AVE,30TH AVE,13,between,,yes,2026-07-24,https://civic-joy-fund.github.io/block-party/striping/#id=7730.1,https://safitwebapps.blob.core.windows.net/$web/Striping%20Drawings/L_Streets/Lawton%20St/Lawton%20st_str-7730.1%20%2840th%20Ave%20to%2030th%20Ave%29.pdf,,,,,
high,7730.2,Lawton St_str-7730.2 (30th Ave to 16th Ave).pdf,LAWTON ST,30TH AVE,16TH AVE,18,between,,yes,2026-07-24,https://civic-joy-fund.github.io/block-party/striping/#id=7730.2,https://safitwebapps.blob.core.windows.net/$web/Striping%20Drawings/L_Streets/Lawton%20St/Lawton%20St_str-7730.2%20%2830th%20Ave%20to%2016th%20Ave%29.pdf,,,,,
high,7730.3,Lawton St_Str-7730.3 (16th Ave to 11th Ave).pdf,LAWTON ST,16TH AVE,11TH AVE,5,between,,yes,2026-05-27,https://civic-joy-fund.github.io/block-party/striping/#id=7730.3,https://safitwebapps.blob.core.windows.net/$web/Striping%20Drawings/L_Streets/Lawton%20St/Lawton%20St_Str-7730.3%20%2816th%20Ave%20to%2011th%20Ave%29.pdf,,,,,
high,7730.4,Lawton St_Str-7730.4 (11th Ave to Warren Dr).pdf,LAWTON ST,11TH AVE,WARREN DR,5,between,,yes,2026-05-27,https://civic-joy-fund.github.io/block-party/striping/#id=7730.4,https://safitwebapps.blob.core.windows.net/$web/Striping%20Drawings/L_Streets/Lawton%20St/Lawton%20St_Str-7730.4%20%2811th%20Ave%20to%20Warren%20Dr%29.pdf,,,,,
high,4562,Leavenworth st_str-4562 (Beach st to Jefferson st)r2_see Brian Donahoe 2026-07-20.pdf,LEAVENWORTH ST,BEACH ST,JEFFERSON ST,1,between,,yes,2026-07-21,https://civic-joy-fund.github.io/block-party/striping/#id=4562,https://safitwebapps.blob.core.windows.net/$web/Striping%20Drawings/L_Streets/Leavenworth%20St/Leavenworth%20st_str-4562%20%28Beach%20st%20to%20Jefferson%20st%29r2_see%20Brian%20Donahoe%202026-07-20.pdf,,,,,
high,4804,Leavenworth st_str-4804 (Greenwich to Filbert) .pdf,LEAVENWORTH ST,GREENWICH ST,FILBERT ST,1,between,,yes,2024-08-15,https://civic-joy-fund.github.io/block-party/striping/#id=4804,https://safitwebapps.blob.core.windows.net/$web/Striping%20Drawings/L_Streets/Leavenworth%20St/Leavenworth%20st_str-4804%20%28Greenwich%20to%20Filbert%29%20.pdf,,,,,
high,5457,Leavenworth st_str-5457 (Lombard St to Chestnut St).pdf,LEAVENWORTH ST,LOMBARD ST,CHESTNUT ST,1,between,,yes,2024-08-15,https://civic-joy-fund.github.io/block-party/striping/#id=5457,https://safitwebapps.blob.core.windows.net/$web/Striping%20Drawings/L_Streets/Leavenworth%20St/Leavenworth%20st_str-5457%20%28Lombard%20St%20to%20Chestnut%20St%29.pdf,,,,,
high,8242,Leavenworth St_Str-8242 (McAllister St to Sutter St)r11.pdf,LEAVENWORTH ST,MCALLISTER ST,SUTTER ST,10,between,,yes,2026-05-27,https://civic-joy-fund.github.io/block-party/striping/#id=8242,https://safitwebapps.blob.core.windows.net/$web/Striping%20Drawings/L_Streets/Leavenworth%20St/Leavenworth%20St_Str-8242%20%28McAllister%20St%20to%20Sutter%20St%29r11.pdf,,,,,
high,8242.1,Leavenworth St_Str-8242.1 (Sutter St to Pacific Ave).pdf,LEAVENWORTH ST,SUTTER ST,PACIFIC AVE,13,between,,yes,2026-01-30,https://civic-joy-fund.github.io/block-party/striping/#id=8242.1,https://safitwebapps.blob.core.windows.net/$web/Striping%20Drawings/L_Streets/Leavenworth%20St/Leavenworth%20St_Str-8242.1%20%28Sutter%20St%20to%20Pacific%20Ave%29.pdf,,,,,
high,8045,Ledyard St_Str-8045 (Silver Ave to Thornton Ave).pdf,LEDYARD ST,SILVER AVE,THORNTON AVE,2,between,,yes,2024-08-15,https://civic-joy-fund.github.io/block-party/striping/#id=8045,https://safitwebapps.blob.core.windows.net/$web/Striping%20Drawings/L_Streets/Ledyard%20St/Ledyard%20St_Str-8045%20%28Silver%20Ave%20to%20Thornton%20Ave%29.pdf,,,,,
high,8004,Lee Ave_Str-8004 (Lakeview Ave to Ocean Ave).pdf,LEE AVE,LAKEVIEW AVE,OCEAN AVE,3,between,,yes,2024-11-13,https://civic-joy-fund.github.io/block-party/striping/#id=8004,https://safitwebapps.blob.core.windows.net/$web/Striping%20Drawings/L_Streets/Lee%20Ave/Lee%20Ave_Str-8004%20%28Lakeview%20Ave%20to%20Ocean%20Ave%29.pdf,,,,,
high,7933,Leland Ave_Str-7933 (Rutland St to Bayshore Blvd)r4.pdf,LELAND AVE,RUTLAND ST,BAY SHORE BLVD,4,between,,yes,2026-09-18,https://civic-joy-fund.github.io/block-party/striping/#id=7933,https://safitwebapps.blob.core.windows.net/$web/Striping%20Drawings/L_Streets/Leland%20Ave/Leland%20Ave_Str-7933%20%28Rutland%20St%20to%20Bayshore%20Blvd%29r4.pdf,,,,,
high,8339,Lenox Way_STR-8339 (Ulloa St to Taraval St).pdf,LENOX WAY,ULLOA ST,TARAVAL ST,2,between,,yes,2025-07-12,https://civic-joy-fund.github.io/block-party/striping/#id=8339,https://safitwebapps.blob.core.windows.net/$web/Striping%20Drawings/L_Streets/Lenox%20Way/Lenox%20Way_STR-8339%20%28Ulloa%20St%20to%20Taraval%20St%29.pdf,,,,,
high,8384,Levant St_STR-8384 (Lower Terrace to  Roosevelt Way).pdf,LEVANT ST,LOWER TER,ROOSEVELT WAY,3,between,,yes,2025-01-14,https://civic-joy-fund.github.io/block-party/striping/#id=8384,https://safitwebapps.blob.core.windows.net/$web/Striping%20Drawings/L_Streets/Levant%20st/Levant%20St_STR-8384%20%28Lower%20Terrace%20to%20%20Roosevelt%20Way%29.pdf,,,,,
high,8128,Lexington St_STR-8128 (21st St to Sycamore St).pdf,LEXINGTON ST,21ST ST,SYCAMORE ST,4,between,,yes,2025-01-14,https://civic-joy-fund.github.io/block-party/striping/#id=8128,https://safitwebapps.blob.core.windows.net/$web/Striping%20Drawings/L_Streets/Lexington%20St/Lexington%20St_STR-8128%20%2821st%20St%20to%20Sycamore%20St%29.pdf,,,,,
high,7654,Lincoln Way_STR-7654 (Great Highway to 40th Ave ).pdf,LINCOLN WAY,GREAT HWY,40TH AVE,23,between,,yes,2025-05-06,https://civic-joy-fund.github.io/block-party/striping/#id=7654,https://safitwebapps.blob.core.windows.net/$web/Striping%20Drawings/L_Streets/Lincoln%20Way/Lincoln%20Way_STR-7654%20%28Great%20Highway%20to%2040th%20Ave%20%29.pdf,,,,,
high,7654.1,Lincoln Way_STR-7654.1 (40th Ave to 31st Ave).pdf,LINCOLN WAY,40TH AVE,31ST AVE,22,between,,yes,2025-11-04,https://civic-joy-fund.github.io/block-party/striping/#id=7654.1,https://safitwebapps.blob.core.windows.net/$web/Striping%20Drawings/L_Streets/Lincoln%20Way/Lincoln%20Way_STR-7654.1%20%2840th%20Ave%20to%2031st%20Ave%29.pdf,,,,,
high,7654.2,Lincoln Way_STR-7654.2 (31st Ave to 21st Ave).pdf,LINCOLN WAY,31ST AVE,21ST AVE,24,between,,yes,2026-04-17,https://civic-joy-fund.github.io/block-party/striping/#id=7654.2,https://safitwebapps.blob.core.windows.net/$web/Striping%20Drawings/L_Streets/Lincoln%20Way/Lincoln%20Way_STR-7654.2%20%2831st%20Ave%20to%2021st%20Ave%29.pdf,,,,,
high,7654.3,Lincoln Way_STR-7654.3 (21st Ave to 11th Ave).pdf,LINCOLN WAY,21ST AVE,11TH AVE,24,between,,yes,2026-06-18,https://civic-joy-fund.github.io/block-party/striping/#id=7654.3,https://safitwebapps.blob.core.windows.net/$web/Striping%20Drawings/L_Streets/Lincoln%20Way/Lincoln%20Way_STR-7654.3%20%2821st%20Ave%20to%2011th%20Ave%29.pdf,,,,,
high,7654.4,Lincoln Way_STR-7654.4 (11th Ave to Arguello Blvd)R.pdf,LINCOLN WAY,11TH AVE,ARGUELLO BLVD,22,between,,yes,2026-03-10,https://civic-joy-fund.github.io/block-party/striping/#id=7654.4,https://safitwebapps.blob.core.windows.net/$web/Striping%20Drawings/L_Streets/Lincoln%20Way/Lincoln%20Way_STR-7654.4%20%2811th%20Ave%20to%20Arguello%20Blvd%29R.pdf,,,,,
high,8493,Lippard Ave_STR-8493 (Joost Ave to Surrey St) rev0.pdf,LIPPARD AVE,JOOST AVE,SURREY ST,4,between,,yes,2026-03-24,https://civic-joy-fund.github.io/block-party/striping/#id=8493,https://safitwebapps.blob.core.windows.net/$web/Striping%20Drawings/L_Streets/Lippard%20St/Lippard%20Ave_STR-8493%20%28Joost%20Ave%20to%20Surrey%20St%29%20rev0.pdf,,,,,
high,8309.1,Lisbon St_Str-8309.1 (Brazil Ave to Silver Ave).pdf,LISBON ST,BRAZIL AVE,SILVER AVE,5,between,,yes,2024-09-06,https://civic-joy-fund.github.io/block-party/striping/#id=8309.1,https://safitwebapps.blob.core.windows.net/$web/Striping%20Drawings/L_Streets/Lisbon%20St/Lisbon%20St_Str-8309.1%20%28Brazil%20Ave%20to%20Silver%20Ave%29.pdf,,,,,
high,8454,Lobos St_STR-8454 (Orizaba Ave to Caine Ave).pdf,LOBOS ST,ORIZABA AVE,CAINE AVE,3,between,,yes,2024-08-15,https://civic-joy-fund.github.io/block-party/striping/#id=8454,https://safitwebapps.blob.core.windows.net/$web/Striping%20Drawings/L_Streets/Lobos%20St/Lobos%20St_STR-8454%20%28Orizaba%20Ave%20to%20Caine%20Ave%29.pdf,,,,,
high,8272,STR-8272 Locksley Ave (Moraga St to 6th Ave).pdf,LOCKSLEY AVE,MORAGA ST,06TH AVE,2,between,,yes,2024-08-15,https://civic-joy-fund.github.io/block-party/striping/#id=8272,https://safitwebapps.blob.core.windows.net/$web/Striping%20Drawings/L_Streets/Locksley%20Ave/STR-8272%20Locksley%20Ave%20%28Moraga%20St%20to%206th%20Ave%29.pdf,,,,,
high,7838,Loma_Vista_Terrace Str-7838 (Roosevelt Way to Masonic).pdf,LOMA VISTA TER,ROOSEVELT WAY,MASONIC AVE,1,between,,yes,2025-01-15,https://civic-joy-fund.github.io/block-party/striping/#id=7838,https://safitwebapps.blob.core.windows.net/$web/Striping%20Drawings/L_Streets/Loma%20Vista%20Terrace/Loma_Vista_Terrace%20Str-7838%20%28Roosevelt%20Way%20to%20Masonic%29.pdf,,,,,
high,2798,Lombard st_str-2798 (Larkin St to Jones st).pdf,LOMBARD ST,LARKIN ST,JONES ST,4,between,,yes,2025-09-21,https://civic-joy-fund.github.io/block-party/striping/#id=2798,https://safitwebapps.blob.core.windows.net/$web/Striping%20Drawings/L_Streets/Lombard%20st/Lombard%20st_str-2798%20%28Larkin%20St%20to%20Jones%20st%29.pdf,,,,,
high,5906,Lombard st_str-5906 (Taylor st to Grant ave).pdf,LOMBARD ST,TAYLOR ST,GRANT AVE,10,between,,yes,2026-03-20,https://civic-joy-fund.github.io/block-party/striping/#id=5906,https://safitwebapps.blob.core.windows.net/$web/Striping%20Drawings/L_Streets/Lombard%20st/Lombard%20st_str-5906%20%28Taylor%20st%20to%20Grant%20ave%29.pdf,,,,,
high,7094,Lombard st_str-7094 (Kearny st to Stockton st).pdf,LOMBARD ST,KEARNY ST,STOCKTON ST,5,between,,yes,2024-08-15,https://civic-joy-fund.github.io/block-party/striping/#id=7094,https://safitwebapps.blob.core.windows.net/$web/Striping%20Drawings/L_Streets/Lombard%20st/Lombard%20st_str-7094%20%28Kearny%20st%20to%20Stockton%20st%29.pdf,,,,,
high,8163,Lombard St_Str-8163 ( Lyon St to Steiner St).pdf,LOMBARD ST,LYON ST,STEINER ST,13,between,,yes,2025-09-21,https://civic-joy-fund.github.io/block-party/striping/#id=8163,https://safitwebapps.blob.core.windows.net/$web/Striping%20Drawings/L_Streets/Lombard%20st/Lombard%20St_Str-8163%20%28%20Lyon%20St%20to%20Steiner%20St%29.pdf,,,,,
high,8163.1,Lombard St_Str-8163.1 (Steiner St to Gough St).pdf,LOMBARD ST,STEINER ST,GOUGH ST,12,between,,yes,2025-12-13,https://civic-joy-fund.github.io/block-party/striping/#id=8163.1,https://safitwebapps.blob.core.windows.net/$web/Striping%20Drawings/L_Streets/Lombard%20st/Lombard%20St_Str-8163.1%20%28Steiner%20St%20to%20Gough%20St%29.pdf,,,,,
high,8163.2,Lombard St_Str-8163.2 (Gough St to Polk St).pdf,LOMBARD ST,GOUGH ST,POLK ST,5,between,,yes,2025-10-15,https://civic-joy-fund.github.io/block-party/striping/#id=8163.2,https://safitwebapps.blob.core.windows.net/$web/Striping%20Drawings/L_Streets/Lombard%20st/Lombard%20St_Str-8163.2%20%28Gough%20St%20to%20Polk%20St%29.pdf,,,,,
high,8372,Lomita Ave_Str-8372 (16th Ave to Lawton St).pdf,LOMITA AVE,16TH AVE,LAWTON ST,2,between,,yes,2024-08-15,https://civic-joy-fund.github.io/block-party/striping/#id=8372,https://safitwebapps.blob.core.windows.net/$web/Striping%20Drawings/L_Streets/Lomita%20Ave/Lomita%20Ave_Str-8372%20%2816th%20Ave%20to%20Lawton%20St%29.pdf,,,,,
high,8446.0,London St_STR-8446.0 (Geneva Ave to Persia Ave).pdf,LONDON ST,GENEVA AVE,PERSIA AVE,6,between,,yes,2025-01-15,https://civic-joy-fund.github.io/block-party/striping/#id=8446.0,https://safitwebapps.blob.core.windows.net/$web/Striping%20Drawings/L_Streets/London%20St/London%20St_STR-8446.0%20%28Geneva%20Ave%20to%20Persia%20Ave%29.pdf,,,,,
high,8446.1,London St_STR-8446.1 (Persia Ave to Avalon Ave).pdf,LONDON ST,PERSIA AVE,AVALON AVE,3,between,,yes,2025-01-15,https://civic-joy-fund.github.io/block-party/striping/#id=8446.1,https://safitwebapps.blob.core.windows.net/$web/Striping%20Drawings/L_Streets/London%20St/London%20St_STR-8446.1%20%28Persia%20Ave%20to%20Avalon%20Ave%29.pdf,,,,,
high,7929,Loomis St_STR-7929 (Industrial St to Barneveld Ave).pdf,LOOMIS ST,INDUSTRIAL ST,BARNEVELD AVE,4,between,,yes,2025-08-06,https://civic-joy-fund.github.io/block-party/striping/#id=7929,https://safitwebapps.blob.core.windows.net/$web/Striping%20Drawings/L_Streets/Loomis%20st/Loomis%20St_STR-7929%20%28Industrial%20St%20to%20Barneveld%20Ave%29.pdf,,,,,
high,8428,Lowell St_Str-8428 (Hanover St to Mission St).pdf,LOWELL ST,HANOVER ST,MISSION ST,5,between,,yes,2025-01-15,https://civic-joy-fund.github.io/block-party/striping/#id=8428,https://safitwebapps.blob.core.windows.net/$web/Striping%20Drawings/L_Streets/Lowell%20St/Lowell%20St_Str-8428%20%28Hanover%20St%20to%20Mission%20St%29.pdf,,,,,
high,8121,Lunado Way_STR-8121 (Holloway Ave to Mercedes Way).pdf,LUNADO WAY,HOLLOWAY AVE,MERCEDES WAY,3,between,,yes,2025-01-15,https://civic-joy-fund.github.io/block-party/striping/#id=8121,https://safitwebapps.blob.core.windows.net/$web/Striping%20Drawings/L_Streets/Lunado%20Way/Lunado%20Way_STR-8121%20%28Holloway%20Ave%20to%20Mercedes%20Way%29.pdf,,,,,
high,7756,Str-7756 (Laurel St to wood St).pdf,LUPINE AVE,LAUREL ST,WOOD ST,2,between,,yes,2024-08-15,https://civic-joy-fund.github.io/block-party/striping/#id=7756,https://safitwebapps.blob.core.windows.net/$web/Striping%20Drawings/L_Streets/Lupine%20Ave/Str-7756%20%28Laurel%20St%20to%20wood%20St%29.pdf,,,,,
high,7873,Lyell St_Str-7873 (Alemany Blvd to Bosworth St)r8.pdf,LYELL ST,ALEMANY BLVD,BOSWORTH ST,2,between,,yes,2026-09-05,https://civic-joy-fund.github.io/block-party/striping/#id=7873,https://safitwebapps.blob.core.windows.net/$web/Striping%20Drawings/L_Streets/Lyell%20st/Lyell%20St_Str-7873%20%28Alemany%20Blvd%20to%20Bosworth%20St%29r8.pdf,,,,,
high,8078,Lyon St_ STR-8078 (Green St to Bay St).pdf,LYON ST,GREEN ST,BAY ST,7,between,,yes,2025-09-19,https://civic-joy-fund.github.io/block-party/striping/#id=8078,https://safitwebapps.blob.core.windows.net/$web/Striping%20Drawings/L_Streets/Lyon%20st/Lyon%20St_%20STR-8078%20%28Green%20St%20to%20Bay%20St%29.pdf,,,,,
high,8475.0,Lyon st_str-8475.0 (Haight St to Grove St)rev0.pdf,LYON ST,HAIGHT ST,GROVE ST,4,between,,yes,2025-01-24,https://civic-joy-fund.github.io/block-party/striping/#id=8475.0,https://safitwebapps.blob.core.windows.net/$web/Striping%20Drawings/L_Streets/Lyon%20st/Lyon%20st_str-8475.0%20%28Haight%20St%20to%20Grove%20St%29rev0.pdf,,,,,
high,8475.1,Lyon st_str-8475.1 (Grove St to Turk Blvd) rev0.pdf,LYON ST,GROVE ST,TURK BLVD,4,between,,yes,2025-01-24,https://civic-joy-fund.github.io/block-party/striping/#id=8475.1,https://safitwebapps.blob.core.windows.net/$web/Striping%20Drawings/L_Streets/Lyon%20st/Lyon%20st_str-8475.1%20%28Grove%20St%20to%20Turk%20Blvd%29%20rev0.pdf,,,,,
high,7700,Macalla Rd_Str-7700 (Treasure Island to Yerba Buena).pdf,MACALLA RD,TREASURE ISLAND RD,YERBA BUENA RD,1,between,,yes,2024-08-15,https://civic-joy-fund.github.io/block-party/striping/#id=7700,https://safitwebapps.blob.core.windows.net/$web/Striping%20Drawings/M_Streets/Macalla%20Rd/Macalla%20Rd_Str-7700%20%28Treasure%20Island%20to%20Yerba%20Buena%29.pdf,,,,,
high,7700.1,Macalla Rd_Str-7700.1 (Treasure Island to Yerba Buena).pdf,MACALLA RD,TREASURE ISLAND RD,YERBA BUENA RD,1,between,,yes,2024-08-15,https://civic-joy-fund.github.io/block-party/striping/#id=7700.1,https://safitwebapps.blob.core.windows.net/$web/Striping%20Drawings/M_Streets/Macalla%20Rd/Macalla%20Rd_Str-7700.1%20%28Treasure%20Island%20to%20Yerba%20Buena%29.pdf,,,,,
high,8484,YBI_Macalla Rd-STR-8484 (Treasure Island Rd to Yerba Buena Rd) 2025-03-25.pdf,MACALLA RD,TREASURE ISLAND RD,YERBA BUENA RD,1,between,,yes,2025-03-26,https://civic-joy-fund.github.io/block-party/striping/#id=8484,https://safitwebapps.blob.core.windows.net/$web/Striping%20Drawings/Y_Streets/Yerba%20Buena%20Island%20Rd/YBI_Macalla%20Rd-STR-8484%20%28Treasure%20Island%20Rd%20to%20Yerba%20Buena%20Rd%29%202025-03-25.pdf,,,,,
high,8043,Maddux Ave_Str-8043 (Scotia Ave to Quint St).pdf,MADDUX AVE,SCOTIA AVE,QUINT ST,3,between,,yes,2024-08-15,https://civic-joy-fund.github.io/block-party/striping/#id=8043,https://safitwebapps.blob.core.windows.net/$web/Striping%20Drawings/M_Streets/Maddux%20Ave/Maddux%20Ave_Str-8043%20%28Scotia%20Ave%20to%20Quint%20St%29.pdf,,,,,
high,8311.1,Madrid St_Str-8311.1 (Brazil Ave to Silver Ave).pdf,MADRID ST,BRAZIL AVE,SILVER AVE,4,between,,yes,2025-12-06,https://civic-joy-fund.github.io/block-party/striping/#id=8311.1,https://safitwebapps.blob.core.windows.net/$web/Striping%20Drawings/M_Streets/Madrid%20St/Madrid%20St_Str-8311.1%20%28Brazil%20Ave%20to%20Silver%20Ave%29.pdf,,,,,
high,8158,Madrone Ave_Str-8158 (Vicente St to Taraval St).pdf,MADRONE AVE,VICENTE ST,TARAVAL ST,2,between,,yes,2025-04-18,https://civic-joy-fund.github.io/block-party/striping/#id=8158,https://safitwebapps.blob.core.windows.net/$web/Striping%20Drawings/M_Streets/Madrone%20Ave/Madrone%20Ave_Str-8158%20%28Vicente%20St%20to%20Taraval%20St%29.pdf,,,,,
high,8210,Magellan Ave _STR-8210 (12th St to Sola Ave).pdf,MAGELLAN AVE,12TH AVE,SOLA AVE,8,between,,yes,2026-07-10,https://civic-joy-fund.github.io/block-party/striping/#id=8210,https://safitwebapps.blob.core.windows.net/$web/Striping%20Drawings/M_Streets/Magellan%20Ave/Magellan%20Ave%20_STR-8210%20%2812th%20St%20to%20Sola%20Ave%29.pdf,,,,,
high,8210.1,Magellan Ave _STR-8210.1 (Sola Ave to Castenada Ave).pdf,MAGELLAN AVE,SOLA AVE,CASTENADA AVE,4,between,,yes,2024-08-15,https://civic-joy-fund.github.io/block-party/striping/#id=8210.1,https://safitwebapps.blob.core.windows.net/$web/Striping%20Drawings/M_Streets/Magellan%20Ave/Magellan%20Ave%20_STR-8210.1%20%28Sola%20Ave%20to%20Castenada%20Ave%29.pdf,,,,,
high,8018,Magnolia St_Str-8018 (Webster St to Laguna St).pdf,MAGNOLIA ST,WEBSTER ST,LAGUNA ST,2,between,,yes,2024-08-15,https://civic-joy-fund.github.io/block-party/striping/#id=8018,https://safitwebapps.blob.core.windows.net/$web/Striping%20Drawings/M_Streets/Magnolia%20St/Magnolia%20St_Str-8018%20%28Webster%20St%20to%20Laguna%20St%29.pdf,,,,,
high,7615,Main St_Str-7615 (Market St to Bryant St).pdf,MAIN ST,MARKET ST,BRYANT ST,7,between,,yes,2026-01-08,https://civic-joy-fund.github.io/block-party/striping/#id=7615,https://safitwebapps.blob.core.windows.net/$web/Striping%20Drawings/M_Streets/Main%20st/Main%20St_Str-7615%20%28Market%20St%20to%20Bryant%20St%29.pdf,,,,,
high,8377,Manor Dr_Str-8377 (Ocean Ave to Darien Way).pdf,MANOR DR,OCEAN AVE,DARIEN WAY,3,between,,yes,2024-08-15,https://civic-joy-fund.github.io/block-party/striping/#id=8377,https://safitwebapps.blob.core.windows.net/$web/Striping%20Drawings/M_Streets/Manor%20Dr/Manor%20Dr_Str-8377%20%28Ocean%20Ave%20to%20Darien%20Way%29.pdf,,,,,
high,7219,Mansell st_str-7219 (University ave to San Bruno ave).pdf,MANSELL ST,UNIVERSITY ST,SAN BRUNO AVE,19,between,,yes,2024-08-15,https://civic-joy-fund.github.io/block-party/striping/#id=7219,https://safitwebapps.blob.core.windows.net/$web/Striping%20Drawings/M_Streets/Mansell%20St/Mansell%20st_str-7219%20%28University%20ave%20to%20San%20Bruno%20ave%29.pdf,,,,,
high,7937,Marina blvd_STR-7937 (Lyon St to Fillmore St).pdf,MARINA BLVD,LYON ST,FILLMORE ST,15,between,,yes,2024-08-15,https://civic-joy-fund.github.io/block-party/striping/#id=7937,https://safitwebapps.blob.core.windows.net/$web/Striping%20Drawings/M_Streets/Marina%20Blvd/Marina%20blvd_STR-7937%20%28Lyon%20St%20to%20Fillmore%20St%29.pdf,,,,,
high,7937.1,Marina blvd_STR-7937.1 (Fillmore St to Laguna St).pdf,MARINA BLVD,FILLMORE ST,LAGUNA ST,6,between,,yes,2024-08-15,https://civic-joy-fund.github.io/block-party/striping/#id=7937.1,https://safitwebapps.blob.core.windows.net/$web/Striping%20Drawings/M_Streets/Marina%20Blvd/Marina%20blvd_STR-7937.1%20%28Fillmore%20St%20to%20Laguna%20St%29.pdf,,,,,
high,8298.1,Mariposa St_STR-8298.1(Rhode Island St to Mississippi St).pdf,MARIPOSA ST,RHODE ISLAND ST,MISSISSIPPI ST,9,between,,yes,2024-08-15,https://civic-joy-fund.github.io/block-party/striping/#id=8298.1,https://safitwebapps.blob.core.windows.net/$web/Striping%20Drawings/M_Streets/Mariposa%20St/Mariposa%20St_STR-8298.1%28Rhode%20Island%20St%20to%20Mississippi%20St%29.pdf,,,,,
high,7635.1,Market St_Str-7635.1 (Reservoir St to Gough St)r43.pdf,MARKET ST,RESERVOIR ST,GOUGH ST,14,between,,yes,2026-08-11,https://civic-joy-fund.github.io/block-party/striping/#id=7635.1,https://safitwebapps.blob.core.windows.net/$web/Striping%20Drawings/M_Streets/Market%20St/Market%20St_Str-7635.1%20%28Reservoir%20St%20to%20Gough%20St%29r43.pdf,,,,,
high,7635.2,Market St_Str-7635.2 (17th St to Reservoir St).pdf,MARKET ST,17TH ST,RESERVOIR ST,16,between,,yes,2025-11-04,https://civic-joy-fund.github.io/block-party/striping/#id=7635.2,https://safitwebapps.blob.core.windows.net/$web/Striping%20Drawings/M_Streets/Market%20St/Market%20St_Str-7635.2%20%2817th%20St%20to%20Reservoir%20St%29.pdf,,,,,
high,7694,Market St_Str-7694 (12th St to 8th St).pdf,MARKET ST,12TH ST,08TH ST,13,between,,yes,2026-07-10,https://civic-joy-fund.github.io/block-party/striping/#id=7694,https://safitwebapps.blob.core.windows.net/$web/Striping%20Drawings/M_Streets/Market%20St/Market%20St_Str-7694%20%2812th%20St%20to%208th%20St%29.pdf,,,,,
high,7694.1,Market St_Str-7694.1 (8th St to 5th St).pdf,MARKET ST,08TH ST,05TH ST,12,between,,yes,2025-04-10,https://civic-joy-fund.github.io/block-party/striping/#id=7694.1,https://safitwebapps.blob.core.windows.net/$web/Striping%20Drawings/M_Streets/Market%20St/Market%20St_Str-7694.1%20%288th%20St%20to%205th%20St%29.pdf,,,,,
high,7694.2,Market St_Str-7694.2 (5th St to 2nd St).pdf,MARKET ST,05TH ST,02ND ST,15,between,,yes,2024-08-15,https://civic-joy-fund.github.io/block-party/striping/#id=7694.2,https://safitwebapps.blob.core.windows.net/$web/Striping%20Drawings/M_Streets/Market%20St/Market%20St_Str-7694.2%20%285th%20St%20to%202nd%20St%29.pdf,,,,,
high,7694.3,Market St_Str-7694.3 (2nd St to Steuart St).pdf,MARKET ST,02ND ST,STEUART ST,17,between,,yes,2025-06-21,https://civic-joy-fund.github.io/block-party/striping/#id=7694.3,https://safitwebapps.blob.core.windows.net/$web/Striping%20Drawings/M_Streets/Market%20St/Market%20St_Str-7694.3%20%282nd%20St%20to%20Steuart%20St%29.pdf,,,,,
high,8016,Market St_Str-8016 (Portola Dr to Morgan Alley).pdf,MARKET ST,PORTOLA DR,MORGAN ALY,7,between,,yes,2024-08-15,https://civic-joy-fund.github.io/block-party/striping/#id=8016,https://safitwebapps.blob.core.windows.net/$web/Striping%20Drawings/M_Streets/Market%20St/Market%20St_Str-8016%20%28Portola%20Dr%20to%20Morgan%20Alley%29.pdf,,,,,
high,8016.1,Market St_Str-8016.1 (Morgan Alley to Short St).pdf,MARKET ST,MORGAN ALY,SHORT ST,8,between,,yes,2024-08-15,https://civic-joy-fund.github.io/block-party/striping/#id=8016.1,https://safitwebapps.blob.core.windows.net/$web/Striping%20Drawings/M_Streets/Market%20St/Market%20St_Str-8016.1%20%28Morgan%20Alley%20to%20Short%20St%29.pdf,,,,,
high,8016.2,Market St_Str-8016.2 (Short St to Danvers St).pdf,MARKET ST,SHORT ST,DANVERS ST,9,between,,yes,2026-09-18,https://civic-joy-fund.github.io/block-party/striping/#id=8016.2,https://safitwebapps.blob.core.windows.net/$web/Striping%20Drawings/M_Streets/Market%20St/Market%20St_Str-8016.2%20%28Short%20St%20to%20Danvers%20St%29.pdf,,,,,
high,8016.3,Market St_Str-8016.3 (Danvers St to17th St).pdf,MARKET ST,DANVERS ST,17TH ST,16,between,,yes,2026-03-19,https://civic-joy-fund.github.io/block-party/striping/#id=8016.3,https://safitwebapps.blob.core.windows.net/$web/Striping%20Drawings/M_Streets/Market%20St/Market%20St_Str-8016.3%20%28Danvers%20St%20to17th%20St%29.pdf,,,,,
high,7739,Marsily St_Str-7739 (Bosworth St to St. Mary's Ave).pdf,MARSILY ST,BOSWORTH ST,SAINT MARYS AVE,1,between,,yes,2024-08-15,https://civic-joy-fund.github.io/block-party/striping/#id=7739,https://safitwebapps.blob.core.windows.net/$web/Striping%20Drawings/M_Streets/Marsily%20St/Marsily%20St_Str-7739%20%28Bosworth%20St%20to%20St.%20Mary%27s%20Ave%29.pdf,,,,,
high,8451,Marview Way_STR-8451 (Palo Alto Ave to Panorama Dr).pdf,MARVIEW WAY,PALO ALTO AVE,PANORAMA DR,5,between,,yes,2026-07-07,https://civic-joy-fund.github.io/block-party/striping/#id=8451,https://safitwebapps.blob.core.windows.net/$web/Striping%20Drawings/M_Streets/Marview%20Way/Marview%20Way_STR-8451%20%28Palo%20Alto%20Ave%20to%20Panorama%20Dr%29.pdf,,,,,
high,5423,Mason st_Str-5423 (Clay St to Market St).pdf,MASON ST,CLAY ST,MARKET ST,19,between,,yes,2025-04-23,https://civic-joy-fund.github.io/block-party/striping/#id=5423,https://safitwebapps.blob.core.windows.net/$web/Striping%20Drawings/M_Streets/Mason%20St/Mason%20st_Str-5423%20%28Clay%20St%20to%20Market%20St%29.pdf,,,,,
high,5558,Mason st_Str-5558 (Bay St to North Point).pdf,MASON ST,BAY ST,NORTH POINT ST,1,between,,yes,2025-01-16,https://civic-joy-fund.github.io/block-party/striping/#id=5558,https://safitwebapps.blob.core.windows.net/$web/Striping%20Drawings/M_Streets/Mason%20St/Mason%20st_Str-5558%20%28Bay%20St%20to%20North%20Point%29.pdf,,,,,
high,6383,Mason st_Str-6383 (Columbus St to Clay St) .pdf,MASON ST,COLUMBUS AVE,CLAY ST,19,between,,yes,2024-08-15,https://civic-joy-fund.github.io/block-party/striping/#id=6383,https://safitwebapps.blob.core.windows.net/$web/Striping%20Drawings/M_Streets/Mason%20St/Mason%20st_Str-6383%20%28Columbus%20St%20to%20Clay%20St%29%20.pdf,,,,,
high,8278,Masonic Ave_STR-8278 (Roosevelt Way to Page St).pdf,MASONIC AVE,ROOSEVELT WAY,PAGE ST,9,between,,yes,2024-12-24,https://civic-joy-fund.github.io/block-party/striping/#id=8278,https://safitwebapps.blob.core.windows.net/$web/Striping%20Drawings/M_Streets/Masonic%20Ave/Masonic%20Ave_STR-8278%20%28Roosevelt%20Way%20to%20Page%20St%29.pdf,,,,,
high,8278.1,Masonic Ave_STR-8278.1 (Page St to Turk St).pdf,MASONIC AVE,PAGE ST,TURK BLVD,9,between,,yes,2026-06-24,https://civic-joy-fund.github.io/block-party/striping/#id=8278.1,https://safitwebapps.blob.core.windows.net/$web/Striping%20Drawings/M_Streets/Masonic%20Ave/Masonic%20Ave_STR-8278.1%20%28Page%20St%20to%20Turk%20St%29.pdf,,,,,
high,8278.2,Masonic Ave_STR-8278.2 (Turk St to Geary Blvd).pdf,MASONIC AVE,TURK BLVD,GEARY BLVD,6,between,,yes,2025-10-08,https://civic-joy-fund.github.io/block-party/striping/#id=8278.2,https://safitwebapps.blob.core.windows.net/$web/Striping%20Drawings/M_Streets/Masonic%20Ave/Masonic%20Ave_STR-8278.2%20%28Turk%20St%20to%20Geary%20Blvd%29.pdf,,,,,
high,8278.3,Masonic Ave_STR-8278.3 (Geary Blvd to Presidio).pdf,MASONIC AVE,GEARY BLVD,PRESIDIO AVE,2,between,,yes,2024-08-15,https://civic-joy-fund.github.io/block-party/striping/#id=8278.3,https://safitwebapps.blob.core.windows.net/$web/Striping%20Drawings/M_Streets/Masonic%20Ave/Masonic%20Ave_STR-8278.3%20%28Geary%20Blvd%20to%20Presidio%29.pdf,,,,,
high,8177,Mayfair Dr_Str-8177 (Spruce St to Laurel St).pdf,MAYFAIR DR,SPRUCE ST,LAUREL ST,5,between,,yes,2024-08-15,https://civic-joy-fund.github.io/block-party/striping/#id=8177,https://safitwebapps.blob.core.windows.net/$web/Striping%20Drawings/M_Streets/Mayfair%20Dr/Mayfair%20Dr_Str-8177%20%28Spruce%20St%20to%20Laurel%20St%29.pdf,,,,,
high,7762,McAllister St_Str-7762 (Masonic Ave to Divisadero St).pdf,MCALLISTER ST,MASONIC AVE,DIVISADERO ST,5,between,,yes,2026-04-28,https://civic-joy-fund.github.io/block-party/striping/#id=7762,https://safitwebapps.blob.core.windows.net/$web/Striping%20Drawings/M_Streets/McAllister%20St/McAllister%20St_Str-7762%20%28Masonic%20Ave%20to%20Divisadero%20St%29.pdf,,,,,
high,7762.1,McAllister St_Str-7762.1 (Divisadero St to Buchanan St).pdf,MCALLISTER ST,DIVISADERO ST,BUCHANAN ST,7,between,,yes,2024-12-06,https://civic-joy-fund.github.io/block-party/striping/#id=7762.1,https://safitwebapps.blob.core.windows.net/$web/Striping%20Drawings/M_Streets/McAllister%20St/McAllister%20St_Str-7762.1%20%28Divisadero%20St%20to%20Buchanan%20St%29.pdf,,,,,
high,7762.2,McAllister St_Str-7762.2 (Buchanan St to Van Ness Ave).pdf,MCALLISTER ST,BUCHANAN ST,VAN NESS AVE,4,between,,yes,2026-04-28,https://civic-joy-fund.github.io/block-party/striping/#id=7762.2,https://safitwebapps.blob.core.windows.net/$web/Striping%20Drawings/M_Streets/McAllister%20St/McAllister%20St_Str-7762.2%20%28Buchanan%20St%20to%20Van%20Ness%20Ave%29.pdf,,,,,
high,7762.3,McAllister St_Str-7762.3 (Van Ness Ave to Market St).pdf,MCALLISTER ST,VAN NESS AVE,MARKET ST,8,between,,yes,2026-05-27,https://civic-joy-fund.github.io/block-party/striping/#id=7762.3,https://safitwebapps.blob.core.windows.net/$web/Striping%20Drawings/M_Streets/McAllister%20St/McAllister%20St_Str-7762.3%20%28Van%20Ness%20Ave%20to%20Market%20St%29.pdf,,,,,
high,8024.0,McAllister St_Str-8024.0 (Arguello Blvd to Parker Ave).pdf,MCALLISTER ST,ARGUELLO BLVD,PARKER AVE,4,between,,yes,2025-02-20,https://civic-joy-fund.github.io/block-party/striping/#id=8024.0,https://safitwebapps.blob.core.windows.net/$web/Striping%20Drawings/M_Streets/McAllister%20St/McAllister%20St_Str-8024.0%20%28Arguello%20Blvd%20to%20Parker%20Ave%29.pdf,,,,,
high,2765,McCoppin st_Str-2765 (AT Gough).pdf,MCCOPPIN ST,GOUGH ST,,2,intersection,,yes,2024-08-15,https://civic-joy-fund.github.io/block-party/striping/#id=2765,https://safitwebapps.blob.core.windows.net/$web/Striping%20Drawings/M_Streets/McCoppin%20st/McCoppin%20st_Str-2765%20%28AT%20Gough%29.pdf,,,,,
high,7915,McCoppin St_STR-7915 (Market St to Otis St).pdf,MCCOPPIN ST,MARKET ST,OTIS ST,4,between,,yes,2026-05-14,https://civic-joy-fund.github.io/block-party/striping/#id=7915,https://safitwebapps.blob.core.windows.net/$web/Striping%20Drawings/M_Streets/McCoppin%20st/McCoppin%20St_STR-7915%20%28Market%20St%20to%20Otis%20St%29.pdf,,,,,
high,8499.1,McKinnon Ave STR-8499.1 (Phelps St to Lane St).pdf,MCKINNON AVE,PHELPS ST,LANE ST,5,between,,yes,2025-12-31,https://civic-joy-fund.github.io/block-party/striping/#id=8499.1,https://safitwebapps.blob.core.windows.net/$web/Striping%20Drawings/M_Streets/McKinnon%20st/McKinnon%20Ave%20STR-8499.1%20%28Phelps%20St%20to%20Lane%20St%29.pdf,,,,,
high,8500.1,"Mendell St, STR-8500.1 (Hudson Ave to Cargo Way).pdf",MENDELL ST,HUDSON AVE,CARGO WAY,6,between,,yes,2025-08-13,https://civic-joy-fund.github.io/block-party/striping/#id=8500.1,https://safitwebapps.blob.core.windows.net/$web/Striping%20Drawings/M_Streets/Mendell%20st/Mendell%20St%2C%20STR-8500.1%20%28Hudson%20Ave%20to%20Cargo%20Way%29.pdf,,,,,
high,8257,Merced Ave_STR-8257 (Kensington Way to Laguna Honda Blvd).pdf,MERCED AVE,KENSINGTON WAY,LAGUNA HONDA BLVD,6,between,,yes,2026-09-23,https://civic-joy-fund.github.io/block-party/striping/#id=8257,https://safitwebapps.blob.core.windows.net/$web/Striping%20Drawings/M_Streets/Merced%20Ave/Merced%20Ave_STR-8257%20%28Kensington%20Way%20to%20Laguna%20Honda%20Blvd%29.pdf,,,,,
high,7675,STR-7675_Middle Point Rd (and Ingalls).pdf,MIDDLE POINT RD,INGALLS ST,,2,intersection,,yes,2026-04-21,https://civic-joy-fund.github.io/block-party/striping/#id=7675,https://safitwebapps.blob.core.windows.net/$web/Striping%20Drawings/M_Streets/Middle%20Point/STR-7675_Middle%20Point%20Rd%20%28and%20Ingalls%29.pdf,,,,,
high,8334,Middlefield Dr_Str-8334 (Lake Merced Blvd to Sloat Blvd).pdf,MIDDLEFIELD DR,LAKE MERCED BLVD,SLOAT BLVD,4,between,,yes,2024-08-15,https://civic-joy-fund.github.io/block-party/striping/#id=8334,https://safitwebapps.blob.core.windows.net/$web/Striping%20Drawings/M_Streets/Middlefield%20Dr/Middlefield%20Dr_Str-8334%20%28Lake%20Merced%20Blvd%20to%20Sloat%20Blvd%29.pdf,,,,,
high,8156,Miguel St_STR-8156 (Beacon St to Arlington St).pdf,MIGUEL ST,BEACON ST,ARLINGTON ST,6,between,,yes,2024-08-15,https://civic-joy-fund.github.io/block-party/striping/#id=8156,https://safitwebapps.blob.core.windows.net/$web/Striping%20Drawings/M_Streets/Miguel%20St/Miguel%20St_STR-8156%20%28Beacon%20St%20to%20Arlington%20St%29.pdf,,,,,
high,7890,Milton St_Str-7890 (Bosworth St to San Jose Ave).pdf,MILTON ST,BOSWORTH ST,SAN JOSE AVE,2,between,,yes,2025-01-16,https://civic-joy-fund.github.io/block-party/striping/#id=7890,https://safitwebapps.blob.core.windows.net/$web/Striping%20Drawings/M_Streets/Milton%20St/Milton%20St_Str-7890%20%28Bosworth%20St%20to%20San%20Jose%20Ave%29.pdf,,,,,
high,7946,Minna st_Str-7946 (14th St to 15th St).pdf,MINNA ST,14TH ST,15TH ST,1,between,,yes,2025-06-10,https://civic-joy-fund.github.io/block-party/striping/#id=7946,https://safitwebapps.blob.core.windows.net/$web/Striping%20Drawings/M_Streets/Minna%20st/Minna%20st_Str-7946%20%2814th%20St%20to%2015th%20St%29.pdf,,,,,
high,8532.1,Minna St_STR-8532.1 (7th St to 4th St) Rev0.pdf,MINNA ST,07TH ST,04TH ST,5,between,,yes,2026-03-12,https://civic-joy-fund.github.io/block-party/striping/#id=8532.1,https://safitwebapps.blob.core.windows.net/$web/Striping%20Drawings/M_Streets/Minna%20st/Minna%20St_STR-8532.1%20%287th%20St%20to%204th%20St%29%20Rev0.pdf,,,,,
high,8352,Minnesota St_STR-8352 (Cesar Chavez St to 23rd St).pdf,MINNESOTA ST,CESAR CHAVEZ ST,23RD ST,5,between,,yes,2026-03-19,https://civic-joy-fund.github.io/block-party/striping/#id=8352,https://safitwebapps.blob.core.windows.net/$web/Striping%20Drawings/M_Streets/Minnesota%20St/Minnesota%20St_STR-8352%20%28Cesar%20Chavez%20St%20to%2023rd%20St%29.pdf,,,,,
high,8352.1,Minnesota St_STR-8352.1 (22nd St to Mariposa St).pdf,MINNESOTA ST,22ND ST,MARIPOSA ST,5,between,,yes,2025-01-08,https://civic-joy-fund.github.io/block-party/striping/#id=8352.1,https://safitwebapps.blob.core.windows.net/$web/Striping%20Drawings/M_Streets/Minnesota%20St/Minnesota%20St_STR-8352.1%20%2822nd%20St%20to%20Mariposa%20St%29.pdf,,,,,
high,4274,Mint St_str-4274 (Jessie to Mission).pdf,MINT ST,JESSIE ST,MISSION ST,1,between,,yes,2024-08-15,https://civic-joy-fund.github.io/block-party/striping/#id=4274,https://safitwebapps.blob.core.windows.net/$web/Striping%20Drawings/M_Streets/Mint%20St/Mint%20St_str-4274%20%28Jessie%20to%20Mission%29.pdf,,,,,
high,8373,Mission Bay Dr Str-8373 (7th St to Mission Bay Blvd (N) (S).pdf,MISSION BAY DR,07TH ST,MISSION BAY CIR,4,between,,yes,2026-09-02,https://civic-joy-fund.github.io/block-party/striping/#id=8373,https://safitwebapps.blob.core.windows.net/$web/Striping%20Drawings/M_Streets/Mission%20Bay%20Dr/Mission%20Bay%20Dr%20Str-8373%20%287th%20St%20to%20Mission%20Bay%20Blvd%20%28N%29%20%28S%29.pdf,,,,,
high,8249,1-Mission St_Str-8249 (Huron Ave to Naglee Ave).pdf,MISSION ST,HURON AVE,NAGLEE AVE,9,between,,yes,2026-03-20,https://civic-joy-fund.github.io/block-party/striping/#id=8249,https://safitwebapps.blob.core.windows.net/$web/Striping%20Drawings/M_Streets/Mission%20St/1-Mission%20St_Str-8249%20%28Huron%20Ave%20to%20Naglee%20Ave%29.pdf,,,,,
high,7721.5,10-Mission St_Str-7721.5 (17th St to 14th St).pdf,MISSION ST,17TH ST,14TH ST,6,between,,yes,2025-04-02,https://civic-joy-fund.github.io/block-party/striping/#id=7721.5,https://safitwebapps.blob.core.windows.net/$web/Striping%20Drawings/M_Streets/Mission%20St/10-Mission%20St_Str-7721.5%20%2817th%20St%20to%2014th%20St%29.pdf,,,,,
high,7728,11-Mission St_Str-7728 (Duboce Ave to South Van Ness Ave ).pdf,MISSION ST,DUBOCE AVE,SOUTH VAN NESS AVE,3,between,,yes,2025-07-08,https://civic-joy-fund.github.io/block-party/striping/#id=7728,https://safitwebapps.blob.core.windows.net/$web/Striping%20Drawings/M_Streets/Mission%20St/11-Mission%20St_Str-7728%20%28Duboce%20Ave%20to%20South%20Van%20Ness%20Ave%20%29.pdf,,,,,
high,7728.1,12-Mission st_Str-7728.1 (South Van Ness to 7th St).pdf,MISSION ST,SOUTH VAN NESS AVE,07TH ST,11,between,,yes,2026-04-09,https://civic-joy-fund.github.io/block-party/striping/#id=7728.1,https://safitwebapps.blob.core.windows.net/$web/Striping%20Drawings/M_Streets/Mission%20St/12-Mission%20st_Str-7728.1%20%28South%20Van%20Ness%20to%207th%20St%29.pdf,,,,,
high,7728.2,13-Mission St_Str-7728.2 (7th St to 4th St).pdf,MISSION ST,07TH ST,04TH ST,8,between,,yes,2026-04-09,https://civic-joy-fund.github.io/block-party/striping/#id=7728.2,https://safitwebapps.blob.core.windows.net/$web/Striping%20Drawings/M_Streets/Mission%20St/13-Mission%20St_Str-7728.2%20%287th%20St%20to%204th%20St%29.pdf,,,,,
high,7728.3,14-Mission St_Str-7728.3 (4th St to 1st St).pdf,MISSION ST,04TH ST,01ST ST,12,between,,yes,2025-11-06,https://civic-joy-fund.github.io/block-party/striping/#id=7728.3,https://safitwebapps.blob.core.windows.net/$web/Striping%20Drawings/M_Streets/Mission%20St/14-Mission%20St_Str-7728.3%20%284th%20St%20to%201st%20St%29.pdf,,,,,
high,8249.1,2-Mission St_Str-8249.1 (Naglee Ave to Seneca Ave).pdf,MISSION ST,NAGLEE AVE,SENECA AVE,17,between,,yes,2026-09-29,https://civic-joy-fund.github.io/block-party/striping/#id=8249.1,https://safitwebapps.blob.core.windows.net/$web/Striping%20Drawings/M_Streets/Mission%20St/2-Mission%20St_Str-8249.1%20%28Naglee%20Ave%20to%20Seneca%20Ave%29.pdf,,,,,
high,8249.2,3-Mission St_Str-8249.2 (Seneca Ave to Harrington St).pdf,MISSION ST,SENECA AVE,HARRINGTON ST,22,between,,yes,2026-08-27,https://civic-joy-fund.github.io/block-party/striping/#id=8249.2,https://safitwebapps.blob.core.windows.net/$web/Striping%20Drawings/M_Streets/Mission%20St/3-Mission%20St_Str-8249.2%20%28Seneca%20Ave%20to%20Harrington%20St%29.pdf,,,,,
high,8249.3,4-Mission St_STR-8249.3 (Harrington St to Castle Manor Ave).pdf,MISSION ST,HARRINGTON ST,CASTLE MANOR AVE,14,between,,yes,2026-08-27,https://civic-joy-fund.github.io/block-party/striping/#id=8249.3,https://safitwebapps.blob.core.windows.net/$web/Striping%20Drawings/M_Streets/Mission%20St/4-Mission%20St_STR-8249.3%20%28Harrington%20St%20to%20Castle%20Manor%20Ave%29.pdf,,,,,
high,7721,5-Mission St_Str-7721 (Castle Manor Ave to Crescent Ave).pdf,MISSION ST,CASTLE MANOR AVE,CRESCENT AVE,17,between,,yes,2026-01-29,https://civic-joy-fund.github.io/block-party/striping/#id=7721,https://safitwebapps.blob.core.windows.net/$web/Striping%20Drawings/M_Streets/Mission%20St/5-Mission%20St_Str-7721%20%28Castle%20Manor%20Ave%20to%20Crescent%20Ave%29.pdf,,,,,
high,7721.1,6-Mission St_Str-7721.1 (Crescent Ave to Virginia Ave).pdf,MISSION ST,CRESCENT AVE,VIRGINIA AVE,13,between,,yes,2026-03-19,https://civic-joy-fund.github.io/block-party/striping/#id=7721.1,https://safitwebapps.blob.core.windows.net/$web/Striping%20Drawings/M_Streets/Mission%20St/6-Mission%20St_Str-7721.1%20%28Crescent%20Ave%20to%20Virginia%20Ave%29.pdf,,,,,
high,7721.2,7-Mission St_Str-7721.2 (29th St to Cesar Chavez).pdf,MISSION ST,29TH ST,CESAR CHAVEZ ST,5,between,,yes,2024-11-07,https://civic-joy-fund.github.io/block-party/striping/#id=7721.2,https://safitwebapps.blob.core.windows.net/$web/Striping%20Drawings/M_Streets/Mission%20St/7-Mission%20St_Str-7721.2%20%2829th%20St%20to%20Cesar%20Chavez%29.pdf,,,,,
high,7721.3,8-Mission St_Str-7721.3 (26th St to 22nd St).pdf,MISSION ST,26TH ST,22ND ST,5,between,,yes,2024-08-15,https://civic-joy-fund.github.io/block-party/striping/#id=7721.3,https://safitwebapps.blob.core.windows.net/$web/Striping%20Drawings/M_Streets/Mission%20St/8-Mission%20St_Str-7721.3%20%2826th%20St%20to%2022nd%20St%29.pdf,,,,,
high,7721.4,9-Mission St_Str-7721.4 (22nd St to 18th St).pdf,MISSION ST,22ND ST,18TH ST,6,between,,yes,2026-05-20,https://civic-joy-fund.github.io/block-party/striping/#id=7721.4,https://safitwebapps.blob.core.windows.net/$web/Striping%20Drawings/M_Streets/Mission%20St/9-Mission%20St_Str-7721.4%20%2822nd%20St%20to%2018th%20St%29.pdf,,,,,
high,4127,Mississippi st_Str-4127 (16th 7th ).pdf,MISSISSIPPI ST,16TH ST,,3,intersection,,yes,2024-08-15,https://civic-joy-fund.github.io/block-party/striping/#id=4127,https://safitwebapps.blob.core.windows.net/$web/Striping%20Drawings/M_Streets/Mississippi%20st/Mississippi%20st_Str-4127%20%2816th%207th%20%29.pdf,,,,,
high,7815,Mississippi St_Str-7815 (22nd St to 16th).pdf,MISSISSIPPI ST,22ND ST,16TH ST,6,between,,yes,2026-04-15,https://civic-joy-fund.github.io/block-party/striping/#id=7815,https://safitwebapps.blob.core.windows.net/$web/Striping%20Drawings/M_Streets/Mississippi%20st/Mississippi%20St_Str-7815%20%2822nd%20St%20to%2016th%29.pdf,,,,,
high,6280,Missouri St_Str-6280 (20th St to Turner St).pdf,MISSOURI ST,20TH ST,TURNER TER,3,between,,yes,2024-12-04,https://civic-joy-fund.github.io/block-party/striping/#id=6280,https://safitwebapps.blob.core.windows.net/$web/Striping%20Drawings/M_Streets/Missouri%20St/Missouri%20St_Str-6280%20%2820th%20St%20to%20Turner%20St%29.pdf,,,,,
high,8305,Missouri St_Str-8305 (23rd St to Turner Terrace).pdf,MISSOURI ST,23RD ST,TURNER TER,2,between,,yes,2024-12-04,https://civic-joy-fund.github.io/block-party/striping/#id=8305,https://safitwebapps.blob.core.windows.net/$web/Striping%20Drawings/M_Streets/Missouri%20St/Missouri%20St_Str-8305%20%2823rd%20St%20to%20Turner%20Terrace%29.pdf,,,,,
high,8305.2,Missouri St_Str-8305.2 (20th St to 16th St).pdf,MISSOURI ST,20TH ST,16TH ST,5,between,,yes,2024-12-04,https://civic-joy-fund.github.io/block-party/striping/#id=8305.2,https://safitwebapps.blob.core.windows.net/$web/Striping%20Drawings/M_Streets/Missouri%20St/Missouri%20St_Str-8305.2%20%2820th%20St%20to%2016th%20St%29.pdf,,,,,
high,8129,Montana St_STR-8129 (Orizaba St to Summit St).pdf,MONTANA ST,ORIZABA AVE,SUMMIT ST,4,between,,yes,2024-08-15,https://civic-joy-fund.github.io/block-party/striping/#id=8129,https://safitwebapps.blob.core.windows.net/$web/Striping%20Drawings/M_Streets/Montana%20St/Montana%20St_STR-8129%20%28Orizaba%20St%20to%20Summit%20St%29.pdf,,,,,
high,7861,Monterey Blvd_STR-7861 (Santa Clara Ave to Westgate Dr).pdf,MONTEREY BLVD,SANTA CLARA AVE,WESTGATE DR,6,between,,yes,2024-08-15,https://civic-joy-fund.github.io/block-party/striping/#id=7861,https://safitwebapps.blob.core.windows.net/$web/Striping%20Drawings/M_Streets/Monterey%20blvd/Monterey%20Blvd_STR-7861%20%28Santa%20Clara%20Ave%20to%20Westgate%20Dr%29.pdf,,,,,
high,7861.1,Monterey Blvd_STR-7861.1 (Westgate Dr to Yerba Buena Ave).pdf,MONTEREY BLVD,WESTGATE DR,YERBA BUENA AVE,9,between,,yes,2026-06-17,https://civic-joy-fund.github.io/block-party/striping/#id=7861.1,https://safitwebapps.blob.core.windows.net/$web/Striping%20Drawings/M_Streets/Monterey%20blvd/Monterey%20Blvd_STR-7861.1%20%28Westgate%20Dr%20to%20Yerba%20Buena%20Ave%29.pdf,,,,,
high,7861.2,Monterey Blvd_STR-7861.2 (Yerba Buena Ave to Ridgewood Ave).pdf,MONTEREY BLVD,YERBA BUENA AVE,RIDGEWOOD AVE,13,between,,yes,2024-11-07,https://civic-joy-fund.github.io/block-party/striping/#id=7861.2,https://safitwebapps.blob.core.windows.net/$web/Striping%20Drawings/M_Streets/Monterey%20blvd/Monterey%20Blvd_STR-7861.2%20%28Yerba%20Buena%20Ave%20to%20Ridgewood%20Ave%29.pdf,,,,,
high,7861.3,Monterey Blvd_STR-7861.3 (Ridgewood Ave to Congo St).pdf,MONTEREY BLVD,RIDGEWOOD AVE,CONGO ST,15,between,,yes,2026-01-07,https://civic-joy-fund.github.io/block-party/striping/#id=7861.3,https://safitwebapps.blob.core.windows.net/$web/Striping%20Drawings/M_Streets/Monterey%20blvd/Monterey%20Blvd_STR-7861.3%20%28Ridgewood%20Ave%20to%20Congo%20St%29.pdf,,,,,
high,7861.4,Monterey Blvd_STR-7861.4 (Congo St to Circular Ave).pdf,MONTEREY BLVD,CONGO ST,CIRCULAR AVE,6,between,,yes,2024-08-15,https://civic-joy-fund.github.io/block-party/striping/#id=7861.4,https://safitwebapps.blob.core.windows.net/$web/Striping%20Drawings/M_Streets/Monterey%20blvd/Monterey%20Blvd_STR-7861.4%20%28Congo%20St%20to%20Circular%20Ave%29.pdf,,,,,
high,8293.1,Montgomery St_STR-8293.1 (Francisco St to Pacific St).pdf,MONTGOMERY ST,FRANCISCO ST,PACIFIC AVE,15,between,,yes,2026-08-04,https://civic-joy-fund.github.io/block-party/striping/#id=8293.1,https://safitwebapps.blob.core.windows.net/$web/Striping%20Drawings/M_Streets/Montgomery%20st/Montgomery%20St_STR-8293.1%20%28Francisco%20St%20to%20Pacific%20St%29.pdf,,,,,
high,5848,Moraga st_Str-5848 (18th Ave to 20th Ave).pdf,MORAGA ST,18TH AVE,20TH AVE,1,between,,yes,2024-08-15,https://civic-joy-fund.github.io/block-party/striping/#id=5848,https://safitwebapps.blob.core.windows.net/$web/Striping%20Drawings/M_Streets/Moraga%20st/Moraga%20st_Str-5848%20%2818th%20Ave%20to%2020th%20Ave%29.pdf,,,,,
high,8040,Moraga st_Str-8040 (Lower Great Highway to 39th Ave).pdf,MORAGA ST,LOWER GREAT HWY,39TH AVE,11,between,,yes,2025-07-08,https://civic-joy-fund.github.io/block-party/striping/#id=8040,https://safitwebapps.blob.core.windows.net/$web/Striping%20Drawings/M_Streets/Moraga%20st/Moraga%20st_Str-8040%20%28Lower%20Great%20Highway%20to%2039th%20Ave%29.pdf,,,,,
high,8040.1,Moraga st_Str-8040.1 (39th Ave to 29th Ave).pdf,MORAGA ST,39TH AVE,29TH AVE,13,between,,yes,2024-08-15,https://civic-joy-fund.github.io/block-party/striping/#id=8040.1,https://safitwebapps.blob.core.windows.net/$web/Striping%20Drawings/M_Streets/Moraga%20st/Moraga%20st_Str-8040.1%20%2839th%20Ave%20to%2029th%20Ave%29.pdf,,,,,
high,8040.2,Moraga St_Str-8040.2 (29th Ave to 20th Ave).pdf,MORAGA ST,29TH AVE,20TH AVE,10,between,,yes,2025-05-03,https://civic-joy-fund.github.io/block-party/striping/#id=8040.2,https://safitwebapps.blob.core.windows.net/$web/Striping%20Drawings/M_Streets/Moraga%20st/Moraga%20St_Str-8040.2%20%2829th%20Ave%20to%2020th%20Ave%29.pdf,,,,,
high,8013,Moscow St_Str-8013 (Geneva Ave to Russia Ave).pdf,MOSCOW ST,GENEVA AVE,RUSSIA AVE,4,between,,yes,2025-01-16,https://civic-joy-fund.github.io/block-party/striping/#id=8013,https://safitwebapps.blob.core.windows.net/$web/Striping%20Drawings/M_Streets/Moscow%20St/Moscow%20St_Str-8013%20%28Geneva%20Ave%20to%20Russia%20Ave%29.pdf,,,,,
high,8013.1,Moscow St_str-8013.1 (Russia Ave to Avalon Ave).pdf,MOSCOW ST,RUSSIA AVE,AVALON AVE,4,between,,yes,2026-04-17,https://civic-joy-fund.github.io/block-party/striping/#id=8013.1,https://safitwebapps.blob.core.windows.net/$web/Striping%20Drawings/M_Streets/Moscow%20St/Moscow%20St_str-8013.1%20%28Russia%20Ave%20to%20Avalon%20Ave%29.pdf,,,,,
high,6467,Str-6467 Moulton St (Fillmore to Webster St).pdf,MOULTON ST,FILLMORE ST,WEBSTER ST,1,between,,yes,2024-08-15,https://civic-joy-fund.github.io/block-party/striping/#id=6467,https://safitwebapps.blob.core.windows.net/$web/Striping%20Drawings/M_Streets/Moulton%20St/Str-6467%20Moulton%20St%20%28Fillmore%20to%20Webster%20St%29.pdf,,,,,
high,8266,Myra Way_STR-8266 (Sherwood to La Bica Way).pdf,MYRA WAY,SHERWOOD CT,LA BICA WAY,6,between,,yes,2025-01-16,https://civic-joy-fund.github.io/block-party/striping/#id=8266,https://safitwebapps.blob.core.windows.net/$web/Striping%20Drawings/M_Streets/Myra%20Way/Myra%20Way_STR-8266%20%28Sherwood%20to%20La%20Bica%20Way%29.pdf,,,,,
high,8263,Nancy Pelosi Dr _STR-8263 (Martin Luther King Jr Dr to John F Kennedy Dr) r3.pdf,NANCY PELOSI DR,MARTIN LUTHER KING JR DR,JOHN F KENNEDY DR,2,between,,yes,2024-08-15,https://civic-joy-fund.github.io/block-party/striping/#id=8263,https://safitwebapps.blob.core.windows.net/$web/Striping%20Drawings/N_Streets/Nancy%20Pelosi%20Dr/Nancy%20Pelosi%20Dr%20_STR-8263%20%28Martin%20Luther%20King%20Jr%20Dr%20to%20John%20F%20Kennedy%20Dr%29%20r3.pdf,,,,,
high,8235,Naples St_Str-8235 (Curtis St to Geneva Ave).pdf,NAPLES ST,CURTIS ST,GENEVA AVE,8,between,,yes,2024-08-24,https://civic-joy-fund.github.io/block-party/striping/#id=8235,https://safitwebapps.blob.core.windows.net/$web/Striping%20Drawings/N_Streets/Naples%20st/Naples%20St_Str-8235%20%28Curtis%20St%20to%20Geneva%20Ave%29.pdf,,,,,
high,8235.1,Naples St_Str-8235.1 (Geneva Ave to Persia Ave).pdf,NAPLES ST,GENEVA AVE,PERSIA AVE,7,between,,yes,2025-09-06,https://civic-joy-fund.github.io/block-party/striping/#id=8235.1,https://safitwebapps.blob.core.windows.net/$web/Striping%20Drawings/N_Streets/Naples%20st/Naples%20St_Str-8235.1%20%28Geneva%20Ave%20to%20Persia%20Ave%29.pdf,,,,,
high,8235.2,Naples St_Str-8235.2 (Persia Ave to Avalon Ave).pdf,NAPLES ST,PERSIA AVE,AVALON AVE,3,between,,yes,2025-09-06,https://civic-joy-fund.github.io/block-party/striping/#id=8235.2,https://safitwebapps.blob.core.windows.net/$web/Striping%20Drawings/N_Streets/Naples%20st/Naples%20St_Str-8235.2%20%28Persia%20Ave%20to%20Avalon%20Ave%29.pdf,,,,,
high,8235.3,Naples St_Str-8235.3 (Avalon Ave to Silver Ave).pdf,NAPLES ST,AVALON AVE,SILVER AVE,2,between,,yes,2024-08-15,https://civic-joy-fund.github.io/block-party/striping/#id=8235.3,https://safitwebapps.blob.core.windows.net/$web/Striping%20Drawings/N_Streets/Naples%20st/Naples%20St_Str-8235.3%20%28Avalon%20Ave%20to%20Silver%20Ave%29.pdf,,,,,
high,7646,Napoleon St_Str-7646 (Jerrold Ave to Evans Ave) rev10.pdf,NAPOLEON ST,JERROLD AVE,EVANS AVE,1,between,,yes,2024-11-20,https://civic-joy-fund.github.io/block-party/striping/#id=7646,https://safitwebapps.blob.core.windows.net/$web/Striping%20Drawings/N_Streets/Napoleon%20st/Napoleon%20St_Str-7646%20%28Jerrold%20Ave%20to%20Evans%20Ave%29%20rev10.pdf,,,,,
high,8247,Natick St_ Str-8247 (Wilder St to Chenery St).pdf,NATICK ST,WILDER ST,CHENERY ST,1,between,,yes,2024-08-15,https://civic-joy-fund.github.io/block-party/striping/#id=8247,https://safitwebapps.blob.core.windows.net/$web/Striping%20Drawings/N_Streets/Natick%20St/Natick%20St_%20Str-8247%20%28Wilder%20St%20to%20Chenery%20St%29.pdf,,,,,
high,7945,Natoma St_STR-7945 (15th St to 14th St).pdf,NATOMA ST,15TH ST,14TH ST,1,between,,yes,2026-07-21,https://civic-joy-fund.github.io/block-party/striping/#id=7945,https://safitwebapps.blob.core.windows.net/$web/Striping%20Drawings/N_Streets/Natoma%20St/Natoma%20St_STR-7945%20%2815th%20St%20to%2014th%20St%29.pdf,,,,,
high,7945.1,Natoma St_STR-7945.1 (Lafayette St to 7th St).pdf,NATOMA ST,LAFAYETTE ST,07TH ST,4,between,,yes,2026-07-21,https://civic-joy-fund.github.io/block-party/striping/#id=7945.1,https://safitwebapps.blob.core.windows.net/$web/Striping%20Drawings/N_Streets/Natoma%20St/Natoma%20St_STR-7945.1%20%28Lafayette%20St%20to%207th%20St%29.pdf,,,,,
high,8420,STR-8420 New Montgomery St (Market St to Howard St).pdf,NEW MONTGOMERY ST,MARKET ST,HOWARD ST,7,between,,yes,2025-07-29,https://civic-joy-fund.github.io/block-party/striping/#id=8420,https://safitwebapps.blob.core.windows.net/$web/Striping%20Drawings/N_Streets/New%20Montgomery/STR-8420%20New%20Montgomery%20St%20%28Market%20St%20to%20Howard%20St%29.pdf,,,,,
high,7927.1,Newcomb Ave_STR-7927.1 (Quint St to Lane St)r6.pdf,NEWCOMB AVE,QUINT ST,LANE ST,5,between,,yes,2026-01-06,https://civic-joy-fund.github.io/block-party/striping/#id=7927.1,https://safitwebapps.blob.core.windows.net/$web/Striping%20Drawings/N_Streets/Newcomb%20Ave/Newcomb%20Ave_STR-7927.1%20%28Quint%20St%20to%20Lane%20St%29r6.pdf,,,,,
high,7927.2,Newcomb Ave_STR-7927.2 (Lane St to Whitney Young Cir Lanet).pdf,NEWCOMB AVE,LANE ST,WHITNEY YOUNG CIR,6,between,,yes,2025-12-13,https://civic-joy-fund.github.io/block-party/striping/#id=7927.2,https://safitwebapps.blob.core.windows.net/$web/Striping%20Drawings/N_Streets/Newcomb%20Ave/Newcomb%20Ave_STR-7927.2%20%28Lane%20St%20to%20Whitney%20Young%20Cir%20Lanet%29.pdf,,,,,
high,8413,Newhall St _Str-8413 (Egbert Ave to Williams Ave).pdf,NEWHALL ST,EGBERT AVE,WILLIAMS AVE,5,between,,yes,2026-04-10,https://civic-joy-fund.github.io/block-party/striping/#id=8413,https://safitwebapps.blob.core.windows.net/$web/Striping%20Drawings/N_Streets/Newhall%20st/Newhall%20St%20_Str-8413%20%28Egbert%20Ave%20to%20Williams%20Ave%29.pdf,,,,,
high,8421,Newhall St_STR-8421 (Galvez Ave to Jennings St).pdf,NEWHALL ST,GALVEZ AVE,JENNINGS ST,2,between,,yes,2026-02-03,https://civic-joy-fund.github.io/block-party/striping/#id=8421,https://safitwebapps.blob.core.windows.net/$web/Striping%20Drawings/N_Streets/Newhall%20st/Newhall%20St_STR-8421%20%28Galvez%20Ave%20to%20Jennings%20St%29.pdf,,,,,
high,8486,Newhall St_STR-8486 (Topeka Ave to 3rd St).pdf,NEWHALL ST,TOPEKA AVE,03RD ST,11,between,,yes,2026-01-23,https://civic-joy-fund.github.io/block-party/striping/#id=8486,https://safitwebapps.blob.core.windows.net/$web/Striping%20Drawings/N_Streets/Newhall%20st/Newhall%20St_STR-8486%20%28Topeka%20Ave%20to%203rd%20St%29.pdf,,,,,
high,7651,Str-7651 (Newton st at Rolph st).pdf,NEWTON ST,ROLPH ST,,3,intersection,,yes,2024-08-15,https://civic-joy-fund.github.io/block-party/striping/#id=7651,https://safitwebapps.blob.core.windows.net/$web/Striping%20Drawings/N_Streets/Newton%20st/Str-7651%20%28Newton%20st%20at%20Rolph%20st%29.pdf,,,,,
high,8308,Ney St_STR-8308 (Mission St to Trumbull St).pdf,NEY ST,MISSION ST,TRUMBULL ST,3,between,,yes,2026-01-09,https://civic-joy-fund.github.io/block-party/striping/#id=8308,https://safitwebapps.blob.core.windows.net/$web/Striping%20Drawings/N_Streets/Ney%20St/Ney%20St_STR-8308%20%28Mission%20St%20to%20Trumbull%20St%29.pdf,,,,,
high,5881,Nido ave_str-5881 (Vega st to Turk Blvd).pdf,NIDO AVE,VEGA ST,TURK BLVD,1,between,,yes,2024-08-15,https://civic-joy-fund.github.io/block-party/striping/#id=5881,https://safitwebapps.blob.core.windows.net/$web/Striping%20Drawings/N_Streets/Nido%20ave/Nido%20ave_str-5881%20%28Vega%20st%20to%20Turk%20Blvd%29.pdf,,,,,
high,5170,Noe St_Str-5170 (Duboce Ave to Market St).pdf,NOE ST,DUBOCE AVE,MARKET ST,5,between,,yes,2026-05-01,https://civic-joy-fund.github.io/block-party/striping/#id=5170,https://safitwebapps.blob.core.windows.net/$web/Striping%20Drawings/N_Streets/Noe%20st/Noe%20St_Str-5170%20%28Duboce%20Ave%20to%20Market%20St%29.pdf,,,,,
high,6008,Noe st_str-6008 (20th St to Duboce St).pdf,NOE ST,20TH ST,DUBOCE AVE,15,between,,yes,2026-09-22,https://civic-joy-fund.github.io/block-party/striping/#id=6008,https://safitwebapps.blob.core.windows.net/$web/Striping%20Drawings/N_Streets/Noe%20st/Noe%20st_str-6008%20%2820th%20St%20to%20Duboce%20St%29.pdf,,,,,
high,8463,Noe st_str-8463 (30th St to 25th St).pdf,NOE ST,30TH ST,25TH ST,11,between,,yes,2025-08-29,https://civic-joy-fund.github.io/block-party/striping/#id=8463,https://safitwebapps.blob.core.windows.net/$web/Striping%20Drawings/N_Streets/Noe%20st/Noe%20st_str-8463%20%2830th%20St%20to%2025th%20St%29.pdf,,,,,
high,8463.1,Noe st_str-8463.1(25th St to Liberty St).pdf,NOE ST,25TH ST,LIBERTY ST,12,between,,yes,2026-05-19,https://civic-joy-fund.github.io/block-party/striping/#id=8463.1,https://safitwebapps.blob.core.windows.net/$web/Striping%20Drawings/N_Streets/Noe%20st/Noe%20st_str-8463.1%2825th%20St%20to%20Liberty%20St%29.pdf,,,,,
high,7771,Str-7771_Norfolk St (Folsom St to Harrison St).pdf,NORFOLK ST,FOLSOM ST,HARRISON ST,1,between,,yes,2024-08-15,https://civic-joy-fund.github.io/block-party/striping/#id=7771,https://safitwebapps.blob.core.windows.net/$web/Striping%20Drawings/N_Streets/Norfolk%20St/Str-7771_Norfolk%20St%20%28Folsom%20St%20to%20Harrison%20St%29.pdf,,,,,
high,7751.1,STR-7751.1 Noriega St (40th Ave to 30th Ave).pdf,NORIEGA ST,40TH AVE,30TH AVE,13,between,,yes,2026-09-09,https://civic-joy-fund.github.io/block-party/striping/#id=7751.1,https://safitwebapps.blob.core.windows.net/$web/Striping%20Drawings/N_Streets/Noriega%20st/STR-7751.1%20Noriega%20St%20%2840th%20Ave%20to%2030th%20Ave%29.pdf,,,,,
high,7751.2,STR-7751.2 Noriega St (30th Ave to 21st Ave).pdf,NORIEGA ST,30TH AVE,21ST AVE,11,between,,yes,2026-09-02,https://civic-joy-fund.github.io/block-party/striping/#id=7751.2,https://safitwebapps.blob.core.windows.net/$web/Striping%20Drawings/N_Streets/Noriega%20st/STR-7751.2%20Noriega%20St%20%2830th%20Ave%20to%2021st%20Ave%29.pdf,,,,,
high,7751.3,STR-7751.3_Noriega St (20th Ave to 16th Ave).pdf,NORIEGA ST,20TH AVE,16TH AVE,5,between,,yes,2024-10-03,https://civic-joy-fund.github.io/block-party/striping/#id=7751.3,https://safitwebapps.blob.core.windows.net/$web/Striping%20Drawings/N_Streets/Noriega%20st/STR-7751.3_Noriega%20St%20%2820th%20Ave%20to%2016th%20Ave%29.pdf,,,,,
high,7713,North Point St_Str-7713  (Van Ness ave to Jones St)r15.pdf,NORTH POINT ST,VAN NESS AVE,JONES ST,6,between,,yes,2026-09-02,https://civic-joy-fund.github.io/block-party/striping/#id=7713,https://safitwebapps.blob.core.windows.net/$web/Striping%20Drawings/N_Streets/North%20Point%20st/North%20Point%20St_Str-7713%20%20%28Van%20Ness%20ave%20to%20Jones%20St%29r15.pdf,,,,,
high,8515,"North Point St_Str-8515 (Baker St to Scott St, Fillmore St to Laguna St).pdf",NORTH POINT ST,BAKER ST,LAGUNA ST,6,between,2 separate ranges,yes,2025-12-09,https://civic-joy-fund.github.io/block-party/striping/#id=8515,https://safitwebapps.blob.core.windows.net/$web/Striping%20Drawings/N_Streets/North%20Point%20st/North%20Point%20St_Str-8515%20%28Baker%20St%20to%20Scott%20St%2C%20Fillmore%20St%20to%20Laguna%20St%29.pdf,,,,,
high,8436,Northridge Rd_Str-8436 (Ingalls St to Dormitory Rd).pdf,NORTHRIDGE RD,INGALLS ST,DORMITORY RD,2,between,,yes,2024-08-15,https://civic-joy-fund.github.io/block-party/striping/#id=8436,https://safitwebapps.blob.core.windows.net/$web/Striping%20Drawings/N_Streets/Northridge%20Rd/Northridge%20Rd_Str-8436%20%28Ingalls%20St%20to%20Dormitory%20Rd%29.pdf,,,,,
high,7697,Oak St_STR-7697 (Stanyan St to Central St).pdf,OAK ST,STANYAN ST,CENTRAL AVE,8,between,,yes,2026-04-28,https://civic-joy-fund.github.io/block-party/striping/#id=7697,https://safitwebapps.blob.core.windows.net/$web/Striping%20Drawings/O_Streets/Oak%20St/Oak%20St_STR-7697%20%28Stanyan%20St%20to%20Central%20St%29.pdf,,,,,
high,7697.1,Oak St_STR-7697.1 (Central St to Scott St)r11.pdf,OAK ST,CENTRAL AVE,SCOTT ST,5,between,,yes,2026-08-12,https://civic-joy-fund.github.io/block-party/striping/#id=7697.1,https://safitwebapps.blob.core.windows.net/$web/Striping%20Drawings/O_Streets/Oak%20St/Oak%20St_STR-7697.1%20%28Central%20St%20to%20Scott%20St%29r11.pdf,,,,,
high,7697.2,Oak St_STR-7697.2 (Scott St to Laguna St).pdf,OAK ST,SCOTT ST,LAGUNA ST,6,between,,yes,2026-04-28,https://civic-joy-fund.github.io/block-party/striping/#id=7697.2,https://safitwebapps.blob.core.windows.net/$web/Striping%20Drawings/O_Streets/Oak%20St/Oak%20St_STR-7697.2%20%28Scott%20St%20to%20Laguna%20St%29.pdf,,,,,
high,7697.3,Oak St_STR-7697.3 (Laguna St to Van Ness Ave).pdf,OAK ST,LAGUNA ST,VAN NESS AVE,4,between,,yes,2026-04-28,https://civic-joy-fund.github.io/block-party/striping/#id=7697.3,https://safitwebapps.blob.core.windows.net/$web/Striping%20Drawings/O_Streets/Oak%20St/Oak%20St_STR-7697.3%20%28Laguna%20St%20to%20Van%20Ness%20Ave%29.pdf,,,,,
high,7698,Oakdale Ave_Str-7698 (Bayshore Blvd to Rankin St).pdf,OAKDALE AVE,BAY SHORE BLVD,RANKIN ST,7,between,,yes,2025-12-11,https://civic-joy-fund.github.io/block-party/striping/#id=7698,https://safitwebapps.blob.core.windows.net/$web/Striping%20Drawings/O_Streets/Oakdale%20Ave/Oakdale%20Ave_Str-7698%20%28Bayshore%20Blvd%20to%20Rankin%20St%29.pdf,,,,,
high,7698.1,Oakdale Ave_Str-7698.1 (Rankin St to Keith St).pdf,OAKDALE AVE,RANKIN ST,KEITH ST,9,between,,yes,2026-08-11,https://civic-joy-fund.github.io/block-party/striping/#id=7698.1,https://safitwebapps.blob.core.windows.net/$web/Striping%20Drawings/O_Streets/Oakdale%20Ave/Oakdale%20Ave_Str-7698.1%20%28Rankin%20St%20to%20Keith%20St%29.pdf,,,,,
high,7656,Ocean Ave Str-7656 (Junipero Serra to Aptos Ave).pdf,OCEAN AVE,JUNIPERO SERRA BLVD,APTOS AVE,15,between,,yes,2026-04-03,https://civic-joy-fund.github.io/block-party/striping/#id=7656,https://safitwebapps.blob.core.windows.net/$web/Striping%20Drawings/O_Streets/Ocean%20Ave/Ocean%20Ave%20Str-7656%20%28Junipero%20Serra%20to%20Aptos%20Ave%29.pdf,,,,,
high,7656.1,Ocean Ave Str-7656.1 (Aptos to Keystone Way).pdf,OCEAN AVE,APTOS AVE,KEYSTONE WAY,22,between,,yes,2026-04-03,https://civic-joy-fund.github.io/block-party/striping/#id=7656.1,https://safitwebapps.blob.core.windows.net/$web/Striping%20Drawings/O_Streets/Ocean%20Ave/Ocean%20Ave%20Str-7656.1%20%28Aptos%20to%20Keystone%20Way%29.pdf,,,,,
high,7656.2,Ocean Ave Str-7656.2 (Keystone Way to Plymouth Ave).pdf,OCEAN AVE,KEYSTONE WAY,PLYMOUTH AVE,23,between,,yes,2026-01-03,https://civic-joy-fund.github.io/block-party/striping/#id=7656.2,https://safitwebapps.blob.core.windows.net/$web/Striping%20Drawings/O_Streets/Ocean%20Ave/Ocean%20Ave%20Str-7656.2%20%28Keystone%20Way%20to%20Plymouth%20Ave%29.pdf,,,,,
high,7656.3,Ocean Ave Str-7656.3 (Plymouth Ave to Geneva Ave)r18.pdf,OCEAN AVE,PLYMOUTH AVE,GENEVA AVE,12,between,,yes,2026-09-24,https://civic-joy-fund.github.io/block-party/striping/#id=7656.3,https://safitwebapps.blob.core.windows.net/$web/Striping%20Drawings/O_Streets/Ocean%20Ave/Ocean%20Ave%20Str-7656.3%20%28Plymouth%20Ave%20to%20Geneva%20Ave%29r18.pdf,,,,,
high,7656.4,Ocean Ave Str-7656.4 (Geneva Ave to San Jose Ave).pdf,OCEAN AVE,GENEVA AVE,SAN JOSE AVE,9,between,,yes,2026-02-05,https://civic-joy-fund.github.io/block-party/striping/#id=7656.4,https://safitwebapps.blob.core.windows.net/$web/Striping%20Drawings/O_Streets/Ocean%20Ave/Ocean%20Ave%20Str-7656.4%20%28Geneva%20Ave%20to%20San%20Jose%20Ave%29.pdf,,,,,
high,7656.5,Ocean Ave Str-7656.5 (San Jose Ave to Mission St).pdf,OCEAN AVE,SAN JOSE AVE,MISSION ST,17,between,,yes,2024-11-07,https://civic-joy-fund.github.io/block-party/striping/#id=7656.5,https://safitwebapps.blob.core.windows.net/$web/Striping%20Drawings/O_Streets/Ocean%20Ave/Ocean%20Ave%20Str-7656.5%20%28San%20Jose%20Ave%20to%20Mission%20St%29.pdf,,,,,
high,7656.6,Ocean Ave Str-7656.6 (Cayuga Ave to Mission St).pdf,OCEAN AVE,CAYUGA AVE,MISSION ST,7,between,,yes,2026-09-24,https://civic-joy-fund.github.io/block-party/striping/#id=7656.6,https://safitwebapps.blob.core.windows.net/$web/Striping%20Drawings/O_Streets/Ocean%20Ave/Ocean%20Ave%20Str-7656.6%20%28Cayuga%20Ave%20to%20Mission%20St%29.pdf,,,,,
high,8076,Ocean Ave Str-8076 (Country Club Dr to Middlefield Drive).pdf,OCEAN AVE,COUNTRY CLUB DR,MIDDLEFIELD DR,12,between,,yes,2024-11-07,https://civic-joy-fund.github.io/block-party/striping/#id=8076,https://safitwebapps.blob.core.windows.net/$web/Striping%20Drawings/O_Streets/Ocean%20Ave/Ocean%20Ave%20Str-8076%20%28Country%20Club%20Dr%20to%20Middlefield%20Drive%29.pdf,,,,,
high,8076.1,Ocean Ave Str-8076.1 (Middlefield Drive to 20th Ave).pdf,OCEAN AVE,MIDDLEFIELD DR,20TH AVE,14,between,,yes,2024-11-07,https://civic-joy-fund.github.io/block-party/striping/#id=8076.1,https://safitwebapps.blob.core.windows.net/$web/Striping%20Drawings/O_Streets/Ocean%20Ave/Ocean%20Ave%20Str-8076.1%20%28Middlefield%20Drive%20to%2020th%20Ave%29.pdf,,,,,
high,8076.2,Ocean Ave_Str-8076.2 (20th Ave to Junipero Serra Blvd).pdf,OCEAN AVE,20TH AVE,JUNIPERO SERRA BLVD,5,between,,yes,2026-07-11,https://civic-joy-fund.github.io/block-party/striping/#id=8076.2,https://safitwebapps.blob.core.windows.net/$web/Striping%20Drawings/O_Streets/Ocean%20Ave/Ocean%20Ave_Str-8076.2%20%2820th%20Ave%20to%20Junipero%20Serra%20Blvd%29.pdf,,,,,
high,7711,Octavia Blvd_Str-7711 (Fulton St to Market St) r30.pdf,OCTAVIA ST,FULTON ST,MARKET ST,32,between,,yes,2024-08-15,https://civic-joy-fund.github.io/block-party/striping/#id=7711,https://safitwebapps.blob.core.windows.net/$web/Striping%20Drawings/O_Streets/Octavia%20Blvd/Octavia%20Blvd_Str-7711%20%28Fulton%20St%20to%20Market%20St%29%20r30.pdf,,,,,
high,8116,Octavia St_STR-8116 (Bush St to Vallejo St)r1.pdf,OCTAVIA ST,BUSH ST,VALLEJO ST,8,between,,yes,2025-07-30,https://civic-joy-fund.github.io/block-party/striping/#id=8116,https://safitwebapps.blob.core.windows.net/$web/Striping%20Drawings/O_Streets/Octavia%20St/Octavia%20St_STR-8116%20%28Bush%20St%20to%20Vallejo%20St%29r1.pdf,,,,,
high,8116.1,Octavia St_STR-8116.1 (Vallejo St to Bay St).pdf,OCTAVIA ST,VALLEJO ST,BAY ST,9,between,,yes,2025-11-18,https://civic-joy-fund.github.io/block-party/striping/#id=8116.1,https://safitwebapps.blob.core.windows.net/$web/Striping%20Drawings/O_Streets/Octavia%20St/Octavia%20St_STR-8116.1%20%28Vallejo%20St%20to%20Bay%20St%29.pdf,,,,,
high,7674,O'Farrell St_STR-7674 (Franklin St to Leavenworth St).pdf,OFARRELL ST,FRANKLIN ST,LEAVENWORTH ST,7,between,,yes,2026-07-10,https://civic-joy-fund.github.io/block-party/striping/#id=7674,https://safitwebapps.blob.core.windows.net/$web/Striping%20Drawings/O_Streets/O%27Farrell%20st/O%27Farrell%20St_STR-7674%20%28Franklin%20St%20to%20Leavenworth%20St%29.pdf,,,,,
high,7674.1,O'Farrell St_STR-7674.1 (Leavenworth St to Market St).pdf,OFARRELL ST,LEAVENWORTH ST,MARKET ST,13,between,,yes,2026-06-02,https://civic-joy-fund.github.io/block-party/striping/#id=7674.1,https://safitwebapps.blob.core.windows.net/$web/Striping%20Drawings/O_Streets/O%27Farrell%20st/O%27Farrell%20St_STR-7674.1%20%28Leavenworth%20St%20to%20Market%20St%29.pdf,,,,,
high,8460,O'Farrell St_STR-8460 (Masonic Ave to Divisadero St).pdf,OFARRELL ST,MASONIC AVE,DIVISADERO ST,6,between,,yes,2025-09-11,https://civic-joy-fund.github.io/block-party/striping/#id=8460,https://safitwebapps.blob.core.windows.net/$web/Striping%20Drawings/O_Streets/O%27Farrell%20st/O%27Farrell%20St_STR-8460%20%28Masonic%20Ave%20to%20Divisadero%20St%29.pdf,,,,,
high,8460.1,O'Farrell St_STR-8460.1 (Divisadero St to Pierce St).pdf,OFARRELL ST,DIVISADERO ST,PIERCE ST,3,between,,yes,2024-08-15,https://civic-joy-fund.github.io/block-party/striping/#id=8460.1,https://safitwebapps.blob.core.windows.net/$web/Striping%20Drawings/O_Streets/O%27Farrell%20st/O%27Farrell%20St_STR-8460.1%20%28Divisadero%20St%20to%20Pierce%20St%29.pdf,,,,,
high,8402,Olympia Way_Str-8402 (Clarendon Ave to Panorama Dr).pdf,OLYMPIA WAY,CLARENDON AVE,PANORAMA DR,4,between,,yes,2024-08-15,https://civic-joy-fund.github.io/block-party/striping/#id=8402,https://safitwebapps.blob.core.windows.net/$web/Striping%20Drawings/O_Streets/Olympia%20Way/Olympia%20Way_Str-8402%20%28Clarendon%20Ave%20to%20Panorama%20Dr%29.pdf,,,,,
high,8412,Omar Way_Str-8412 (Myra Way to Sequoia Way).pdf,OMAR WAY,MYRA WAY,SEQUOIA WAY,2,between,,yes,2024-08-15,https://civic-joy-fund.github.io/block-party/striping/#id=8412,https://safitwebapps.blob.core.windows.net/$web/Striping%20Drawings/O_Streets/Omar%20Way/Omar%20Way_Str-8412%20%28Myra%20Way%20to%20Sequoia%20Way%29.pdf,,,,,
high,8400,Oneida Ave_STR-8400 (San Jose Ave to Otsego Ave) r1.pdf,ONEIDA AVE,SAN JOSE AVE,OTSEGO AVE,2,between,,yes,2024-08-15,https://civic-joy-fund.github.io/block-party/striping/#id=8400,https://safitwebapps.blob.core.windows.net/$web/Striping%20Drawings/O_Streets/Oneida%20Ave/Oneida%20Ave_STR-8400%20%28San%20Jose%20Ave%20to%20Otsego%20Ave%29%20r1.pdf,,,,,
high,7957,Orizaba Ave_Str7957 (Broad St to Randolph St).pdf,ORIZABA AVE,BROAD ST,RANDOLPH ST,2,between,,yes,2024-08-15,https://civic-joy-fund.github.io/block-party/striping/#id=7957,https://safitwebapps.blob.core.windows.net/$web/Striping%20Drawings/O_Streets/Orizaba%20St/Orizaba%20Ave_Str7957%20%28Broad%20St%20to%20Randolph%20St%29.pdf,,,,,
high,1694,Ortega st_str-1694 (9th  Ave to 10th Ave).pdf,ORTEGA ST,09TH AVE,10TH AVE,1,between,,yes,2024-08-15,https://civic-joy-fund.github.io/block-party/striping/#id=1694,https://safitwebapps.blob.core.windows.net/$web/Striping%20Drawings/O_Streets/Ortega%20st/Ortega%20st_str-1694%20%289th%20%20Ave%20to%2010th%20Ave%29.pdf,,,,,
high,6390,Ortega St_Str-6390 (At 20th Ave-45deg parking Stall).pdf,ORTEGA ST,20TH AVE,,4,intersection,,yes,2024-08-15,https://civic-joy-fund.github.io/block-party/striping/#id=6390,https://safitwebapps.blob.core.windows.net/$web/Striping%20Drawings/O_Streets/Ortega%20st/Ortega%20St_Str-6390%20%28At%2020th%20Ave-45deg%20parking%20Stall%29.pdf,,,,,
high,7839,Ortega St_Str-7839 (11th Ave to 14th Ave).pdf,ORTEGA ST,11TH AVE,14TH AVE,5,between,,yes,2024-08-15,https://civic-joy-fund.github.io/block-party/striping/#id=7839,https://safitwebapps.blob.core.windows.net/$web/Striping%20Drawings/O_Streets/Ortega%20st/Ortega%20St_Str-7839%20%2811th%20Ave%20to%2014th%20Ave%29.pdf,,,,,
high,8006,Ortega St_Str-8006 (Great Highway to 40th Ave).pdf,ORTEGA ST,GREAT HWY,40TH AVE,10,between,,yes,2026-06-18,https://civic-joy-fund.github.io/block-party/striping/#id=8006,https://safitwebapps.blob.core.windows.net/$web/Striping%20Drawings/O_Streets/Ortega%20st/Ortega%20St_Str-8006%20%28Great%20Highway%20to%2040th%20Ave%29.pdf,,,,,
high,8006.1,Ortega St_Str-8006.1 (40th Ave to 31st Ave).pdf,ORTEGA ST,40TH AVE,31ST AVE,12,between,,yes,2026-06-18,https://civic-joy-fund.github.io/block-party/striping/#id=8006.1,https://safitwebapps.blob.core.windows.net/$web/Striping%20Drawings/O_Streets/Ortega%20st/Ortega%20St_Str-8006.1%20%2840th%20Ave%20to%2031st%20Ave%29.pdf,,,,,
high,8006.2,Ortega St_Str-8006.2 (31st Ave to 23rd Ave).pdf,ORTEGA ST,31ST AVE,23RD AVE,10,between,,yes,2026-06-18,https://civic-joy-fund.github.io/block-party/striping/#id=8006.2,https://safitwebapps.blob.core.windows.net/$web/Striping%20Drawings/O_Streets/Ortega%20st/Ortega%20St_Str-8006.2%20%2831st%20Ave%20to%2023rd%20Ave%29.pdf,,,,,
high,8006.3,Ortega St_Str-8006.3 (23rd Ave to 14th Ave).pdf,ORTEGA ST,23RD AVE,14TH AVE,3,between,,yes,2026-01-27,https://civic-joy-fund.github.io/block-party/striping/#id=8006.3,https://safitwebapps.blob.core.windows.net/$web/Striping%20Drawings/O_Streets/Ortega%20st/Ortega%20St_Str-8006.3%20%2823rd%20Ave%20to%2014th%20Ave%29.pdf,,,,,
high,8383,Osage St_STR-8383 (26th St to 24th St-End).pdf,OSAGE ALY,26TH ST,24TH ST,3,between,,yes,2024-08-15,https://civic-joy-fund.github.io/block-party/striping/#id=8383,https://safitwebapps.blob.core.windows.net/$web/Striping%20Drawings/O_Streets/Osage%20St/Osage%20St_STR-8383%20%2826th%20St%20to%2024th%20St-End%29.pdf,,,,,
high,2261,O'Shaughnessy blvd_str-2261 (Portola dr to Del Vale ave).pdf,OSHAUGHNESSY BLVD,PORTOLA DR,DEL VALE AVE,2,between,,yes,2024-08-15,https://civic-joy-fund.github.io/block-party/striping/#id=2261,https://safitwebapps.blob.core.windows.net/$web/Striping%20Drawings/O_Streets/O%27shaughnessy%20Blvd/O%27Shaughnessy%20blvd_str-2261%20%28Portola%20dr%20to%20Del%20Vale%20ave%29.pdf,,,,,
high,2261.1,O'Shaughnessy blvd_str-2261.1 (Del Vale ave to Bosworth st).pdf,OSHAUGHNESSY BLVD,DEL VALE AVE,BOSWORTH ST,4,between,,yes,2024-08-15,https://civic-joy-fund.github.io/block-party/striping/#id=2261.1,https://safitwebapps.blob.core.windows.net/$web/Striping%20Drawings/O_Streets/O%27shaughnessy%20Blvd/O%27Shaughnessy%20blvd_str-2261.1%20%28Del%20Vale%20ave%20to%20Bosworth%20st%29.pdf,,,,,
high,8326,Otsego St_Str-8326 (Oneida St to Santa Ysabel Ave).pdf,OTSEGO AVE,ONEIDA AVE,SANTA YSABEL AVE,6,between,,yes,2025-06-10,https://civic-joy-fund.github.io/block-party/striping/#id=8326,https://safitwebapps.blob.core.windows.net/$web/Striping%20Drawings/O_Streets/Otsego%20St/Otsego%20St_Str-8326%20%28Oneida%20St%20to%20Santa%20Ysabel%20Ave%29.pdf,,,,,
high,8389,Owens St_Str-8389 (Mission Bay Dr to 16th St).pdf,OWENS ST,MISSION BAY BLVD,16TH ST,4,between,,yes,2026-08-11,https://civic-joy-fund.github.io/block-party/striping/#id=8389,https://safitwebapps.blob.core.windows.net/$web/Striping%20Drawings/O_Streets/Owens%20St/Owens%20St_Str-8389%20%28Mission%20Bay%20Dr%20to%2016th%20St%29.pdf,,,,,
high,8389.1,Owens St_Str-8389.1 (16th St to Mariposa St) Rev0.pdf,OWENS ST,16TH ST,MARIPOSA ST,2,between,,yes,2024-08-15,https://civic-joy-fund.github.io/block-party/striping/#id=8389.1,https://safitwebapps.blob.core.windows.net/$web/Striping%20Drawings/O_Streets/Owens%20St/Owens%20St_Str-8389.1%20%2816th%20St%20to%20Mariposa%20St%29%20Rev0.pdf,,,,,
high,7249,Oxford st_str-7249 (& Wayland st).pdf,OXFORD ST,WAYLAND ST,,2,intersection,,yes,2024-08-15,https://civic-joy-fund.github.io/block-party/striping/#id=7249,https://safitwebapps.blob.core.windows.net/$web/Striping%20Drawings/O_Streets/Oxford%20st/Oxford%20st_str-7249%20%28%26%20Wayland%20st%29.pdf,,,,,
high,5850,Pacheco st_Str-5850 (18th Ave to 20th Ave).pdf,PACHECO ST,18TH AVE,20TH AVE,2,between,,yes,2025-11-06,https://civic-joy-fund.github.io/block-party/striping/#id=5850,https://safitwebapps.blob.core.windows.net/$web/Striping%20Drawings/P_Streets/Pacheco%20St/Pacheco%20st_Str-5850%20%2818th%20Ave%20to%2020th%20Ave%29.pdf,,,,,
high,8258.1,Pacheco St_STR-8258.1 (10th Ave to Marcela Ave).pdf,PACHECO ST,10TH AVE,MARCELA AVE,11,between,,yes,2026-07-10,https://civic-joy-fund.github.io/block-party/striping/#id=8258.1,https://safitwebapps.blob.core.windows.net/$web/Striping%20Drawings/P_Streets/Pacheco%20St/Pacheco%20St_STR-8258.1%20%2810th%20Ave%20to%20Marcela%20Ave%29.pdf,,,,,
high,8258.2,Pacheco St_STR-8258.2 (Marcela Ave to Garcia Ave).pdf,PACHECO ST,MARCELA AVE,GARCIA AVE,3,between,,yes,2024-08-15,https://civic-joy-fund.github.io/block-party/striping/#id=8258.2,https://safitwebapps.blob.core.windows.net/$web/Striping%20Drawings/P_Streets/Pacheco%20St/Pacheco%20St_STR-8258.2%20%28Marcela%20Ave%20to%20Garcia%20Ave%29.pdf,,,,,
high,8092.3,Pacheco_Str-8092.3 (16th Ave to 14th Ave).pdf,PACHECO ST,16TH AVE,14TH AVE,2,between,,yes,2024-08-15,https://civic-joy-fund.github.io/block-party/striping/#id=8092.3,https://safitwebapps.blob.core.windows.net/$web/Striping%20Drawings/P_Streets/Pacheco%20St/Pacheco_Str-8092.3%20%2816th%20Ave%20to%2014th%20Ave%29.pdf,,,,,
high,1538,Pacific ave_Str-1538 (Presidio Ave to Fillmore St)  See Daniel Padilla 2026-09-10.pdf,PACIFIC AVE,PRESIDIO AVE,FILLMORE ST,11,between,,yes,2026-09-11,https://civic-joy-fund.github.io/block-party/striping/#id=1538,https://safitwebapps.blob.core.windows.net/$web/Striping%20Drawings/P_Streets/Pacific%20Ave/Pacific%20ave_Str-1538%20%28Presidio%20Ave%20to%20Fillmore%20St%29%20%20See%20Daniel%20Padilla%202026-09-10.pdf,,,,,
high,1538.1,Pacific ave_Str-1538.1 (Fillmore St to Larkin St)  See Daniel Padilla 2026-09-10.pdf,PACIFIC AVE,FILLMORE ST,LARKIN ST,12,between,,yes,2026-09-11,https://civic-joy-fund.github.io/block-party/striping/#id=1538.1,https://safitwebapps.blob.core.windows.net/$web/Striping%20Drawings/P_Streets/Pacific%20Ave/Pacific%20ave_Str-1538.1%20%28Fillmore%20St%20to%20Larkin%20St%29%20%20See%20Daniel%20Padilla%202026-09-10.pdf,,,,,
high,2692,Pacific Ave_Str-2692 (Larkin St to Stockton St) See Daniel Padilla 2026-03-17.pdf,PACIFIC AVE,LARKIN ST,STOCKTON ST,20,between,,yes,2026-03-18,https://civic-joy-fund.github.io/block-party/striping/#id=2692,https://safitwebapps.blob.core.windows.net/$web/Striping%20Drawings/P_Streets/Pacific%20Ave/Pacific%20Ave_Str-2692%20%28Larkin%20St%20to%20Stockton%20St%29%20See%20Daniel%20Padilla%202026-03-17.pdf,,,,,
high,2692.1,Pacific Ave_Str-2692.1 (Stockton St to Sansome St)  See Daniel Padilla 2026-09-10.pdf,PACIFIC AVE,STOCKTON ST,SANSOME ST,11,between,,yes,2026-09-11,https://civic-joy-fund.github.io/block-party/striping/#id=2692.1,https://safitwebapps.blob.core.windows.net/$web/Striping%20Drawings/P_Streets/Pacific%20Ave/Pacific%20Ave_Str-2692.1%20%28Stockton%20St%20to%20Sansome%20St%29%20%20See%20Daniel%20Padilla%202026-09-10.pdf,,,,,
high,7985,Page St_STR-7985 (Stanyan St to Central Ave).pdf,PAGE ST,STANYAN ST,CENTRAL AVE,6,between,,yes,2026-07-10,https://civic-joy-fund.github.io/block-party/striping/#id=7985,https://safitwebapps.blob.core.windows.net/$web/Striping%20Drawings/P_Streets/Page%20St/Page%20St_STR-7985%20%28Stanyan%20St%20to%20Central%20Ave%29.pdf,,,,,
high,7985.1,Page St_STR-7985.1 (Central Ave to Scott St).pdf,PAGE ST,CENTRAL AVE,SCOTT ST,5,between,,yes,2026-07-10,https://civic-joy-fund.github.io/block-party/striping/#id=7985.1,https://safitwebapps.blob.core.windows.net/$web/Striping%20Drawings/P_Streets/Page%20St/Page%20St_STR-7985.1%20%28Central%20Ave%20to%20Scott%20St%29.pdf,,,,,
high,7985.3,Page St_STR-7985.3 (Buchanan St to Market St).pdf,PAGE ST,BUCHANAN ST,MARKET ST,5,between,,yes,2026-07-10,https://civic-joy-fund.github.io/block-party/striping/#id=7985.3,https://safitwebapps.blob.core.windows.net/$web/Striping%20Drawings/P_Streets/Page%20St/Page%20St_STR-7985.3%20%28Buchanan%20St%20to%20Market%20St%29.pdf,,,,,
high,8179,Palm Ave_Str_8179 (Geary Blvd to California St).pdf,PALM AVE,GEARY BLVD,CALIFORNIA ST,2,between,,yes,2026-09-02,https://civic-joy-fund.github.io/block-party/striping/#id=8179,https://safitwebapps.blob.core.windows.net/$web/Striping%20Drawings/P_Streets/Palm%20Ave/Palm%20Ave_Str_8179%20%28Geary%20Blvd%20to%20California%20St%29.pdf,,,,,
high,8137,Palmetto Ave_Str-8137 (Junipero Serra Blvd to Saint Charles Ave).pdf,PALMETTO AVE,JUNIPERO SERRA BLVD,SAINT CHARLES AVE,2,between,,yes,2024-08-15,https://civic-joy-fund.github.io/block-party/striping/#id=8137,https://safitwebapps.blob.core.windows.net/$web/Striping%20Drawings/P_Streets/Palmetto%20Ave/Palmetto%20Ave_Str-8137%20%28Junipero%20Serra%20Blvd%20to%20Saint%20Charles%20Ave%29.pdf,,,,,
high,6484,Palo Alto Ave_Str-6484 (Palo Alto Ave at Marview Way) See Amy Chun 2023-08-29.pdf,PALO ALTO AVE,MARVIEW WAY,,3,intersection,,yes,2024-08-15,https://civic-joy-fund.github.io/block-party/striping/#id=6484,https://safitwebapps.blob.core.windows.net/$web/Striping%20Drawings/P_Streets/Palo%20Alto/Palo%20Alto%20Ave_Str-6484%20%28Palo%20Alto%20Ave%20at%20Marview%20Way%29%20See%20Amy%20Chun%202023-08-29.pdf,,,,,
high,7941,Paloma Ave_Str-7941 (Junipero Serra to Ocean Ave) rev2.pdf,PALOMA AVE,JUNIPERO SERRA BLVD,OCEAN AVE,4,between,,yes,2024-08-15,https://civic-joy-fund.github.io/block-party/striping/#id=7941,https://safitwebapps.blob.core.windows.net/$web/Striping%20Drawings/P_Streets/Paloma%20Ave/Paloma%20Ave_Str-7941%20%28Junipero%20Serra%20to%20Ocean%20Ave%29%20rev2.pdf,,,,,
high,8423,Palou st_Str-8423 (Barneveld Ave to Silver Ave)r1.pdf,PALOU AVE,BARNEVELD AVE,SILVER AVE,6,between,,yes,2026-08-05,https://civic-joy-fund.github.io/block-party/striping/#id=8423,https://safitwebapps.blob.core.windows.net/$web/Striping%20Drawings/P_Streets/Palou%20St/Palou%20st_Str-8423%20%28Barneveld%20Ave%20to%20Silver%20Ave%29r1.pdf,,,,,
high,8423.1,Palou st_Str-8423.1 (Silver Ave to Lane St)r3.pdf,PALOU AVE,SILVER AVE,LANE ST,5,between,,yes,2026-08-05,https://civic-joy-fund.github.io/block-party/striping/#id=8423.1,https://safitwebapps.blob.core.windows.net/$web/Striping%20Drawings/P_Streets/Palou%20St/Palou%20st_Str-8423.1%20%28Silver%20Ave%20to%20Lane%20St%29r3.pdf,,,,,
high,2946,Panorama Dr_STR-2946 (Twin Peaks Blvd to Clarendon Ave).pdf,PANORAMA DR,TWIN PEAKS BLVD,CLARENDON AVE,13,between,,yes,2025-12-20,https://civic-joy-fund.github.io/block-party/striping/#id=2946,https://safitwebapps.blob.core.windows.net/$web/Striping%20Drawings/P_Streets/Panorama%20St/Panorama%20Dr_STR-2946%20%28Twin%20Peaks%20Blvd%20to%20Clarendon%20Ave%29.pdf,,,,,
high,2946.1,Panorama Dr_Str-2946.1 (Twin Peaks to Clarendon).pdf,PANORAMA DR,TWIN PEAKS BLVD,CLARENDON AVE,13,between,,yes,2024-08-15,https://civic-joy-fund.github.io/block-party/striping/#id=2946.1,https://safitwebapps.blob.core.windows.net/$web/Striping%20Drawings/P_Streets/Panorama%20St/Panorama%20Dr_Str-2946.1%20%28Twin%20Peaks%20to%20Clarendon%29.pdf,,,,,
high,8447.1,Paris St_Str-8447.1 (Persia Aveto Avalon Ave).pdf,PARIS ST,PERSIA AVE,,4,intersection,,yes,2024-08-15,https://civic-joy-fund.github.io/block-party/striping/#id=8447.1,https://safitwebapps.blob.core.windows.net/$web/Striping%20Drawings/P_Streets/Paris%20St/Paris%20St_Str-8447.1%20%28Persia%20Aveto%20Avalon%20Ave%29.pdf,,,,,
high,8221,Parker Ave_STR 8221 (Fulton St to Geary Blvd) r5.pdf,PARKER AVE,FULTON ST,GEARY BLVD,6,between,,yes,2024-08-15,https://civic-joy-fund.github.io/block-party/striping/#id=8221,https://safitwebapps.blob.core.windows.net/$web/Striping%20Drawings/P_Streets/Parker%20Ave/Parker%20Ave_STR%208221%20%28Fulton%20St%20to%20Geary%20Blvd%29%20r5.pdf,,,,,
high,8221.1,Parker Ave_Str-8221.1 (Geary Blvd to California St).pdf,PARKER AVE,GEARY BLVD,CALIFORNIA ST,2,between,,yes,2024-08-15,https://civic-joy-fund.github.io/block-party/striping/#id=8221.1,https://safitwebapps.blob.core.windows.net/$web/Striping%20Drawings/P_Streets/Parker%20Ave/Parker%20Ave_Str-8221.1%20%28Geary%20Blvd%20to%20California%20St%29.pdf,,,,,
high,7964,Parnassus Ave_Str-7964 (5th St to Hill Point Ave)r4.pdf,PARNASSUS AVE,05TH AVE,HILL POINT AVE,5,between,,yes,2024-08-15,https://civic-joy-fund.github.io/block-party/striping/#id=7964,https://safitwebapps.blob.core.windows.net/$web/Striping%20Drawings/P_Streets/Parnassus%20Ave/Parnassus%20Ave_Str-7964%20%285th%20St%20to%20Hill%20Point%20Ave%29r4.pdf,,,,,
high,7964.1,Parnassus Ave_Str-7964.1 (Hill Point Ave to Clayton St).pdf,PARNASSUS AVE,HILL POINT AVE,CLAYTON ST,9,between,,yes,2026-03-19,https://civic-joy-fund.github.io/block-party/striping/#id=7964.1,https://safitwebapps.blob.core.windows.net/$web/Striping%20Drawings/P_Streets/Parnassus%20Ave/Parnassus%20Ave_Str-7964.1%20%28Hill%20Point%20Ave%20to%20Clayton%20St%29.pdf,,,,,
high,8057,Paul Ave_Str-8057 (San Bruno Ave to 3rd St).pdf,PAUL AVE,SAN BRUNO AVE,03RD ST,7,between,,yes,2026-10-02,https://civic-joy-fund.github.io/block-party/striping/#id=8057,https://safitwebapps.blob.core.windows.net/$web/Striping%20Drawings/P_Streets/Paul%20Ave/Paul%20Ave_Str-8057%20%28San%20Bruno%20Ave%20to%203rd%20St%29.pdf,,,,,
high,8020.1,Pennsylvania st_str-8020.1 (22nd St to 17th St).pdf,PENNSYLVANIA AVE,22ND ST,17TH ST,6,between,,yes,2025-04-17,https://civic-joy-fund.github.io/block-party/striping/#id=8020.1,https://safitwebapps.blob.core.windows.net/$web/Striping%20Drawings/P_Streets/Pennsylvania%20Ave/Pennsylvania%20st_str-8020.1%20%2822nd%20St%20to%2017th%20St%29.pdf,,,,,
high,8251,Peralta Ave_Str-8251 (Ripley St to Holladay Ave).pdf,PERALTA AVE,RIPLEY ST,HOLLADAY AVE,13,between,,yes,2024-08-15,https://civic-joy-fund.github.io/block-party/striping/#id=8251,https://safitwebapps.blob.core.windows.net/$web/Striping%20Drawings/P_Streets/Peralta%20Ave/Peralta%20Ave_Str-8251%20%28Ripley%20St%20to%20Holladay%20Ave%29.pdf,,,,,
high,2286,Partially Superseded_ Persia Ave_Str-2286 (Ocean Ave to Prague St).pdf,PERSIA AVE,OCEAN AVE,PRAGUE ST,14,between,,yes,2026-09-22,https://civic-joy-fund.github.io/block-party/striping/#id=2286,https://safitwebapps.blob.core.windows.net/$web/Striping%20Drawings/P_Streets/Persia%20St/Partially%20Superseded_%20Persia%20Ave_Str-2286%20%28Ocean%20Ave%20to%20Prague%20St%29.pdf,,,,,
high,8141.0,Persia Ave_STR-8141.0 (Ocean Ave to Munich St).pdf,PERSIA AVE,OCEAN AVE,MUNICH ST,12,between,,yes,2026-07-15,https://civic-joy-fund.github.io/block-party/striping/#id=8141.0,https://safitwebapps.blob.core.windows.net/$web/Striping%20Drawings/P_Streets/Persia%20St/Persia%20Ave_STR-8141.0%20%28Ocean%20Ave%20to%20Munich%20St%29.pdf,,,,,
high,8141.2,Persia Ave_STR-8141.2 (Dublin St to Mansell St).pdf,PERSIA AVE,DUBLIN ST,MANSELL ST,1,between,,yes,2024-08-15,https://civic-joy-fund.github.io/block-party/striping/#id=8141.2,https://safitwebapps.blob.core.windows.net/$web/Striping%20Drawings/P_Streets/Persia%20St/Persia%20Ave_STR-8141.2%20%28Dublin%20St%20to%20Mansell%20St%29.pdf,,,,,
high,3042,Phelps st_Str-3042 (Egbert  St to Williams St).pdf,PHELPS ST,EGBERT AVE,WILLIAMS AVE,5,between,,yes,2024-08-15,https://civic-joy-fund.github.io/block-party/striping/#id=3042,https://safitwebapps.blob.core.windows.net/$web/Striping%20Drawings/P_Streets/Phelps%20St/Phelps%20st_Str-3042%20%28Egbert%20%20St%20to%20Williams%20St%29.pdf,,,,,
high,6690,Pierce st_str-6690 (Broadway St to Jackson St).pdf,PIERCE ST,BROADWAY,JACKSON ST,2,between,,yes,2024-08-15,https://civic-joy-fund.github.io/block-party/striping/#id=6690,https://safitwebapps.blob.core.windows.net/$web/Striping%20Drawings/P_Streets/Pierce%20St/Pierce%20st_str-6690%20%28Broadway%20St%20to%20Jackson%20St%29.pdf,,,,,
high,8157,Pierce st_Str-8157 (Waller St to Hayes St).pdf,PIERCE ST,WALLER ST,HAYES ST,5,between,,yes,2026-04-10,https://civic-joy-fund.github.io/block-party/striping/#id=8157,https://safitwebapps.blob.core.windows.net/$web/Striping%20Drawings/P_Streets/Pierce%20St/Pierce%20st_Str-8157%20%28Waller%20St%20to%20Hayes%20St%29.pdf,,,,,
high,2756,Pine St_Str-2756 (Presidio Ave to Pierce St).pdf,PINE ST,PRESIDIO AVE,PIERCE ST,6,between,,yes,2026-09-23,https://civic-joy-fund.github.io/block-party/striping/#id=2756,https://safitwebapps.blob.core.windows.net/$web/Striping%20Drawings/P_Streets/Pine%20St/Pine%20St_Str-2756%20%28Presidio%20Ave%20to%20Pierce%20St%29.pdf,,,,,
high,2756.1,Pine St_Str-2756.1 (Pierce St to Franklin St).pdf,PINE ST,PIERCE ST,FRANKLIN ST,11,between,,yes,2025-10-15,https://civic-joy-fund.github.io/block-party/striping/#id=2756.1,https://safitwebapps.blob.core.windows.net/$web/Striping%20Drawings/P_Streets/Pine%20St/Pine%20St_Str-2756.1%20%28Pierce%20St%20to%20Franklin%20St%29.pdf,,,,,
high,7986,Pine St_Str-7986 (Van Ness Ave to Jones St).pdf,PINE ST,VAN NESS AVE,JONES ST,6,between,,yes,2025-11-11,https://civic-joy-fund.github.io/block-party/striping/#id=7986,https://safitwebapps.blob.core.windows.net/$web/Striping%20Drawings/P_Streets/Pine%20St/Pine%20St_Str-7986%20%28Van%20Ness%20Ave%20to%20Jones%20St%29.pdf,,,,,
high,7986.1,Pine St_Str-7986.1 (Jones St to Kearny St).pdf,PINE ST,JONES ST,KEARNY ST,12,between,,yes,2026-06-06,https://civic-joy-fund.github.io/block-party/striping/#id=7986.1,https://safitwebapps.blob.core.windows.net/$web/Striping%20Drawings/P_Streets/Pine%20St/Pine%20St_Str-7986.1%20%28Jones%20St%20to%20Kearny%20St%29.pdf,,,,,
high,7986.2,Pine St_Str-7986.2 (Kearny St to Market St).pdf,PINE ST,KEARNY ST,MARKET ST,11,between,,yes,2026-06-12,https://civic-joy-fund.github.io/block-party/striping/#id=7986.2,https://safitwebapps.blob.core.windows.net/$web/Striping%20Drawings/P_Streets/Pine%20St/Pine%20St_Str-7986.2%20%28Kearny%20St%20to%20Market%20St%29.pdf,,,,,
high,8025,Plymouth Ave_Str-8025 (Sagamore St toThrift St).pdf,PLYMOUTH AVE,SAGAMORE ST,THRIFT ST,9,between,,yes,2024-08-15,https://civic-joy-fund.github.io/block-party/striping/#id=8025,https://safitwebapps.blob.core.windows.net/$web/Striping%20Drawings/P_Streets/Plymouth%20Ave/Plymouth%20Ave_Str-8025%20%28Sagamore%20St%20toThrift%20St%29.pdf,,,,,
high,8025.1,Plymouth Ave_Str-8025.1 (Thrift St to Ocean Ave).pdf,PLYMOUTH AVE,THRIFT ST,OCEAN AVE,5,between,,yes,2024-11-27,https://civic-joy-fund.github.io/block-party/striping/#id=8025.1,https://safitwebapps.blob.core.windows.net/$web/Striping%20Drawings/P_Streets/Plymouth%20Ave/Plymouth%20Ave_Str-8025.1%20%28Thrift%20St%20to%20Ocean%20Ave%29.pdf,,,,,
high,8025.2,Plymouth Ave_Str-8025.2 (Ocean Ave to Yerba Buena Ave).pdf,PLYMOUTH AVE,OCEAN AVE,YERBA BUENA AVE,12,between,,yes,2024-11-27,https://civic-joy-fund.github.io/block-party/striping/#id=8025.2,https://safitwebapps.blob.core.windows.net/$web/Striping%20Drawings/P_Streets/Plymouth%20Ave/Plymouth%20Ave_Str-8025.2%20%28Ocean%20Ave%20to%20Yerba%20Buena%20Ave%29.pdf,,,,,
high,8005,Point Lobos ave_Str-8005 (Great Highway to El Camino Del Mar).pdf,POINT LOBOS AVE,GREAT HWY,EL CAMINO DEL MAR,3,between,,yes,2025-10-31,https://civic-joy-fund.github.io/block-party/striping/#id=8005,https://safitwebapps.blob.core.windows.net/$web/Striping%20Drawings/P_Streets/Point%20Lobos/Point%20Lobos%20ave_Str-8005%20%28Great%20Highway%20to%20El%20Camino%20Del%20Mar%29.pdf,,,,,
high,8005.1,Point Lobos ave_Str-8005.1 (El Camino Del Mar to 42nd Ave).pdf,POINT LOBOS AVE,EL CAMINO DEL MAR,42ND AVE,7,between,,yes,2024-08-15,https://civic-joy-fund.github.io/block-party/striping/#id=8005.1,https://safitwebapps.blob.core.windows.net/$web/Striping%20Drawings/P_Streets/Point%20Lobos/Point%20Lobos%20ave_Str-8005.1%20%28El%20Camino%20Del%20Mar%20to%2042nd%20Ave%29.pdf,,,,,
high,8117,Polk St_Str-8117 (Market St to Ellis St).pdf,POLK ST,MARKET ST,ELLIS ST,10,between,,yes,2026-07-15,https://civic-joy-fund.github.io/block-party/striping/#id=8117,https://safitwebapps.blob.core.windows.net/$web/Striping%20Drawings/P_Streets/Polk%20St/Polk%20St_Str-8117%20%28Market%20St%20to%20Ellis%20St%29.pdf,,,,,
high,8117.1,Polk St_Str-8117.1 (Ellis St to Sacramento St).pdf,POLK ST,ELLIS ST,SACRAMENTO ST,17,between,,yes,2026-03-07,https://civic-joy-fund.github.io/block-party/striping/#id=8117.1,https://safitwebapps.blob.core.windows.net/$web/Striping%20Drawings/P_Streets/Polk%20St/Polk%20St_Str-8117.1%20%28Ellis%20St%20to%20Sacramento%20St%29.pdf,,,,,
high,8117.2,Polk St_Str-8117.2 (Sacramento St to Filbert St).pdf,POLK ST,SACRAMENTO ST,FILBERT ST,12,between,,yes,2026-03-07,https://civic-joy-fund.github.io/block-party/striping/#id=8117.2,https://safitwebapps.blob.core.windows.net/$web/Striping%20Drawings/P_Streets/Polk%20St/Polk%20St_Str-8117.2%20%28Sacramento%20St%20to%20Filbert%20St%29.pdf,,,,,
high,8117.3,Polk St_Str-8117.3 (Filbert St to Beach St)r1.pdf,POLK ST,FILBERT ST,BEACH ST,8,between,,yes,2026-03-03,https://civic-joy-fund.github.io/block-party/striping/#id=8117.3,https://safitwebapps.blob.core.windows.net/$web/Striping%20Drawings/P_Streets/Polk%20St/Polk%20St_Str-8117.3%20%28Filbert%20St%20to%20Beach%20St%29r1.pdf,,,,,
high,8457,Pond St_STR-8457 (16th St to 17th St).pdf,POND ST,16TH ST,17TH ST,1,between,,yes,2024-08-15,https://civic-joy-fund.github.io/block-party/striping/#id=8457,https://safitwebapps.blob.core.windows.net/$web/Striping%20Drawings/P_Streets/Pond%20St/Pond%20St_STR-8457%20%2816th%20St%20to%2017th%20St%29.pdf,,,,,
high,8419,Pope St_Str-8419 (Prague St to Mission St).pdf,POPE ST,PRAGUE ST,MISSION ST,7,between,,yes,2024-08-15,https://civic-joy-fund.github.io/block-party/striping/#id=8419,https://safitwebapps.blob.core.windows.net/$web/Striping%20Drawings/P_Streets/Pope%20St/Pope%20St_Str-8419%20%28Prague%20St%20to%20Mission%20St%29.pdf,,,,,
high,7767,Portola Dr_Str-7767 (Sloat Blvd to Terrace Dr).pdf,PORTOLA DR,SLOAT BLVD,TERRACE DR,6,between,,yes,2024-08-15,https://civic-joy-fund.github.io/block-party/striping/#id=7767,https://safitwebapps.blob.core.windows.net/$web/Striping%20Drawings/P_Streets/Portola%20Dr/Portola%20Dr_Str-7767%20%28Sloat%20Blvd%20to%20Terrace%20Dr%29.pdf,,,,,
high,7767.1,Portola Dr_Str-7767.1 (Terrace Dr to Miraloma Dr).pdf,PORTOLA DR,TERRACE DR,MIRALOMA DR,14,between,,yes,2025-10-31,https://civic-joy-fund.github.io/block-party/striping/#id=7767.1,https://safitwebapps.blob.core.windows.net/$web/Striping%20Drawings/P_Streets/Portola%20Dr/Portola%20Dr_Str-7767.1%20%28Terrace%20Dr%20to%20Miraloma%20Dr%29.pdf,,,,,
high,7767.2,Portola Dr_Str-7767.2 (Miraloma Dr to Oshaughnessy Dr).pdf,PORTOLA DR,MIRALOMA DR,OSHAUGHNESSY BLVD,16,between,,yes,2026-04-17,https://civic-joy-fund.github.io/block-party/striping/#id=7767.2,https://safitwebapps.blob.core.windows.net/$web/Striping%20Drawings/P_Streets/Portola%20Dr/Portola%20Dr_Str-7767.2%20%28Miraloma%20Dr%20to%20Oshaughnessy%20Dr%29.pdf,,,,,
high,7603.1,Post St_Str-7603.1 (Mason St to Polk St)r15.pdf,POST ST,MASON ST,POLK ST,10,between,,yes,2026-01-30,https://civic-joy-fund.github.io/block-party/striping/#id=7603.1,https://safitwebapps.blob.core.windows.net/$web/Striping%20Drawings/P_Streets/Post%20St/Post%20St_Str-7603.1%20%28Mason%20St%20to%20Polk%20St%29r15.pdf,,,,,
high,7603.2,Post St_Str-7603.2 (Polk  St to Laguna St).pdf,POST ST,POLK ST,LAGUNA ST,4,between,,yes,2025-08-31,https://civic-joy-fund.github.io/block-party/striping/#id=7603.2,https://safitwebapps.blob.core.windows.net/$web/Striping%20Drawings/P_Streets/Post%20St/Post%20St_Str-7603.2%20%28Polk%20%20St%20to%20Laguna%20St%29.pdf,,,,,
high,7603.3,Post St_Str-7603.3 (Laguna St to Divisadero St).pdf,POST ST,LAGUNA ST,DIVISADERO ST,10,between,,yes,2025-08-29,https://civic-joy-fund.github.io/block-party/striping/#id=7603.3,https://safitwebapps.blob.core.windows.net/$web/Striping%20Drawings/P_Streets/Post%20St/Post%20St_Str-7603.3%20%28Laguna%20St%20to%20Divisadero%20St%29.pdf,,,,,
high,7603.4,Post St_Str-7603.4 (Divisadero St to Presidio Ave).pdf,POST ST,DIVISADERO ST,PRESIDIO AVE,5,between,,yes,2026-05-27,https://civic-joy-fund.github.io/block-party/striping/#id=7603.4,https://safitwebapps.blob.core.windows.net/$web/Striping%20Drawings/P_Streets/Post%20St/Post%20St_Str-7603.4%20%28Divisadero%20St%20to%20Presidio%20Ave%29.pdf,,,,,
high,8289.1,Potrero Ave_Str-8289.1 (24th St to 20th St).pdf,POTRERO AVE,24TH ST,20TH ST,11,between,,yes,2024-08-15,https://civic-joy-fund.github.io/block-party/striping/#id=8289.1,https://safitwebapps.blob.core.windows.net/$web/Striping%20Drawings/P_Streets/Potrero%20Ave/Potrero%20Ave_Str-8289.1%20%2824th%20St%20to%2020th%20St%29.pdf,,,,,
high,8289.2,Potrero Ave_Str-8289.2 (20th St to 16th St).pdf,POTRERO AVE,20TH ST,16TH ST,8,between,,yes,2025-04-19,https://civic-joy-fund.github.io/block-party/striping/#id=8289.2,https://safitwebapps.blob.core.windows.net/$web/Striping%20Drawings/P_Streets/Potrero%20Ave/Potrero%20Ave_Str-8289.2%20%2820th%20St%20to%2016th%20St%29.pdf,,,,,
high,8289.3,Potrero Ave_Str-8289.3 (16th St to Division St).pdf,POTRERO AVE,16TH ST,DIVISION ST,3,between,,yes,2026-03-13,https://civic-joy-fund.github.io/block-party/striping/#id=8289.3,https://safitwebapps.blob.core.windows.net/$web/Striping%20Drawings/P_Streets/Potrero%20Ave/Potrero%20Ave_Str-8289.3%20%2816th%20St%20to%20Division%20St%29.pdf,,,,,
high,8111,Powell st_Str-8111 (Market St to California St).pdf,POWELL ST,MARKET ST,CALIFORNIA ST,12,between,,yes,2026-06-02,https://civic-joy-fund.github.io/block-party/striping/#id=8111,https://safitwebapps.blob.core.windows.net/$web/Striping%20Drawings/P_Streets/Powell%20St/Powell%20st_Str-8111%20%28Market%20St%20to%20California%20St%29.pdf,,,,,
high,8111.1,Powell st_Str-8111.1 (California St to Union St).pdf,POWELL ST,CALIFORNIA ST,UNION ST,15,between,,yes,2026-07-22,https://civic-joy-fund.github.io/block-party/striping/#id=8111.1,https://safitwebapps.blob.core.windows.net/$web/Striping%20Drawings/P_Streets/Powell%20St/Powell%20st_Str-8111.1%20%28California%20St%20to%20Union%20St%29.pdf,,,,,
high,8111.2,Powell St_Str-8111.2 (columbus ave to Jefferson st-Embarcadero).pdf,POWELL ST,COLUMBUS AVE,JEFFERSON ST,11,between,,yes,2026-08-26,https://civic-joy-fund.github.io/block-party/striping/#id=8111.2,https://safitwebapps.blob.core.windows.net/$web/Striping%20Drawings/P_Streets/Powell%20St/Powell%20St_Str-8111.2%20%28columbus%20ave%20to%20Jefferson%20st-Embarcadero%29.pdf,,,,,
high,8355,Prague St_STR-8355 (Pope St to South Hill Blvd) Rev1.pdf,PRAGUE ST,POPE ST,SOUTH HILL BLVD,8,between,,yes,2024-08-15,https://civic-joy-fund.github.io/block-party/striping/#id=8355,https://safitwebapps.blob.core.windows.net/$web/Striping%20Drawings/P_Streets/Prague%20St/Prague%20St_STR-8355%20%28Pope%20St%20to%20South%20Hill%20Blvd%29%20Rev1.pdf,,,,,
high,2728,Precita ave_Str-2728 (Mission St to Harrison St).pdf,PRECITA AVE,MISSION ST,HARRISON ST,6,between,,yes,2024-08-15,https://civic-joy-fund.github.io/block-party/striping/#id=2728,https://safitwebapps.blob.core.windows.net/$web/Striping%20Drawings/P_Streets/Precita%20Ave/Precita%20ave_Str-2728%20%28Mission%20St%20to%20Harrison%20St%29.pdf,,,,,
high,2728.1,Precita ave_Str-2728.1 (Harrison St to Cesar Chavez St).pdf,PRECITA AVE,HARRISON ST,CESAR CHAVEZ ST,6,between,,yes,2024-08-15,https://civic-joy-fund.github.io/block-party/striping/#id=2728.1,https://safitwebapps.blob.core.windows.net/$web/Striping%20Drawings/P_Streets/Precita%20Ave/Precita%20ave_Str-2728.1%20%28Harrison%20St%20to%20Cesar%20Chavez%20St%29.pdf,,,,,
high,7998,Presidio Ave_Str-7998 (Geary Blvd to Clay St).pdf,PRESIDIO AVE,GEARY BLVD,CLAY ST,8,between,,yes,2026-05-27,https://civic-joy-fund.github.io/block-party/striping/#id=7998,https://safitwebapps.blob.core.windows.net/$web/Striping%20Drawings/P_Streets/Presidio%20Ave/Presidio%20Ave_Str-7998%20%28Geary%20Blvd%20to%20Clay%20St%29.pdf,,,,,
high,7998.1,Presidio ave_Str-7998.1 (Clay St to Pacific St).pdf,PRESIDIO AVE,CLAY ST,PACIFIC AVE,3,between,,yes,2024-08-15,https://civic-joy-fund.github.io/block-party/striping/#id=7998.1,https://safitwebapps.blob.core.windows.net/$web/Striping%20Drawings/P_Streets/Presidio%20Ave/Presidio%20ave_Str-7998.1%20%28Clay%20St%20to%20Pacific%20St%29.pdf,,,,,
high,5200,Prospect ave_Str-5200 (Cortland to Coso).pdf,PROSPECT AVE,CORTLAND AVE,COSO AVE,8,between,,yes,2024-08-15,https://civic-joy-fund.github.io/block-party/striping/#id=5200,https://safitwebapps.blob.core.windows.net/$web/Striping%20Drawings/P_Streets/Prospect%20St/Prospect%20ave_Str-5200%20%28Cortland%20to%20Coso%29.pdf,,,,,
high,5499,Prosper St_Str-5499 (16th St to 17th St).pdf,PROSPER ST,16TH ST,17TH ST,1,between,,yes,2024-08-15,https://civic-joy-fund.github.io/block-party/striping/#id=5499,https://safitwebapps.blob.core.windows.net/$web/Striping%20Drawings/P_Streets/Prosper%20St/Prosper%20St_Str-5499%20%2816th%20St%20to%2017th%20St%29.pdf,,,,,
high,7754,Str-7754_Putnam St (Crescent Ave to Tompkins Ave).pdf,PUTNAM ST,CRESCENT AVE,TOMPKINS AVE,2,between,,yes,2024-08-15,https://civic-joy-fund.github.io/block-party/striping/#id=7754,https://safitwebapps.blob.core.windows.net/$web/Striping%20Drawings/P_Streets/Putnam%20St/Str-7754_Putnam%20St%20%28Crescent%20Ave%20to%20Tompkins%20Ave%29.pdf,,,,,
high,7951,Quesada Ave_STR-7951 (Newhall St to 3rd St).pdf,QUESADA AVE,NEWHALL ST,03RD ST,2,between,,yes,2024-12-05,https://civic-joy-fund.github.io/block-party/striping/#id=7951,https://safitwebapps.blob.core.windows.net/$web/Striping%20Drawings/Q_Streets/Quesada%20ave/Quesada%20Ave_STR-7951%20%28Newhall%20St%20to%203rd%20St%29.pdf,,,,,
high,7951.1,Quesada Ave_STR-7951.1 (Jennings St to Fitch St).pdf,QUESADA AVE,JENNINGS ST,FITCH ST,5,between,,yes,2024-12-05,https://civic-joy-fund.github.io/block-party/striping/#id=7951.1,https://safitwebapps.blob.core.windows.net/$web/Striping%20Drawings/Q_Streets/Quesada%20ave/Quesada%20Ave_STR-7951.1%20%28Jennings%20St%20to%20Fitch%20St%29.pdf,,,,,
high,8268,Quint St_Str-8268 (Evans Ave to Arthur St).pdf,QUINT ST,EVANS AVE,ARTHUR AVE,3,between,,yes,2025-12-02,https://civic-joy-fund.github.io/block-party/striping/#id=8268,https://safitwebapps.blob.core.windows.net/$web/Striping%20Drawings/Q_Streets/Quint%20st/Quint%20St_Str-8268%20%28Evans%20Ave%20to%20Arthur%20St%29.pdf,,,,,
high,8411.2,Quintara St_Str-8411.2 (30th Ave to 22nd Ave).pdf,QUINTARA ST,30TH AVE,22ND AVE,10,between,,yes,2025-07-11,https://civic-joy-fund.github.io/block-party/striping/#id=8411.2,https://safitwebapps.blob.core.windows.net/$web/Striping%20Drawings/Q_Streets/Quintara%20st/Quintara%20St_Str-8411.2%20%2830th%20Ave%20to%2022nd%20Ave%29.pdf,,,,,
high,8411.3,Quintara St_Str-8411.3 (22nd Ave to 15th Ave).pdf,QUINTARA ST,22ND AVE,15TH AVE,9,between,,yes,2025-11-06,https://civic-joy-fund.github.io/block-party/striping/#id=8411.3,https://safitwebapps.blob.core.windows.net/$web/Striping%20Drawings/Q_Streets/Quintara%20st/Quintara%20St_Str-8411.3%20%2822nd%20Ave%20to%2015th%20Ave%29.pdf,,,,,
high,8411.4,Quintara St_Str-8411.4 (15th Ave to 10th Ave).pdf,QUINTARA ST,15TH AVE,10TH AVE,6,between,,yes,2024-08-15,https://civic-joy-fund.github.io/block-party/striping/#id=8411.4,https://safitwebapps.blob.core.windows.net/$web/Striping%20Drawings/Q_Streets/Quintara%20st/Quintara%20St_Str-8411.4%20%2815th%20Ave%20to%2010th%20Ave%29.pdf,,,,,
high,8468,Randall St STR-8468 (Harper St to San Jose Ave).pdf,RANDALL ST,HARPER ST,SAN JOSE AVE,8,between,,yes,2026-04-28,https://civic-joy-fund.github.io/block-party/striping/#id=8468,https://safitwebapps.blob.core.windows.net/$web/Striping%20Drawings/R_Streets/Randall%20St/Randall%20St%20STR-8468%20%28Harper%20St%20to%20San%20Jose%20Ave%29.pdf,,,,,
high,7956,Randolph St_Str-7956 (Byxbee St to Orizaba St) r8.pdf,RANDOLPH ST,BYXBEE ST,ORIZABA AVE,9,between,,yes,2024-12-14,https://civic-joy-fund.github.io/block-party/striping/#id=7956,https://safitwebapps.blob.core.windows.net/$web/Striping%20Drawings/R_Streets/Randolph%20st/Randolph%20St_Str-7956%20%28Byxbee%20St%20to%20Orizaba%20St%29%20r8.pdf,,,,,
high,8127,Raymond Ave_Str-8127 (Sawyer St to Bayshore Blvd).pdf,RAYMOND AVE,SAWYER ST,BAY SHORE BLVD,5,between,,yes,2026-08-07,https://civic-joy-fund.github.io/block-party/striping/#id=8127,https://safitwebapps.blob.core.windows.net/$web/Striping%20Drawings/R_Streets/Raymond%20Ave/Raymond%20Ave_Str-8127%20%28Sawyer%20St%20to%20Bayshore%20Blvd%29.pdf,,,,,
high,8127.1,Raymond Ave_Str-8127.1 (Alpha  St to Bayshore Blvd).pdf,RAYMOND AVE,ALPHA ST,BAY SHORE BLVD,1,between,,yes,2026-03-19,https://civic-joy-fund.github.io/block-party/striping/#id=8127.1,https://safitwebapps.blob.core.windows.net/$web/Striping%20Drawings/R_Streets/Raymond%20Ave/Raymond%20Ave_Str-8127.1%20%28Alpha%20%20St%20to%20Bayshore%20Blvd%29.pdf,,,,,
high,7954,Revere Ave_Str-7954 (Newhall St to Jennings St).pdf,REVERE AVE,NEWHALL ST,JENNINGS ST,4,between,,yes,2026-07-23,https://civic-joy-fund.github.io/block-party/striping/#id=7954,https://safitwebapps.blob.core.windows.net/$web/Striping%20Drawings/R_Streets/Revere%20Ave/Revere%20Ave_Str-7954%20%28Newhall%20St%20to%20Jennings%20St%29.pdf,,,,,
high,7954.1,Revere Ave_Str-7954.1 (Jennings St to Fitch St).pdf,REVERE AVE,JENNINGS ST,FITCH ST,5,between,,yes,2024-08-15,https://civic-joy-fund.github.io/block-party/striping/#id=7954.1,https://safitwebapps.blob.core.windows.net/$web/Striping%20Drawings/R_Streets/Revere%20Ave/Revere%20Ave_Str-7954.1%20%28Jennings%20St%20to%20Fitch%20St%29.pdf,,,,,
high,7891,Rhode Island St_Str-7891 (20th st to 26th st).pdf,RHODE ISLAND ST,20TH ST,26TH ST,7,between,,yes,2026-09-09,https://civic-joy-fund.github.io/block-party/striping/#id=7891,https://safitwebapps.blob.core.windows.net/$web/Striping%20Drawings/R_Streets/Rhode%20Island%20st/Rhode%20Island%20St_Str-7891%20%2820th%20st%20to%2026th%20st%29.pdf,,,,,
high,7953,Richland Ave_STR-7953 (Arlington St to Andover St).pdf,RICHLAND AVE,ARLINGTON ST,ANDOVER ST,4,between,,yes,2025-11-04,https://civic-joy-fund.github.io/block-party/striping/#id=7953,https://safitwebapps.blob.core.windows.net/$web/Striping%20Drawings/R_Streets/Richland%20Ave/Richland%20Ave_STR-7953%20%28Arlington%20St%20to%20Andover%20St%29.pdf,,,,,
high,8236,Ringold St_Str-8236 (9th St to 8th St) rev2.pdf,RINGOLD ST,09TH ST,08TH ST,1,between,,yes,2024-08-15,https://civic-joy-fund.github.io/block-party/striping/#id=8236,https://safitwebapps.blob.core.windows.net/$web/Striping%20Drawings/R_Streets/Ringold%20St/Ringold%20St_Str-8236%20%289th%20St%20to%208th%20St%29%20rev2.pdf,,,,,
high,7622,Rivera st_str-7622 (Great Highway to 40th ave).pdf,RIVERA ST,GREAT HWY,40TH AVE,10,between,,yes,2025-02-11,https://civic-joy-fund.github.io/block-party/striping/#id=7622,https://safitwebapps.blob.core.windows.net/$web/Striping%20Drawings/R_Streets/Rivera%20St/Rivera%20st_str-7622%20%28Great%20Highway%20to%2040th%20ave%29.pdf,,,,,
high,7622.1,Rivera st_str-7622.1 (40th ave to 30th ave).pdf,RIVERA ST,40TH AVE,30TH AVE,13,between,,yes,2025-02-11,https://civic-joy-fund.github.io/block-party/striping/#id=7622.1,https://safitwebapps.blob.core.windows.net/$web/Striping%20Drawings/R_Streets/Rivera%20St/Rivera%20st_str-7622.1%20%2840th%20ave%20to%2030th%20ave%29.pdf,,,,,
high,7622.2,Rivera st_str-7622.2 (30th ave to 22nd ave).pdf,RIVERA ST,30TH AVE,22ND AVE,6,between,,yes,2024-08-15,https://civic-joy-fund.github.io/block-party/striping/#id=7622.2,https://safitwebapps.blob.core.windows.net/$web/Striping%20Drawings/R_Streets/Rivera%20St/Rivera%20st_str-7622.2%20%2830th%20ave%20to%2022nd%20ave%29.pdf,,,,,
high,7622.3,Rivera St_str-7622.3 (22nd Ave to 14th Ave).pdf,RIVERA ST,22ND AVE,14TH AVE,11,between,,yes,2025-11-06,https://civic-joy-fund.github.io/block-party/striping/#id=7622.3,https://safitwebapps.blob.core.windows.net/$web/Striping%20Drawings/R_Streets/Rivera%20St/Rivera%20St_str-7622.3%20%2822nd%20Ave%20to%2014th%20Ave%29.pdf,,,,,
high,8470,Rockridge Dr_Str-8470 (Radio Ter to Cragmont Ave)rev0.pdf,ROCKRIDGE DR,RADIO TER,CRAGMONT AVE,2,between,,yes,2024-09-04,https://civic-joy-fund.github.io/block-party/striping/#id=8470,https://safitwebapps.blob.core.windows.net/$web/Striping%20Drawings/R_Streets/Rockridge%20Dr/Rockridge%20Dr_Str-8470%20%28Radio%20Ter%20to%20Cragmont%20Ave%29rev0.pdf,,,,,
high,8356,Rolph St_STR-8356 (Mission St to Prague St).pdf,ROLPH ST,MISSION ST,PRAGUE ST,12,between,,yes,2024-09-07,https://civic-joy-fund.github.io/block-party/striping/#id=8356,https://safitwebapps.blob.core.windows.net/$web/Striping%20Drawings/R_Streets/Rolph%20St/Rolph%20St_STR-8356%20%28Mission%20St%20to%20Prague%20St%29.pdf,,,,,
high,8062,Roosevelt way_Str-8062 (17th St to Museum Way) rev5.pdf,ROOSEVELT WAY,17TH ST,MUSEUM WAY,10,between,,yes,2024-08-15,https://civic-joy-fund.github.io/block-party/striping/#id=8062,https://safitwebapps.blob.core.windows.net/$web/Striping%20Drawings/R_Streets/Roosevelt%20Way/Roosevelt%20way_Str-8062%20%2817th%20St%20to%20Museum%20Way%29%20rev5.pdf,,,,,
high,7772,Str-7772_Rossi Ave (Anza St to Turk St).pdf,ROSSI AVE,ANZA ST,TURK BLVD,2,between,,yes,2024-08-15,https://civic-joy-fund.github.io/block-party/striping/#id=7772,https://safitwebapps.blob.core.windows.net/$web/Striping%20Drawings/R_Streets/Rossi%20St/Str-7772_Rossi%20Ave%20%28Anza%20St%20to%20Turk%20St%29.pdf,,,,,
high,8407,Rossmoor Dr_Str-8407 (19th Ave to Junipero Serra Blvd).pdf,ROSSMOOR DR,19TH AVE,JUNIPERO SERRA BLVD,3,between,,yes,2025-09-25,https://civic-joy-fund.github.io/block-party/striping/#id=8407,https://safitwebapps.blob.core.windows.net/$web/Striping%20Drawings/R_Streets/Rossmoor%20Dr/Rossmoor%20Dr_Str-8407%20%2819th%20Ave%20to%20Junipero%20Serra%20Blvd%29.pdf,,,,,
high,8231,Rousseau St_STR-8231 (Alemany Blvd to San Jose Ave).pdf,ROUSSEAU ST,ALEMANY BLVD,SAN JOSE AVE,5,between,,yes,2024-08-15,https://civic-joy-fund.github.io/block-party/striping/#id=8231,https://safitwebapps.blob.core.windows.net/$web/Striping%20Drawings/R_Streets/Rousseau%20St/Rousseau%20St_STR-8231%20%28Alemany%20Blvd%20to%20San%20Jose%20Ave%29.pdf,,,,,
high,8306,Russia Ave_Str-8306 (Mission St to Munich St) Excelsior Neighborhood.pdf,RUSSIA AVE,MISSION ST,MUNICH ST,11,between,,yes,2025-08-02,https://civic-joy-fund.github.io/block-party/striping/#id=8306,https://safitwebapps.blob.core.windows.net/$web/Striping%20Drawings/R_Streets/Russia%20Ave/Russia%20Ave_Str-8306%20%28Mission%20St%20to%20Munich%20St%29%20Excelsior%20Neighborhood.pdf,,,,,
high,8376,Sacramento St STR-8376 (Arguello Blvd to Locust St).pdf,SACRAMENTO ST,ARGUELLO BLVD,LOCUST ST,4,between,,yes,2024-08-15,https://civic-joy-fund.github.io/block-party/striping/#id=8376,https://safitwebapps.blob.core.windows.net/$web/Striping%20Drawings/S_Streets/Sacramento%20st/Sacramento%20St%20STR-8376%20%28Arguello%20Blvd%20to%20Locust%20St%29.pdf,,,,,
high,8376.1,Sacramento St STR-8376.1 (Locust St to Baker St).pdf,SACRAMENTO ST,LOCUST ST,BAKER ST,5,between,,yes,2024-08-15,https://civic-joy-fund.github.io/block-party/striping/#id=8376.1,https://safitwebapps.blob.core.windows.net/$web/Striping%20Drawings/S_Streets/Sacramento%20st/Sacramento%20St%20STR-8376.1%20%28Locust%20St%20to%20Baker%20St%29.pdf,,,,,
high,8376.2,Sacramento St STR-8376.2 (Baker St to Fillmore St).pdf,SACRAMENTO ST,BAKER ST,FILLMORE ST,7,between,,yes,2026-02-06,https://civic-joy-fund.github.io/block-party/striping/#id=8376.2,https://safitwebapps.blob.core.windows.net/$web/Striping%20Drawings/S_Streets/Sacramento%20st/Sacramento%20St%20STR-8376.2%20%28Baker%20St%20to%20Fillmore%20St%29.pdf,,,,,
high,8376.3,Sacramento St STR-8376.3 (Fillmore St to Franklin St).pdf,SACRAMENTO ST,FILLMORE ST,FRANKLIN ST,7,between,,yes,2024-08-15,https://civic-joy-fund.github.io/block-party/striping/#id=8376.3,https://safitwebapps.blob.core.windows.net/$web/Striping%20Drawings/S_Streets/Sacramento%20st/Sacramento%20St%20STR-8376.3%20%28Fillmore%20St%20to%20Franklin%20St%29.pdf,,,,,
high,8376.4,Sacramento St STR-8376.4 (Franklin St to Leavenworth St).pdf,SACRAMENTO ST,FRANKLIN ST,LEAVENWORTH ST,9,between,,yes,2025-09-01,https://civic-joy-fund.github.io/block-party/striping/#id=8376.4,https://safitwebapps.blob.core.windows.net/$web/Striping%20Drawings/S_Streets/Sacramento%20st/Sacramento%20St%20STR-8376.4%20%28Franklin%20St%20to%20Leavenworth%20St%29.pdf,,,,,
high,8376.5,Sacramento St STR-8376.5 (Leavenworth St to Grant St).pdf,SACRAMENTO ST,LEAVENWORTH ST,GRANT AVE,18,between,,yes,2026-02-26,https://civic-joy-fund.github.io/block-party/striping/#id=8376.5,https://safitwebapps.blob.core.windows.net/$web/Striping%20Drawings/S_Streets/Sacramento%20st/Sacramento%20St%20STR-8376.5%20%28Leavenworth%20St%20to%20Grant%20St%29.pdf,,,,,
high,2514,Sacramento st_Str-2514 (Drumm St to Kearny St).pdf,SACRAMENTO ST,DRUMM ST,KEARNY ST,8,between,,yes,2026-04-28,https://civic-joy-fund.github.io/block-party/striping/#id=2514,https://safitwebapps.blob.core.windows.net/$web/Striping%20Drawings/S_Streets/Sacramento%20st/Sacramento%20st_Str-2514%20%28Drumm%20St%20to%20Kearny%20St%29.pdf,,,,,
high,8393,Sadowa St_Str-8393 (Orizaba St to San Jose Ave) rev1.pdf,SADOWA ST,ORIZABA AVE,SAN JOSE AVE,3,between,,yes,2024-08-15,https://civic-joy-fund.github.io/block-party/striping/#id=8393,https://safitwebapps.blob.core.windows.net/$web/Striping%20Drawings/S_Streets/Sadowa%20St/Sadowa%20St_Str-8393%20%28Orizaba%20St%20to%20San%20Jose%20Ave%29%20rev1.pdf,,,,,
high,7875,Sagamore St_STR-7875 (Brotherhood Way to San Jose Ave).pdf,SAGAMORE ST,BROTHERHOOD WAY,SAN JOSE AVE,6,between,,yes,2025-02-20,https://civic-joy-fund.github.io/block-party/striping/#id=7875,https://safitwebapps.blob.core.windows.net/$web/Striping%20Drawings/S_Streets/Sagamore%20St/Sagamore%20St_STR-7875%20%28Brotherhood%20Way%20to%20San%20Jose%20Ave%29.pdf,,,,,
high,8122,Saint Charles Ave_STR-8122 (Belle Ave to 19th Ave).pdf,SAINT CHARLES AVE,BELLE AVE,19TH AVE,3,between,,yes,2024-08-15,https://civic-joy-fund.github.io/block-party/striping/#id=8122,https://safitwebapps.blob.core.windows.net/$web/Striping%20Drawings/S_Streets/Saint%20Charles%20Ave/Saint%20Charles%20Ave_STR-8122%20%28Belle%20Ave%20to%2019th%20Ave%29.pdf,,,,,
high,7755,St.Joseph's Ave_Str-7755 (Turk St to Geary Blvd).pdf,SAINT JOSEPHS AVE,TURK ST,GEARY BLVD,4,between,,yes,2025-09-10,https://civic-joy-fund.github.io/block-party/striping/#id=7755,https://safitwebapps.blob.core.windows.net/$web/Striping%20Drawings/S_Streets/Saint%20Joseph%27s%20Ave/St.Joseph%27s%20Ave_Str-7755%20%28Turk%20St%20to%20Geary%20Blvd%29.pdf,,,,,
high,8232,Saint Mary's Ave_STR-8232 (Arlington St to Mission St).pdf,SAINT MARYS AVE,ARLINGTON ST,MISSION ST,4,between,,yes,2025-05-17,https://civic-joy-fund.github.io/block-party/striping/#id=8232,https://safitwebapps.blob.core.windows.net/$web/Striping%20Drawings/S_Streets/Saint%20Mary%27s%20Ave/Saint%20Mary%27s%20Ave_STR-8232%20%28Arlington%20St%20to%20Mission%20St%29.pdf,,,,,
high,8215,Salinas Ave_Str-8215 (Bayshore Blvd to 3rd St).pdf,SALINAS AVE,BAY SHORE BLVD,03RD ST,6,between,,yes,2024-08-15,https://civic-joy-fund.github.io/block-party/striping/#id=8215,https://safitwebapps.blob.core.windows.net/$web/Striping%20Drawings/S_Streets/Salinas%20Ave/Salinas%20Ave_Str-8215%20%28Bayshore%20Blvd%20to%203rd%20St%29.pdf,,,,,
high,8378,San Anselmo Ave_Str-8378 (Portola Dr to St Francis Blvd).pdf,SAN ANSELMO AVE,PORTOLA DR,SAINT FRANCIS BLVD,9,between,,yes,2024-08-15,https://civic-joy-fund.github.io/block-party/striping/#id=8378,https://safitwebapps.blob.core.windows.net/$web/Striping%20Drawings/S_Streets/San%20Anselmo/San%20Anselmo%20Ave_Str-8378%20%28Portola%20Dr%20to%20St%20Francis%20Blvd%29.pdf,,,,,
high,7908,San Benito Way-STR-7908 (Ocean to Monterey).pdf,SAN BENITO WAY,OCEAN AVE,MONTEREY BLVD,3,between,,yes,2026-06-23,https://civic-joy-fund.github.io/block-party/striping/#id=7908,https://safitwebapps.blob.core.windows.net/$web/Striping%20Drawings/S_Streets/San%20Benito%20Way/San%20Benito%20Way-STR-7908%20%28Ocean%20to%20Monterey%29.pdf,,,,,
high,817,San Bruno Ave_STR-817 (23rd St to 24th St).pdf,SAN BRUNO AVE,23RD ST,24TH ST,1,between,,yes,2024-08-15,https://civic-joy-fund.github.io/block-party/striping/#id=817,https://safitwebapps.blob.core.windows.net/$web/Striping%20Drawings/S_Streets/San%20Bruno%20ave/San%20Bruno%20Ave_STR-817%20%2823rd%20St%20to%2024th%20St%29.pdf,,,,,
high,8264,San Bruno Ave_STR-8264 (Arleta Ave to Wilde Ave).pdf,SAN BRUNO AVE,ARLETA AVE,WILDE AVE,9,between,,yes,2024-08-15,https://civic-joy-fund.github.io/block-party/striping/#id=8264,https://safitwebapps.blob.core.windows.net/$web/Striping%20Drawings/S_Streets/San%20Bruno%20ave/San%20Bruno%20Ave_STR-8264%20%28Arleta%20Ave%20to%20Wilde%20Ave%29.pdf,,,,,
high,8264.1,San Bruno Ave_STR-8264.1 (Wilde Ave to Mansell St).pdf,SAN BRUNO AVE,WILDE AVE,MANSELL ST,9,between,,yes,2024-08-15,https://civic-joy-fund.github.io/block-party/striping/#id=8264.1,https://safitwebapps.blob.core.windows.net/$web/Striping%20Drawings/S_Streets/San%20Bruno%20ave/San%20Bruno%20Ave_STR-8264.1%20%28Wilde%20Ave%20to%20Mansell%20St%29.pdf,,,,,
high,8264.2,San Bruno Ave_STR-8264.2 (Mansell St to Bacon St)rev4.pdf,SAN BRUNO AVE,MANSELL ST,BACON ST,8,between,,yes,2025-06-17,https://civic-joy-fund.github.io/block-party/striping/#id=8264.2,https://safitwebapps.blob.core.windows.net/$web/Striping%20Drawings/S_Streets/San%20Bruno%20ave/San%20Bruno%20Ave_STR-8264.2%20%28Mansell%20St%20to%20Bacon%20St%29rev4.pdf,,,,,
high,8264.3,San Bruno Ave_STR-8264.3 (Bacon St to Hale St).pdf,SAN BRUNO AVE,BACON ST,HALE ST,7,between,,yes,2024-08-15,https://civic-joy-fund.github.io/block-party/striping/#id=8264.3,https://safitwebapps.blob.core.windows.net/$web/Striping%20Drawings/S_Streets/San%20Bruno%20ave/San%20Bruno%20Ave_STR-8264.3%20%28Bacon%20St%20to%20Hale%20St%29.pdf,,,,,
high,8314,San Bruno Ave_STR-8314 (Division St to Mariposa St).pdf,SAN BRUNO AVE,DIVISION ST,MARIPOSA ST,5,between,,yes,2025-04-18,https://civic-joy-fund.github.io/block-party/striping/#id=8314,https://safitwebapps.blob.core.windows.net/$web/Striping%20Drawings/S_Streets/San%20Bruno%20ave/San%20Bruno%20Ave_STR-8314%20%28Division%20St%20to%20Mariposa%20St%29.pdf,,,,,
high,8379,San Carlos St_Str-8379 (21st St to Sycamore St).pdf,SAN CARLOS ST,21ST ST,SYCAMORE ST,4,between,,yes,2025-11-05,https://civic-joy-fund.github.io/block-party/striping/#id=8379,https://safitwebapps.blob.core.windows.net/$web/Striping%20Drawings/S_Streets/San%20Carlos%20St/San%20Carlos%20St_Str-8379%20%2821st%20St%20to%20Sycamore%20St%29.pdf,,,,,
high,7909,San Fernando Way_Str-7909 (Ocean Avenue to Portola Dr).pdf,SAN FERNANDO WAY,OCEAN AVE,PORTOLA DR,4,between,,yes,2024-08-15,https://civic-joy-fund.github.io/block-party/striping/#id=7909,https://safitwebapps.blob.core.windows.net/$web/Striping%20Drawings/S_Streets/San%20Fernando%20Way/San%20Fernando%20Way_Str-7909%20%28Ocean%20Avenue%20to%20Portola%20Dr%29.pdf,,,,,
high,6762.1,San Jose Ave_Str-6762.1 (Santa Rosa to Tingley).pdf,SAN JOSE AVE,SANTA ROSA AVE,TINGLEY ST,10,between,,yes,2026-05-06,https://civic-joy-fund.github.io/block-party/striping/#id=6762.1,https://safitwebapps.blob.core.windows.net/$web/Striping%20Drawings/S_Streets/San%20Jose%20Ave/San%20Jose%20Ave_Str-6762.1%20%28Santa%20Rosa%20to%20Tingley%29.pdf,,,,,
high,7682,San Jose Ave_STR-7682 (Rousseau St to Randall St).pdf,SAN JOSE AVE,ROUSSEAU ST,RANDALL ST,7,between,,yes,2024-08-15,https://civic-joy-fund.github.io/block-party/striping/#id=7682,https://safitwebapps.blob.core.windows.net/$web/Striping%20Drawings/S_Streets/San%20Jose%20Ave/San%20Jose%20Ave_STR-7682%20%28Rousseau%20St%20to%20Randall%20St%29.pdf,,,,,
high,7682.1,San Jose Ave_STR-7682.1 (Randall St to Guerrero St).pdf,SAN JOSE AVE,RANDALL ST,GUERRERO ST,13,between,,yes,2025-12-11,https://civic-joy-fund.github.io/block-party/striping/#id=7682.1,https://safitwebapps.blob.core.windows.net/$web/Striping%20Drawings/S_Streets/San%20Jose%20Ave/San%20Jose%20Ave_STR-7682.1%20%28Randall%20St%20to%20Guerrero%20St%29.pdf,,,,,
high,7791,San Jose Ave_Str-7791 (Alemany Blvd to Sadowa St).pdf,SAN JOSE AVE,ALEMANY BLVD,SADOWA ST,5,between,,yes,2025-04-22,https://civic-joy-fund.github.io/block-party/striping/#id=7791,https://safitwebapps.blob.core.windows.net/$web/Striping%20Drawings/S_Streets/San%20Jose%20Ave/San%20Jose%20Ave_Str-7791%20%28Alemany%20Blvd%20to%20Sadowa%20St%29.pdf,,,,,
high,7791.1,San Jose Ave_Str-7791.1 (Sadowa St to Lakeview Ave).pdf,SAN JOSE AVE,SADOWA ST,LAKEVIEW AVE,5,between,,yes,2025-12-03,https://civic-joy-fund.github.io/block-party/striping/#id=7791.1,https://safitwebapps.blob.core.windows.net/$web/Striping%20Drawings/S_Streets/San%20Jose%20Ave/San%20Jose%20Ave_Str-7791.1%20%28Sadowa%20St%20to%20Lakeview%20Ave%29.pdf,,,,,
high,8504.1,San Jose Ave_Str-8504.1 (Ocean Ave to Colonial Way).pdf,SAN JOSE AVE,OCEAN AVE,COLONIAL WAY,10,between,,yes,2026-06-23,https://civic-joy-fund.github.io/block-party/striping/#id=8504.1,https://safitwebapps.blob.core.windows.net/$web/Striping%20Drawings/S_Streets/San%20Jose%20Ave/San%20Jose%20Ave_Str-8504.1%20%28Ocean%20Ave%20to%20Colonial%20Way%29.pdf,,,,,
high,8504.2,San Jose Ave_Str-8504.2 (Colonial Way to Cotter St ).pdf,SAN JOSE AVE,COLONIAL WAY,COTTER ST,9,between,,yes,2025-10-28,https://civic-joy-fund.github.io/block-party/striping/#id=8504.2,https://safitwebapps.blob.core.windows.net/$web/Striping%20Drawings/S_Streets/San%20Jose%20Ave/San%20Jose%20Ave_Str-8504.2%20%28Colonial%20Way%20to%20Cotter%20St%20%29.pdf,,,,,
high,8449,San Leandro Way Str-8449 (Ocean Ave to Portola Dr.pdf,SAN LEANDRO WAY,OCEAN AVE,PORTOLA DR,4,between,,yes,2024-08-15,https://civic-joy-fund.github.io/block-party/striping/#id=8449,https://safitwebapps.blob.core.windows.net/$web/Striping%20Drawings/S_Streets/San%20Leandro%20Way/San%20Leandro%20Way%20Str-8449%20%28Ocean%20Ave%20to%20Portola%20Dr.pdf,,,,,
high,7905,San Pablo Ave_STR-7905 (Yerba Buena Ave  to Portola Dr) r1.pdf,SAN PABLO AVE,YERBA BUENA AVE,PORTOLA DR,3,between,,yes,2024-08-15,https://civic-joy-fund.github.io/block-party/striping/#id=7905,https://safitwebapps.blob.core.windows.net/$web/Striping%20Drawings/S_Streets/San%20Pablo%20Ave/San%20Pablo%20Ave_STR-7905%20%28Yerba%20Buena%20Ave%20%20to%20Portola%20Dr%29%20r1.pdf,,,,,
high,5137,Sanchez st_Str-5137 (Duboce St to Market St).pdf,SANCHEZ ST,DUBOCE AVE,MARKET ST,4,between,,yes,2026-01-07,https://civic-joy-fund.github.io/block-party/striping/#id=5137,https://safitwebapps.blob.core.windows.net/$web/Striping%20Drawings/S_Streets/Sanchez%20st/Sanchez%20st_Str-5137%20%28Duboce%20St%20to%20Market%20St%29.pdf,,,,,
high,5975,Sanchez st_Str-5975 (20th St to Liberty St).pdf,SANCHEZ ST,20TH ST,LIBERTY ST,2,between,,yes,2024-08-15,https://civic-joy-fund.github.io/block-party/striping/#id=5975,https://safitwebapps.blob.core.windows.net/$web/Striping%20Drawings/S_Streets/Sanchez%20st/Sanchez%20st_Str-5975%20%2820th%20St%20to%20Liberty%20St%29.pdf,,,,,
high,7831,Sanchez st_Str-7831 (Market St to19th St).pdf,SANCHEZ ST,MARKET ST,19TH ST,11,between,,yes,2024-12-31,https://civic-joy-fund.github.io/block-party/striping/#id=7831,https://safitwebapps.blob.core.windows.net/$web/Striping%20Drawings/S_Streets/Sanchez%20st/Sanchez%20st_Str-7831%20%28Market%20St%20to19th%20St%29.pdf,,,,,
high,7983,Sanchez St_Str-7983 (Randall St to Jersey St).pdf,SANCHEZ ST,RANDALL ST,JERSEY ST,12,between,,yes,2026-08-26,https://civic-joy-fund.github.io/block-party/striping/#id=7983,https://safitwebapps.blob.core.windows.net/$web/Striping%20Drawings/S_Streets/Sanchez%20st/Sanchez%20St_Str-7983%20%28Randall%20St%20to%20Jersey%20St%29.pdf,,,,,
high,7983.1,Sanchez St_Str-7983.1 (Jersey St to Cumberland St).pdf,SANCHEZ ST,JERSEY ST,CUMBERLAND ST,11,between,,yes,2026-08-21,https://civic-joy-fund.github.io/block-party/striping/#id=7983.1,https://safitwebapps.blob.core.windows.net/$web/Striping%20Drawings/S_Streets/Sanchez%20st/Sanchez%20St_Str-7983.1%20%28Jersey%20St%20to%20Cumberland%20St%29.pdf,,,,,
high,8489,Santa Ana Ave_STR-8489 (Ocean Ave to Portola Dr) rev0.pdf,SANTA ANA AVE,OCEAN AVE,PORTOLA DR,4,between,,yes,2025-05-10,https://civic-joy-fund.github.io/block-party/striping/#id=8489,https://safitwebapps.blob.core.windows.net/$web/Striping%20Drawings/S_Streets/Santa%20Ana%20Ave/Santa%20Ana%20Ave_STR-8489%20%28Ocean%20Ave%20to%20Portola%20Dr%29%20rev0.pdf,,,,,
high,7860,Santa Clara Ave_Str-7860 (Portola Dr to Monterey Blvd).pdf,SANTA CLARA AVE,PORTOLA DR,MONTEREY BLVD,5,between,,yes,2025-10-31,https://civic-joy-fund.github.io/block-party/striping/#id=7860,https://safitwebapps.blob.core.windows.net/$web/Striping%20Drawings/S_Streets/Santa%20Clara%20Ave/Santa%20Clara%20Ave_Str-7860%20%28Portola%20Dr%20to%20Monterey%20Blvd%29.pdf,,,,,
high,8269,Santa Rosa Ave_Str-8269 (San Jose Ave to Mission St).pdf,SANTA ROSA AVE,SAN JOSE AVE,MISSION ST,6,between,,yes,2026-07-21,https://civic-joy-fund.github.io/block-party/striping/#id=8269,https://safitwebapps.blob.core.windows.net/$web/Striping%20Drawings/S_Streets/Santa%20Rosa%20Ave/Santa%20Rosa%20Ave_Str-8269%20%28San%20Jose%20Ave%20to%20Mission%20St%29.pdf,,,,,
high,8108,Santa Ynez Ave_STR-8108 (Ocean Ave to San Jose Ave).pdf,SANTA YNEZ AVE,OCEAN AVE,SAN JOSE AVE,5,between,,yes,2026-09-30,https://civic-joy-fund.github.io/block-party/striping/#id=8108,https://safitwebapps.blob.core.windows.net/$web/Striping%20Drawings/S_Streets/Santa%20Ynez%20Ave/Santa%20Ynez%20Ave_STR-8108%20%28Ocean%20Ave%20to%20San%20Jose%20Ave%29.pdf,,,,,
high,7621,Santiago st_str-7621 (Great Highway to 40th ave).pdf,SANTIAGO ST,GREAT HWY,40TH AVE,10,between,,yes,2026-08-05,https://civic-joy-fund.github.io/block-party/striping/#id=7621,https://safitwebapps.blob.core.windows.net/$web/Striping%20Drawings/S_Streets/Santiago%20st/Santiago%20st_str-7621%20%28Great%20Highway%20to%2040th%20ave%29.pdf,,,,,
high,7621.1,Santiago st_str-7621.1 (40th ave to 30th ave).pdf,SANTIAGO ST,40TH AVE,30TH AVE,13,between,,yes,2026-08-07,https://civic-joy-fund.github.io/block-party/striping/#id=7621.1,https://safitwebapps.blob.core.windows.net/$web/Striping%20Drawings/S_Streets/Santiago%20st/Santiago%20st_str-7621.1%20%2840th%20ave%20to%2030th%20ave%29.pdf,,,,,
high,7621.2,Santiago st_str-7621.2 (30th ave to 22nd ave).pdf,SANTIAGO ST,30TH AVE,22ND AVE,9,between,,yes,2026-07-31,https://civic-joy-fund.github.io/block-party/striping/#id=7621.2,https://safitwebapps.blob.core.windows.net/$web/Striping%20Drawings/S_Streets/Santiago%20st/Santiago%20st_str-7621.2%20%2830th%20ave%20to%2022nd%20ave%29.pdf,,,,,
high,7621.3,Santiago st_str-7621.3 (22nd ave to 14th ave) .pdf,SANTIAGO ST,22ND AVE,14TH AVE,9,between,,yes,2025-11-06,https://civic-joy-fund.github.io/block-party/striping/#id=7621.3,https://safitwebapps.blob.core.windows.net/$web/Striping%20Drawings/S_Streets/Santiago%20st/Santiago%20st_str-7621.3%20%2822nd%20ave%20to%2014th%20ave%29%20.pdf,,,,,
high,8207,Santos St_Str-8207 (Geneva Ave to Sunnydale Ave).pdf,SANTOS ST,GENEVA AVE,SUNNYDALE AVE,4,between,,yes,2026-08-20,https://civic-joy-fund.github.io/block-party/striping/#id=8207,https://safitwebapps.blob.core.windows.net/$web/Striping%20Drawings/S_Streets/Santiago%20st/Santos%20St/Santos%20St_Str-8207%20%28Geneva%20Ave%20to%20Sunnydale%20Ave%29.pdf,,,,,
high,8153,Schwerin St_Str-8153 (Velasco Ave to Leland Ave).pdf,SCHWERIN ST,VELASCO AVE,LELAND AVE,7,between,,yes,2024-08-15,https://civic-joy-fund.github.io/block-party/striping/#id=8153,https://safitwebapps.blob.core.windows.net/$web/Striping%20Drawings/S_Streets/Schwerin%20St/Schwerin%20St_Str-8153%20%28Velasco%20Ave%20to%20Leland%20Ave%29.pdf,,,,,
high,8042,Scotia Ave_STR-8042 (Silver Ave to Thornton Ave ) rev2.pdf,SCOTIA AVE,SILVER AVE,THORNTON AVE,3,between,,yes,2024-08-15,https://civic-joy-fund.github.io/block-party/striping/#id=8042,https://safitwebapps.blob.core.windows.net/$web/Striping%20Drawings/S_Streets/Scotia%20Ave/Scotia%20Ave_STR-8042%20%28Silver%20Ave%20to%20Thornton%20Ave%20%29%20rev2.pdf,,,,,
high,2257,Scott st_Str-2257 (Prado).pdf,SCOTT ST,PRADO ST,,3,intersection,,yes,2024-08-15,https://civic-joy-fund.github.io/block-party/striping/#id=2257,https://safitwebapps.blob.core.windows.net/$web/Striping%20Drawings/S_Streets/Scott%20st/Scott%20st_Str-2257%20%28Prado%29.pdf,,,,,
high,7813,Scott St_Str-7813 (Duboce St to Grove St).pdf,SCOTT ST,DUBOCE AVE,GROVE ST,9,between,,yes,2026-09-17,https://civic-joy-fund.github.io/block-party/striping/#id=7813,https://safitwebapps.blob.core.windows.net/$web/Striping%20Drawings/S_Streets/Scott%20st/Scott%20St_Str-7813%20%28Duboce%20St%20to%20Grove%20St%29.pdf,,,,,
high,7813.1,Scott st_Str-7813.1 (Grove St to Geary St).pdf,SCOTT ST,GROVE ST,GEARY BLVD,11,between,,yes,2026-08-29,https://civic-joy-fund.github.io/block-party/striping/#id=7813.1,https://safitwebapps.blob.core.windows.net/$web/Striping%20Drawings/S_Streets/Scott%20st/Scott%20st_Str-7813.1%20%28Grove%20St%20to%20Geary%20St%29.pdf,,,,,
high,7644,Seal Rock_str-7644 (El Camino Del Mar to 45th ave ).pdf,SEAL ROCK DR,EL CAMINO DEL MAR,45TH AVE,2,between,,yes,2024-08-15,https://civic-joy-fund.github.io/block-party/striping/#id=7644,https://safitwebapps.blob.core.windows.net/$web/Striping%20Drawings/S_Streets/Seal%20Rock%20Dr/Seal%20Rock_str-7644%20%28El%20Camino%20Del%20Mar%20to%2045th%20ave%20%29.pdf,,,,,
high,4129.1,Str-4129.1 (Parking_Stalls Selby at Jerrold).pdf,SELBY ST,JERROLD AVE,,7,intersection,,yes,2024-08-15,https://civic-joy-fund.github.io/block-party/striping/#id=4129.1,https://safitwebapps.blob.core.windows.net/$web/Striping%20Drawings/S_Streets/Selby%20st/Str-4129.1%20%28Parking_Stalls%20Selby%20at%20Jerrold%29.pdf,,,,,
high,8070,Shafter Ave_STR-8070 (Industrial St to Jennings St)rev6.pdf,SHAFTER AVE,INDUSTRIAL ST,JENNINGS ST,5,between,,yes,2024-08-15,https://civic-joy-fund.github.io/block-party/striping/#id=8070,https://safitwebapps.blob.core.windows.net/$web/Striping%20Drawings/S_Streets/Shafter%20Ave/Shafter%20Ave_STR-8070%20%28Industrial%20St%20to%20Jennings%20St%29rev6.pdf,,,,,
high,8070.1,Shafter Ave_STR-8070.1 (Jennings St to Fitch St).pdf,SHAFTER AVE,JENNINGS ST,FITCH ST,5,between,,yes,2024-08-15,https://civic-joy-fund.github.io/block-party/striping/#id=8070.1,https://safitwebapps.blob.core.windows.net/$web/Striping%20Drawings/S_Streets/Shafter%20Ave/Shafter%20Ave_STR-8070.1%20%28Jennings%20St%20to%20Fitch%20St%29.pdf,,,,,
high,8368,Shannon St_STR-8368 (O'Farrell St to Post St).pdf,SHANNON ST,OFARRELL ST,POST ST,2,between,,yes,2024-08-15,https://civic-joy-fund.github.io/block-party/striping/#id=8368,https://safitwebapps.blob.core.windows.net/$web/Striping%20Drawings/S_Streets/Shannon%20St/Shannon%20St_STR-8368%20%28O%27Farrell%20St%20to%20Post%20St%29.pdf,,,,,
high,8254,Sharon St_Str-8254 (16th St to 15th St ).pdf,SHARON ST,16TH ST,15TH ST,1,between,,yes,2024-08-15,https://civic-joy-fund.github.io/block-party/striping/#id=8254,https://safitwebapps.blob.core.windows.net/$web/Striping%20Drawings/S_Streets/Sharon%20St/Sharon%20St_Str-8254%20%2816th%20St%20to%2015th%20St%20%29.pdf,,,,,
high,8248,Sheridan St_STR-8248 (9th St to 10th St).pdf,SHERIDAN ST,09TH ST,10TH ST,1,between,,yes,2025-09-03,https://civic-joy-fund.github.io/block-party/striping/#id=8248,https://safitwebapps.blob.core.windows.net/$web/Striping%20Drawings/S_Streets/Sheridan%20St/Sheridan%20St_STR-8248%20%289th%20St%20to%2010th%20St%29.pdf,,,,,
high,8082,Sherman St_STR-8082 (Folsom St to Harrison St).pdf,SHERMAN ST,FOLSOM ST,HARRISON ST,2,between,,yes,2024-08-15,https://civic-joy-fund.github.io/block-party/striping/#id=8082,https://safitwebapps.blob.core.windows.net/$web/Striping%20Drawings/S_Streets/Sherman%20St/Sherman%20St_STR-8082%20%28Folsom%20St%20to%20Harrison%20St%29.pdf,,,,,
high,8358,Shields St_STR-8358 (Junipero Serra Blvd to Bright St).pdf,SHIELDS ST,JUNIPERO SERRA BLVD,BRIGHT ST,12,between,,yes,2024-08-15,https://civic-joy-fund.github.io/block-party/striping/#id=8358,https://safitwebapps.blob.core.windows.net/$web/Striping%20Drawings/S_Streets/Shields%20St/Shields%20St_STR-8358%20%28Junipero%20Serra%20Blvd%20to%20Bright%20St%29.pdf,,,,,
high,8201.1,Shotwell St_STR-8201.1(24th St to 19th St).pdf,SHOTWELL ST,24TH ST,19TH ST,5,between,,yes,2026-10-02,https://civic-joy-fund.github.io/block-party/striping/#id=8201.1,https://safitwebapps.blob.core.windows.net/$web/Striping%20Drawings/S_Streets/Shotwell%20St/Shotwell%20St_STR-8201.1%2824th%20St%20to%2019th%20St%29.pdf,,,,,
high,7807,Shrader st_Str-7807 (Grove St to Fulton St).pdf,SHRADER ST,GROVE ST,FULTON ST,1,between,,yes,2024-08-15,https://civic-joy-fund.github.io/block-party/striping/#id=7807,https://safitwebapps.blob.core.windows.net/$web/Striping%20Drawings/S_Streets/Shrader%20st/Shrader%20st_Str-7807%20%28Grove%20St%20to%20Fulton%20St%29.pdf,,,,,
high,7652,Sickles Ave_STR-7652 (San Jose Ave to Mission St).pdf,SICKLES AVE,SAN JOSE AVE,MISSION ST,6,between,,yes,2025-02-05,https://civic-joy-fund.github.io/block-party/striping/#id=7652,https://safitwebapps.blob.core.windows.net/$web/Striping%20Drawings/S_Streets/Sickles%20Ave/Sickles%20Ave_STR-7652%20%28San%20Jose%20Ave%20to%20Mission%20St%29.pdf,,,,,
high,8102,Silliman_St-STR-8102 ( Valmar St to San Bruno Ave).pdf,SILLIMAN ST,VALMAR TER,SAN BRUNO AVE,19,between,,yes,2026-09-04,https://civic-joy-fund.github.io/block-party/striping/#id=8102,https://safitwebapps.blob.core.windows.net/$web/Striping%20Drawings/S_Streets/Silliman%20St/Silliman_St-STR-8102%20%28%20Valmar%20St%20to%20San%20Bruno%20Ave%29.pdf,,,,,
high,8126,Silver Ave_STR-8126 (Alemany Blvd to Vienna St).pdf,SILVER AVE,ALEMANY BLVD,VIENNA ST,11,between,,yes,2026-04-14,https://civic-joy-fund.github.io/block-party/striping/#id=8126,https://safitwebapps.blob.core.windows.net/$web/Striping%20Drawings/S_Streets/Silver%20Ave/Silver%20Ave_STR-8126%20%28Alemany%20Blvd%20to%20Vienna%20St%29.pdf,,,,,
high,8126.1,Silver Ave_Str-8126.1 (Vienna St to Dunsmuir St).pdf,SILVER AVE,VIENNA ST,DUNSMUIR ST,15,between,,yes,2024-08-15,https://civic-joy-fund.github.io/block-party/striping/#id=8126.1,https://safitwebapps.blob.core.windows.net/$web/Striping%20Drawings/S_Streets/Silver%20Ave/Silver%20Ave_Str-8126.1%20%28Vienna%20St%20to%20Dunsmuir%20St%29.pdf,,,,,
high,8126.2,Silver Ave_Str-8126.2 (Dunsmuir St to Charter Oak Ave).pdf,SILVER AVE,DUNSMUIR ST,CHARTER OAK AVE,18,between,,yes,2026-09-03,https://civic-joy-fund.github.io/block-party/striping/#id=8126.2,https://safitwebapps.blob.core.windows.net/$web/Striping%20Drawings/S_Streets/Silver%20Ave/Silver%20Ave_Str-8126.2%20%28Dunsmuir%20St%20to%20Charter%20Oak%20Ave%29.pdf,,,,,
high,8126.3,Silver Ave_Str-8126.3 (Charter Oak Ave to Palou Ave).pdf,SILVER AVE,CHARTER OAK AVE,PALOU AVE,13,between,,yes,2025-06-06,https://civic-joy-fund.github.io/block-party/striping/#id=8126.3,https://safitwebapps.blob.core.windows.net/$web/Striping%20Drawings/S_Streets/Silver%20Ave/Silver%20Ave_Str-8126.3%20%28Charter%20Oak%20Ave%20to%20Palou%20Ave%29.pdf,,,,,
high,,Sloat Blvd (22nd Ave to 19th Ave) CALTRANS.pdf,SLOAT BLVD,22ND AVE,19TH AVE,4,between,,yes,2024-08-15,https://civic-joy-fund.github.io/block-party/striping/#id=fbbb27b02baa,https://safitwebapps.blob.core.windows.net/$web/Striping%20Drawings/S_Streets/Sloat%20blvd/Sloat%20Blvd%20%2822nd%20Ave%20to%2019th%20Ave%29%20CALTRANS.pdf,,,,,
high,,Sloat Blvd (26th Ave to 22nd Ave) CALTRANS.pdf,SLOAT BLVD,26TH AVE,22ND AVE,7,between,,yes,2024-08-15,https://civic-joy-fund.github.io/block-party/striping/#id=88563a88d02d,https://safitwebapps.blob.core.windows.net/$web/Striping%20Drawings/S_Streets/Sloat%20blvd/Sloat%20Blvd%20%2826th%20Ave%20to%2022nd%20Ave%29%20CALTRANS.pdf,,,,,
high,,Sloat Blvd (Everglade to 20th Ave) - CALTRANS.pdf,SLOAT BLVD,EVERGLADE DR,20TH AVE,30,between,,yes,2024-08-15,https://civic-joy-fund.github.io/block-party/striping/#id=342028397936,https://safitwebapps.blob.core.windows.net/$web/Striping%20Drawings/S_Streets/Sloat%20blvd/Sloat%20Blvd%20%28Everglade%20to%2020th%20Ave%29%20-%20CALTRANS.pdf,,,,,
high,,Sloat Blvd (Skyline Blvd to 36th Ave) CALTRANS.pdf,SLOAT BLVD,SKYLINE BLVD,36TH AVE,2,between,,yes,2024-08-15,https://civic-joy-fund.github.io/block-party/striping/#id=d48b93bab70f,https://safitwebapps.blob.core.windows.net/$web/Striping%20Drawings/S_Streets/Sloat%20blvd/Sloat%20Blvd%20%28Skyline%20Blvd%20to%2036th%20Ave%29%20CALTRANS.pdf,,,,,
high,,Sloat Blvd (Sylvan Dr to 26th Ave) CALTRANS.pdf,SLOAT BLVD,SYLVAN DR,26TH AVE,12,between,,yes,2024-08-15,https://civic-joy-fund.github.io/block-party/striping/#id=c53dd4a7f3b2,https://safitwebapps.blob.core.windows.net/$web/Striping%20Drawings/S_Streets/Sloat%20blvd/Sloat%20Blvd%20%28Sylvan%20Dr%20to%2026th%20Ave%29%20CALTRANS.pdf,,,,,
high,7685.0,STR-7685.0_Sloat Blvd (Great Highway to 44th Av).pdf,SLOAT BLVD,GREAT HWY,44TH AVE,7,between,,yes,2026-09-03,https://civic-joy-fund.github.io/block-party/striping/#id=7685.0,https://safitwebapps.blob.core.windows.net/$web/Striping%20Drawings/S_Streets/Sloat%20blvd/STR-7685.0_Sloat%20Blvd%20%28Great%20Highway%20to%2044th%20Av%29.pdf,,,,,
high,7685.6,STR-7685.6_Sloat Blvd (19th Ave to West Portal).pdf,SLOAT BLVD,19TH AVE,WEST PORTAL AVE,7,between,,yes,2026-08-20,https://civic-joy-fund.github.io/block-party/striping/#id=7685.6,https://safitwebapps.blob.core.windows.net/$web/Striping%20Drawings/S_Streets/Sloat%20blvd/STR-7685.6_Sloat%20Blvd%20%2819th%20Ave%20to%20West%20Portal%29.pdf,,,,,
high,8529,Sotelo Ave_STR-8529 (9th Ave to Lopez Ave).pdf,SOTELO AVE,09TH AVE,LOPEZ AVE,3,between,,yes,2026-01-28,https://civic-joy-fund.github.io/block-party/striping/#id=8529,https://safitwebapps.blob.core.windows.net/$web/Striping%20Drawings/S_Streets/Sotelo%20Ave/Sotelo%20Ave_STR-8529%20%289th%20Ave%20to%20Lopez%20Ave%29.pdf,,,,,
high,8429,South Hill Blvd_Str-8429 (Geneva Ave to Canyon Dr) r1.pdf,SOUTH HILL BLVD,GENEVA AVE,CANYON DR,8,between,,yes,2024-08-15,https://civic-joy-fund.github.io/block-party/striping/#id=8429,https://safitwebapps.blob.core.windows.net/$web/Striping%20Drawings/S_Streets/South%20Hill%20Blvd/South%20Hill%20Blvd_Str-8429%20%28Geneva%20Ave%20to%20Canyon%20Dr%29%20r1.pdf,,,,,
high,5118,South Hill_Str-5118 (At Canyon Drive).pdf,SOUTH HILL BLVD,CANYON DR,,5,intersection,,yes,2024-08-15,https://civic-joy-fund.github.io/block-party/striping/#id=5118,https://safitwebapps.blob.core.windows.net/$web/Striping%20Drawings/S_Streets/South%20Hill%20Blvd/South%20Hill_Str-5118%20%28At%20Canyon%20Drive%29.pdf,,,,,
high,8316,"South Park St, STR-8316 (3rd St to 2nd St)r2_use this one.pdf",SOUTH PARK,03RD ST,02ND ST,6,between,,yes,2026-06-11,https://civic-joy-fund.github.io/block-party/striping/#id=8316,https://safitwebapps.blob.core.windows.net/$web/Striping%20Drawings/S_Streets/South%20Park%20St/South%20Park%20St%2C%20STR-8316%20%283rd%20St%20to%202nd%20St%29r2_use%20this%20one.pdf,,,,,
high,8109,South Van Ness_Str-8109 (Cesar Chavez to 23rd St).pdf,SOUTH VAN NESS AVE,CESAR CHAVEZ ST,23RD ST,4,between,,yes,2024-08-15,https://civic-joy-fund.github.io/block-party/striping/#id=8109,https://safitwebapps.blob.core.windows.net/$web/Striping%20Drawings/S_Streets/South%20Van%20Ness%20ave/South%20Van%20Ness_Str-8109%20%28Cesar%20Chavez%20to%2023rd%20St%29.pdf,,,,,
high,8109.1,South Van Ness_Str-8109.1 (23rd St to 18th St).pdf,SOUTH VAN NESS AVE,23RD ST,18TH ST,5,between,,yes,2025-09-18,https://civic-joy-fund.github.io/block-party/striping/#id=8109.1,https://safitwebapps.blob.core.windows.net/$web/Striping%20Drawings/S_Streets/South%20Van%20Ness%20ave/South%20Van%20Ness_Str-8109.1%20%2823rd%20St%20to%2018th%20St%29.pdf,,,,,
high,8109.2,South Van Ness_Str-8109.2 (18th St to 13th St).pdf,SOUTH VAN NESS AVE,18TH ST,13TH ST,11,between,,yes,2025-04-02,https://civic-joy-fund.github.io/block-party/striping/#id=8109.2,https://safitwebapps.blob.core.windows.net/$web/Striping%20Drawings/S_Streets/South%20Van%20Ness%20ave/South%20Van%20Ness_Str-8109.2%20%2818th%20St%20to%2013th%20St%29.pdf,,,,,
high,8513,South Van Ness_Str-8513 (13th St to Market St).pdf,SOUTH VAN NESS AVE,13TH ST,MARKET ST,10,between,,yes,2025-12-09,https://civic-joy-fund.github.io/block-party/striping/#id=8513,https://safitwebapps.blob.core.windows.net/$web/Striping%20Drawings/S_Streets/South%20Van%20Ness%20ave/South%20Van%20Ness_Str-8513%20%2813th%20St%20to%20Market%20St%29.pdf,,,,,
high,7893,Southern Heights Ave_Str-7893 (Rhode Island St to Carolina St).pdf,SOUTHERN HEIGHTS AVE,RHODE ISLAND ST,CAROLINA ST,2,between,,yes,2024-08-15,https://civic-joy-fund.github.io/block-party/striping/#id=7893,https://safitwebapps.blob.core.windows.net/$web/Striping%20Drawings/S_Streets/Southern%20Heights%20Ave/Southern%20Heights%20Ave_Str-7893%20%28Rhode%20Island%20St%20to%20Carolina%20St%29.pdf,,,,,
high,8527,Southwood Dr_STR-8527 (Elmwood Way to San Ramon Way).pdf,SOUTHWOOD DR,ELMWOOD WAY,SAN RAMON WAY,5,between,,yes,2026-07-22,https://civic-joy-fund.github.io/block-party/striping/#id=8527,https://safitwebapps.blob.core.windows.net/$web/Striping%20Drawings/S_Streets/Southwood%20Dr/Southwood%20Dr_STR-8527%20%28Elmwood%20Way%20to%20San%20Ramon%20Way%29.pdf,,,,,
high,8178,Spruce St_Str-8178 (Anza St to Sacramento St).pdf,SPRUCE ST,ANZA ST,SACRAMENTO ST,6,between,,yes,2025-12-03,https://civic-joy-fund.github.io/block-party/striping/#id=8178,https://safitwebapps.blob.core.windows.net/$web/Striping%20Drawings/S_Streets/Spruce%20St/Spruce%20St_Str-8178%20%28Anza%20St%20to%20Sacramento%20St%29.pdf,,,,,
high,8178.1,Spruce St_Str-8178.1 (Sacramento St to Pacific Ave).pdf,SPRUCE ST,SACRAMENTO ST,PACIFIC AVE,4,between,,yes,2025-12-03,https://civic-joy-fund.github.io/block-party/striping/#id=8178.1,https://safitwebapps.blob.core.windows.net/$web/Striping%20Drawings/S_Streets/Spruce%20St/Spruce%20St_Str-8178.1%20%28Sacramento%20St%20to%20Pacific%20Ave%29.pdf,,,,,
high,7993,Stanyan St_STR-7993 (Belgrave St to Frederick St).pdf,STANYAN ST,BELGRAVE AVE,FREDERICK ST,9,between,,yes,2026-09-02,https://civic-joy-fund.github.io/block-party/striping/#id=7993,https://safitwebapps.blob.core.windows.net/$web/Striping%20Drawings/S_Streets/Stanyan%20st/Stanyan%20St_STR-7993%20%28Belgrave%20St%20to%20Frederick%20St%29.pdf,,,,,
high,7993.1,Stanyan St_STR-7993.1 (Frederick St to Hayes St).pdf,STANYAN ST,FREDERICK ST,HAYES ST,10,between,,yes,2026-08-26,https://civic-joy-fund.github.io/block-party/striping/#id=7993.1,https://safitwebapps.blob.core.windows.net/$web/Striping%20Drawings/S_Streets/Stanyan%20st/Stanyan%20St_STR-7993.1%20%28Frederick%20St%20to%20Hayes%20St%29.pdf,,,,,
high,7867,Staples Ave_STR-7867 (Hazelwood Ave to Circular Ave).pdf,STAPLES AVE,HAZELWOOD AVE,CIRCULAR AVE,6,between,,yes,2024-08-15,https://civic-joy-fund.github.io/block-party/striping/#id=7867,https://safitwebapps.blob.core.windows.net/$web/Striping%20Drawings/S_Streets/Staples%20Ave/Staples%20Ave_STR-7867%20%28Hazelwood%20Ave%20to%20Circular%20Ave%29.pdf,,,,,
high,7665,Str-7665_states st (Levant St to Castro St).pdf,STATES ST,LEVANT ST,CASTRO ST,1,between,,yes,2024-08-15,https://civic-joy-fund.github.io/block-party/striping/#id=7665,https://safitwebapps.blob.core.windows.net/$web/Striping%20Drawings/S_Streets/States%20st/Str-7665_states%20st%20%28Levant%20St%20to%20Castro%20St%29.pdf,,,,,
high,7897,Steiner St_Str-7897(Duboce St to Hayes St).pdf,STEINER ST,DUBOCE AVE,HAYES ST,10,between,,yes,2025-02-11,https://civic-joy-fund.github.io/block-party/striping/#id=7897,https://safitwebapps.blob.core.windows.net/$web/Striping%20Drawings/S_Streets/Steiner%20st/Steiner%20St_Str-7897%28Duboce%20St%20to%20Hayes%20St%29.pdf,,,,,
high,7897.1,Steiner St_Str-7897.1 (Hayes St to Ellis St).pdf,STEINER ST,HAYES ST,ELLIS ST,9,between,,yes,2026-09-29,https://civic-joy-fund.github.io/block-party/striping/#id=7897.1,https://safitwebapps.blob.core.windows.net/$web/Striping%20Drawings/S_Streets/Steiner%20st/Steiner%20St_Str-7897.1%20%28Hayes%20St%20to%20Ellis%20St%29.pdf,,,,,
high,7897.2,Steiner St_Str-7897.2 (Ellis St to California St).pdf,STEINER ST,ELLIS ST,CALIFORNIA ST,11,between,,yes,2025-10-31,https://civic-joy-fund.github.io/block-party/striping/#id=7897.2,https://safitwebapps.blob.core.windows.net/$web/Striping%20Drawings/S_Streets/Steiner%20st/Steiner%20St_Str-7897.2%20%28Ellis%20St%20to%20California%20St%29.pdf,,,,,
high,7897.3,Steiner st_Str-7897.3 (California St to Vallejo St).pdf,STEINER ST,CALIFORNIA ST,VALLEJO ST,10,between,,yes,2026-10-01,https://civic-joy-fund.github.io/block-party/striping/#id=7897.3,https://safitwebapps.blob.core.windows.net/$web/Striping%20Drawings/S_Streets/Steiner%20st/Steiner%20st_Str-7897.3%20%28California%20St%20to%20Vallejo%20St%29.pdf,,,,,
high,7897.4,Steiner st_Str-7897.4 (Vallejo St to Chestnut St).pdf,STEINER ST,VALLEJO ST,CHESTNUT ST,9,between,,yes,2025-07-09,https://civic-joy-fund.github.io/block-party/striping/#id=7897.4,https://safitwebapps.blob.core.windows.net/$web/Striping%20Drawings/S_Streets/Steiner%20st/Steiner%20st_Str-7897.4%20%28Vallejo%20St%20to%20Chestnut%20St%29.pdf,,,,,
high,7607,Steuart st_Str-7607 (Market to Howard) rev8.pdf,STEUART ST,MARKET ST,HOWARD ST,3,between,,yes,2024-08-15,https://civic-joy-fund.github.io/block-party/striping/#id=7607,https://safitwebapps.blob.core.windows.net/$web/Striping%20Drawings/S_Streets/Steuart%20st/Steuart%20st_Str-7607%20%28Market%20to%20Howard%29%20rev8.pdf,,,,,
high,8009,Stevenson St_Str-8009 ( Duboce Ave to McCoppin St).pdf,STEVENSON ST,DUBOCE AVE,MCCOPPIN ST,1,between,,yes,2024-08-15,https://civic-joy-fund.github.io/block-party/striping/#id=8009,https://safitwebapps.blob.core.windows.net/$web/Striping%20Drawings/S_Streets/Stevenson%20St/Stevenson%20St_Str-8009%20%28%20Duboce%20Ave%20to%20McCoppin%20St%29.pdf,,,,,
high,8009.2,Stevenson St_Str-8009.2 (8th St to 5th St).pdf,STEVENSON ST,08TH ST,05TH ST,2,between,,yes,2026-05-06,https://civic-joy-fund.github.io/block-party/striping/#id=8009.2,https://safitwebapps.blob.core.windows.net/$web/Striping%20Drawings/S_Streets/Stevenson%20St/Stevenson%20St_Str-8009.2%20%288th%20St%20to%205th%20St%29.pdf,,,,,
high,4820.1,Stockton St_Str-4820.1 (Sacramento St to Green St).pdf,STOCKTON ST,SACRAMENTO ST,GREEN ST,10,between,,yes,2024-09-17,https://civic-joy-fund.github.io/block-party/striping/#id=4820.1,https://safitwebapps.blob.core.windows.net/$web/Striping%20Drawings/S_Streets/Stockton%20st/Stockton%20St_Str-4820.1%20%28Sacramento%20St%20to%20Green%20St%29.pdf,,,,,
high,7924,Stockton St_Str-7924 (Market St to California St).pdf,STOCKTON ST,MARKET ST,CALIFORNIA ST,9,between,,yes,2024-08-15,https://civic-joy-fund.github.io/block-party/striping/#id=7924,https://safitwebapps.blob.core.windows.net/$web/Striping%20Drawings/S_Streets/Stockton%20st/Stockton%20St_Str-7924%20%28Market%20St%20to%20California%20St%29.pdf,,,,,
high,8086,Stoneman St_Str-8086 (Bonview St to Folsom St).pdf,STONEMAN ST,BONVIEW ST,FOLSOM ST,3,between,,yes,2024-08-15,https://civic-joy-fund.github.io/block-party/striping/#id=8086,https://safitwebapps.blob.core.windows.net/$web/Striping%20Drawings/S_Streets/Stoneman%20St/Stoneman%20St_Str-8086%20%28Bonview%20St%20to%20Folsom%20St%29.pdf,,,,,
high,8494,Stratford Dr_STR-8494 (Junipero Serra Blvd to Lyndhurst Dr).pdf,STRATFORD DR,JUNIPERO SERRA BLVD,LYNDHURST DR,5,between,,yes,2026-06-12,https://civic-joy-fund.github.io/block-party/striping/#id=8494,https://safitwebapps.blob.core.windows.net/$web/Striping%20Drawings/S_Streets/Stratford%20Dr/Stratford%20Dr_STR-8494%20%28Junipero%20Serra%20Blvd%20to%20Lyndhurst%20Dr%29.pdf,,,,,
high,2987.1,Sunnydale Ave_STR-2987.1 (Santos St to Bayshore Blvd).pdf,SUNNYDALE AVE,SANTOS ST,BAY SHORE BLVD,14,between,,yes,2026-07-23,https://civic-joy-fund.github.io/block-party/striping/#id=2987.1,https://safitwebapps.blob.core.windows.net/$web/Striping%20Drawings/S_Streets/Sunnydale%20Dr/Sunnydale%20Ave_STR-2987.1%20%28Santos%20St%20to%20Bayshore%20Blvd%29.pdf,,,,,
high,8505.2,Sunset Blvd_Str-8505.2 (Santiago St to Ortega St).pdf,SUNSET BLVD,SANTIAGO ST,ORTEGA ST,8,between,,yes,2026-02-15,https://civic-joy-fund.github.io/block-party/striping/#id=8505.2,https://safitwebapps.blob.core.windows.net/$web/Striping%20Drawings/S_Streets/Sunset%20blvd/Sunset%20Blvd_Str-8505.2%20%28Santiago%20St%20to%20Ortega%20St%29.pdf,,,,,
high,8505.3,Sunset Blvd_Str-8505.3 (Ortega St to Kirkham St).pdf,SUNSET BLVD,ORTEGA ST,KIRKHAM ST,8,between,,yes,2026-02-15,https://civic-joy-fund.github.io/block-party/striping/#id=8505.3,https://safitwebapps.blob.core.windows.net/$web/Striping%20Drawings/S_Streets/Sunset%20blvd/Sunset%20Blvd_Str-8505.3%20%28Ortega%20St%20to%20Kirkham%20St%29.pdf,,,,,
high,8136,Sussex St_STR-8136 (Diamond Heights Blvd to Ohlone Way).pdf,SUSSEX ST,DIAMOND HEIGHTS BLVD,OHLONE WAY,6,between,,yes,2024-11-21,https://civic-joy-fund.github.io/block-party/striping/#id=8136,https://safitwebapps.blob.core.windows.net/$web/Striping%20Drawings/S_Streets/Sussex%20St/Sussex%20St_STR-8136%20%28Diamond%20Heights%20Blvd%20to%20Ohlone%20Way%29.pdf,,,,,
high,8136.1,Sussex St_STR-8136.1 (Ohlone Way to Castro St).pdf,SUSSEX ST,OHLONE WAY,CASTRO ST,4,between,,yes,2024-08-15,https://civic-joy-fund.github.io/block-party/striping/#id=8136.1,https://safitwebapps.blob.core.windows.net/$web/Striping%20Drawings/S_Streets/Sussex%20St/Sussex%20St_STR-8136.1%20%28Ohlone%20Way%20to%20Castro%20St%29.pdf,,,,,
high,7606,Sutter st_Str-7606 (Presidio Ave to Fillmore St).pdf,SUTTER ST,PRESIDIO AVE,FILLMORE ST,10,between,,yes,2026-05-27,https://civic-joy-fund.github.io/block-party/striping/#id=7606,https://safitwebapps.blob.core.windows.net/$web/Striping%20Drawings/S_Streets/Sutter%20st/Sutter%20st_Str-7606%20%28Presidio%20Ave%20to%20Fillmore%20St%29.pdf,,,,,
high,7606.1,Sutter st_Str-7606.1 (Fillmore St to Gough St).pdf,SUTTER ST,FILLMORE ST,GOUGH ST,6,between,,yes,2026-01-21,https://civic-joy-fund.github.io/block-party/striping/#id=7606.1,https://safitwebapps.blob.core.windows.net/$web/Striping%20Drawings/S_Streets/Sutter%20st/Sutter%20st_Str-7606.1%20%28Fillmore%20St%20to%20Gough%20St%29.pdf,,,,,
high,7606.2,Sutter st_Str-7606.2 (Gough St to Taylor St).pdf,SUTTER ST,GOUGH ST,TAYLOR ST,10,between,,yes,2026-03-03,https://civic-joy-fund.github.io/block-party/striping/#id=7606.2,https://safitwebapps.blob.core.windows.net/$web/Striping%20Drawings/S_Streets/Sutter%20st/Sutter%20st_Str-7606.2%20%28Gough%20St%20to%20Taylor%20St%29.pdf,,,,,
high,7606.3,Sutter st_Str-7606.3 (Taylor St to Market St).pdf,SUTTER ST,TAYLOR ST,MARKET ST,12,between,,yes,2026-06-04,https://civic-joy-fund.github.io/block-party/striping/#id=7606.3,https://safitwebapps.blob.core.windows.net/$web/Striping%20Drawings/S_Streets/Sutter%20st/Sutter%20st_Str-7606.3%20%28Taylor%20St%20to%20Market%20St%29.pdf,,,,,
high,8084,Taraval st_str-8084 (Great Highway to 40th Ave).pdf,TARAVAL ST,GREAT HWY,40TH AVE,9,between,,yes,2026-02-06,https://civic-joy-fund.github.io/block-party/striping/#id=8084,https://safitwebapps.blob.core.windows.net/$web/Striping%20Drawings/T_Streets/Taraval%20St/Taraval%20st_str-8084%20%28Great%20Highway%20to%2040th%20Ave%29.pdf,,,,,
high,8084.1,Taraval st_str-8084.1 (40th Ave to 31st Ave).pdf,TARAVAL ST,40TH AVE,31ST AVE,12,between,,yes,2026-07-08,https://civic-joy-fund.github.io/block-party/striping/#id=8084.1,https://safitwebapps.blob.core.windows.net/$web/Striping%20Drawings/T_Streets/Taraval%20St/Taraval%20st_str-8084.1%20%2840th%20Ave%20to%2031st%20Ave%29.pdf,,,,,
high,8084.2,Taraval St_str-8084.2 (31st Ave to 22nd Ave).pdf,TARAVAL ST,31ST AVE,22ND AVE,11,between,,yes,2025-09-03,https://civic-joy-fund.github.io/block-party/striping/#id=8084.2,https://safitwebapps.blob.core.windows.net/$web/Striping%20Drawings/T_Streets/Taraval%20St/Taraval%20St_str-8084.2%20%2831st%20Ave%20to%2022nd%20Ave%29.pdf,,,,,
high,8084.3,Taraval St_str-8084.3 (22nd Ave to 14th Ave).pdf,TARAVAL ST,22ND AVE,14TH AVE,10,between,,yes,2025-09-03,https://civic-joy-fund.github.io/block-party/striping/#id=8084.3,https://safitwebapps.blob.core.windows.net/$web/Striping%20Drawings/T_Streets/Taraval%20St/Taraval%20St_str-8084.3%20%2822nd%20Ave%20to%2014th%20Ave%29.pdf,,,,,
high,8084.4,Taraval st_str-8084.4 (14th Ave to Claremont Blvd ).pdf,TARAVAL ST,14TH AVE,CLAREMONT BLVD,8,between,,yes,2025-03-08,https://civic-joy-fund.github.io/block-party/striping/#id=8084.4,https://safitwebapps.blob.core.windows.net/$web/Striping%20Drawings/T_Streets/Taraval%20St/Taraval%20st_str-8084.4%20%2814th%20Ave%20to%20Claremont%20Blvd%20%29.pdf,,,,,
high,8340,Taylor St_STR-8340 (Market St to Sutter St).pdf,TAYLOR ST,MARKET ST,SUTTER ST,13,between,,yes,2026-09-29,https://civic-joy-fund.github.io/block-party/striping/#id=8340,https://safitwebapps.blob.core.windows.net/$web/Striping%20Drawings/T_Streets/Taylor%20St/Taylor%20St_STR-8340%20%28Market%20St%20to%20Sutter%20St%29.pdf,,,,,
high,8340.1,Taylor St_STR-8340.1(Sutter St to Jackson St).pdf,TAYLOR ST,SUTTER ST,JACKSON ST,13,between,,yes,2026-08-11,https://civic-joy-fund.github.io/block-party/striping/#id=8340.1,https://safitwebapps.blob.core.windows.net/$web/Striping%20Drawings/T_Streets/Taylor%20St/Taylor%20St_STR-8340.1%28Sutter%20St%20to%20Jackson%20St%29.pdf,,,,,
high,8340.2,Taylor St_STR-8340.2 (Jackson St to Greenwich St).pdf,TAYLOR ST,JACKSON ST,GREENWICH ST,14,between,,yes,2026-10-01,https://civic-joy-fund.github.io/block-party/striping/#id=8340.2,https://safitwebapps.blob.core.windows.net/$web/Striping%20Drawings/T_Streets/Taylor%20St/Taylor%20St_STR-8340.2%20%28Jackson%20St%20to%20Greenwich%20St%29.pdf,,,,,
high,7566,Telegraph Hill Blvd_str-7566 (Kearny st to Greenwich st) see M.Tsai 2021-08-02.pdf,TELEGRAPH HILL BLVD,KEARNY ST,GREENWICH ST,2,between,,yes,2024-08-15,https://civic-joy-fund.github.io/block-party/striping/#id=7566,https://safitwebapps.blob.core.windows.net/$web/Striping%20Drawings/T_Streets/Telegraph%20Hill%20Blvd/Telegraph%20Hill%20Blvd_str-7566%20%28Kearny%20st%20to%20Greenwich%20st%29%20see%20M.Tsai%202021-08-02.pdf,,,,,
high,8492,Tennessee St_Str-8492 (18th St to 20th St).pdf,TENNESSEE ST,18TH ST,20TH ST,2,between,,yes,2026-05-06,https://civic-joy-fund.github.io/block-party/striping/#id=8492,https://safitwebapps.blob.core.windows.net/$web/Striping%20Drawings/T_Streets/Tennessee%20St/Tennessee%20St_Str-8492%20%2818th%20St%20to%2020th%20St%29.pdf,,,,,
high,1679.3,3_Teresita Blvd_str-1679.3 (Los Palmos dr to Stillings ave).pdf,TERESITA BLVD,LOS PALMOS DR,STILLINGS AVE,1,between,,yes,2024-08-15,https://civic-joy-fund.github.io/block-party/striping/#id=1679.3,https://safitwebapps.blob.core.windows.net/$web/Striping%20Drawings/F_Streets/Foerster%20St%20at%20Teresita%20Blvd/3_Teresita%20Blvd_str-1679.3%20%28Los%20Palmos%20dr%20to%20Stillings%20ave%29.pdf,,,,,
high,8256.1,Teresita Blvd Str-8256.1 (West Foerster St to Gaviota Way) rev1.pdf,TERESITA BLVD,FOERSTER ST,GAVIOTA WAY,9,between,,yes,2024-08-15,https://civic-joy-fund.github.io/block-party/striping/#id=8256.1,https://safitwebapps.blob.core.windows.net/$web/Striping%20Drawings/T_Streets/Teresita%20Blvd/Teresita%20Blvd%20Str-8256.1%20%28West%20Foerster%20St%20to%20Gaviota%20Way%29%20rev1.pdf,,,,,
high,8256.2,Teresita Blvd Str-8256.2 (Gaviota Way to Portola Dr) r5.pdf,TERESITA BLVD,GAVIOTA WAY,PORTOLA DR,11,between,,yes,2024-08-24,https://civic-joy-fund.github.io/block-party/striping/#id=8256.2,https://safitwebapps.blob.core.windows.net/$web/Striping%20Drawings/T_Streets/Teresita%20Blvd/Teresita%20Blvd%20Str-8256.2%20%28Gaviota%20Way%20to%20Portola%20Dr%29%20r5.pdf,,,,,
high,8297,Texas St_Str-8297 (22nd St to17th St) r2.pdf,TEXAS ST,22ND ST,17TH ST,6,between,,yes,2024-08-15,https://civic-joy-fund.github.io/block-party/striping/#id=8297,https://safitwebapps.blob.core.windows.net/$web/Striping%20Drawings/T_Streets/Texas%20St/Texas%20St_Str-8297%20%2822nd%20St%20to17th%20St%29%20r2.pdf,,,,,
high,8071.1,Thomas Ave_Str-8071.1 (Keith St to Griffith St).pdf,THOMAS AVE,KEITH ST,GRIFFITH ST,4,between,,yes,2024-08-15,https://civic-joy-fund.github.io/block-party/striping/#id=8071.1,https://safitwebapps.blob.core.windows.net/$web/Striping%20Drawings/T_Streets/Thomas%20Ave/Thomas%20Ave_Str-8071.1%20%28Keith%20St%20to%20Griffith%20St%29.pdf,,,,,
high,7952,Thornton Ave_str-7952 (Bay Shore Blvd to 3rd St).pdf,THORNTON AVE,BAY SHORE BLVD,03RD ST,17,between,,yes,2025-11-05,https://civic-joy-fund.github.io/block-party/striping/#id=7952,https://safitwebapps.blob.core.windows.net/$web/Striping%20Drawings/T_Streets/Thornton%20Ave/Thornton%20Ave_str-7952%20%28Bay%20Shore%20Blvd%20to%203rd%20St%29.pdf,,,,,
high,7688,Str-7688_Tiffany ave (29th St to Duncan St).pdf,TIFFANY AVE,29TH ST,DUNCAN ST,2,between,,yes,2024-08-15,https://civic-joy-fund.github.io/block-party/striping/#id=7688,https://safitwebapps.blob.core.windows.net/$web/Striping%20Drawings/T_Streets/Tiffany%20Ave/Str-7688_Tiffany%20ave%20%2829th%20St%20to%20Duncan%20St%29.pdf,,,,,
high,5706,Topeka ave_str-5706 (Silver ave to Maddux ave).pdf,TOPEKA AVE,SILVER AVE,MADDUX AVE,2,between,,yes,2024-08-15,https://civic-joy-fund.github.io/block-party/striping/#id=5706,https://safitwebapps.blob.core.windows.net/$web/Striping%20Drawings/T_Streets/Topeka%20Ave/Topeka%20ave_str-5706%20%28Silver%20ave%20to%20Maddux%20ave%29.pdf,,,,,
high,8281,1-Townsend St_Str-8281 (Division St to 4th St)R.pdf,TOWNSEND ST,DIVISION ST,04TH ST,7,between,,yes,2024-10-05,https://civic-joy-fund.github.io/block-party/striping/#id=8281,https://safitwebapps.blob.core.windows.net/$web/Striping%20Drawings/T_Streets/Townsend%20St/1-Townsend%20St_Str-8281%20%28Division%20St%20to%204th%20St%29R.pdf,,,,,
high,8152,Transverse Dr_STR-8152 (Martin Luther King Jr Dr to Crossover Dr)r4.pdf,TRANSVERSE DR,MARTIN LUTHER KING JR DR,CROSSOVER DR,4,between,,yes,2024-08-15,https://civic-joy-fund.github.io/block-party/striping/#id=8152,https://safitwebapps.blob.core.windows.net/$web/Striping%20Drawings/T_Streets/Transverse%20Dr/Transverse%20Dr_STR-8152%20%28Martin%20Luther%20King%20Jr%20Dr%20to%20Crossover%20Dr%29r4.pdf,,,,,
high,8381,Trumbull St_STR-8381 (Mission St to Cambridge St).pdf,TRUMBULL ST,MISSION ST,CAMBRIDGE ST,6,between,,yes,2026-04-03,https://civic-joy-fund.github.io/block-party/striping/#id=8381,https://safitwebapps.blob.core.windows.net/$web/Striping%20Drawings/T_Streets/Trumbull%20St/Trumbull%20St_STR-8381%20%28Mission%20St%20to%20Cambridge%20St%29.pdf,,,,,
high,8531,Tucker Ave_STR-8531 (Delta St to Alpha St).pdf,TUCKER AVE,DELTA ST,ALPHA ST,2,between,,yes,2026-04-23,https://civic-joy-fund.github.io/block-party/striping/#id=8531,https://safitwebapps.blob.core.windows.net/$web/Striping%20Drawings/T_Streets/Tucker%20Ave/Tucker%20Ave_STR-8531%20%28Delta%20St%20to%20Alpha%20St%29.pdf,,,,,
high,7758.2,Turk St_Str-7758.2 (Divisadero St to Laguna St).pdf,TURK ST,DIVISADERO ST,LAGUNA ST,9,between,,yes,2024-11-28,https://civic-joy-fund.github.io/block-party/striping/#id=7758.2,https://safitwebapps.blob.core.windows.net/$web/Striping%20Drawings/T_Streets/Turk%20St/Turk%20St_Str-7758.2%20%28Divisadero%20St%20to%20Laguna%20St%29.pdf,,,,,
high,7758.3,Turk St_Str-7758.3 (Laguna St to Polk St).pdf,TURK ST,LAGUNA ST,POLK ST,4,between,,yes,2025-05-02,https://civic-joy-fund.github.io/block-party/striping/#id=7758.3,https://safitwebapps.blob.core.windows.net/$web/Striping%20Drawings/T_Streets/Turk%20St/Turk%20St_Str-7758.3%20%28Laguna%20St%20to%20Polk%20St%29.pdf,,,,,
high,7758.4,Turk St_Str-7758.4 (Polk St to Market St ).pdf,TURK ST,POLK ST,MARKET ST,8,between,,yes,2026-06-16,https://civic-joy-fund.github.io/block-party/striping/#id=7758.4,https://safitwebapps.blob.core.windows.net/$web/Striping%20Drawings/T_Streets/Turk%20St/Turk%20St_Str-7758.4%20%28Polk%20St%20to%20Market%20St%20%29.pdf,,,,,
high,3190,Twin Peaks Blvd_str-3190 (Clarendon st to Carmel st).pdf,TWIN PEAKS BLVD,CLARENDON AVE,CARMEL ST,4,between,,yes,2024-08-15,https://civic-joy-fund.github.io/block-party/striping/#id=3190,https://safitwebapps.blob.core.windows.net/$web/Striping%20Drawings/T_Streets/Twin%20Peaks/Twin%20Peaks%20Blvd_str-3190%20%28Clarendon%20st%20to%20Carmel%20st%29.pdf,,,,,
high,8123,Twin Peaks Blvd_Str-8123 (Portola Dr to Clarendon Ave).pdf,TWIN PEAKS BLVD,PORTOLA DR,CLARENDON AVE,13,between,,yes,2025-10-11,https://civic-joy-fund.github.io/block-party/striping/#id=8123,https://safitwebapps.blob.core.windows.net/$web/Striping%20Drawings/T_Streets/Twin%20Peaks/Twin%20Peaks%20Blvd_Str-8123%20%28Portola%20Dr%20to%20Clarendon%20Ave%29.pdf,,,,,
high,8123.1,Twin Peaks Blvd_Str-8123.1 (Portola Dr to Clarendon Ave).pdf,TWIN PEAKS BLVD,PORTOLA DR,CLARENDON AVE,13,between,,yes,2024-08-15,https://civic-joy-fund.github.io/block-party/striping/#id=8123.1,https://safitwebapps.blob.core.windows.net/$web/Striping%20Drawings/T_Streets/Twin%20Peaks/Twin%20Peaks%20Blvd_Str-8123.1%20%28Portola%20Dr%20to%20Clarendon%20Ave%29.pdf,,,,,
high,8123.2,Twin Peaks Blvd_Str-8123.2 (Portola Dr to Clarendon Ave).pdf,TWIN PEAKS BLVD,PORTOLA DR,CLARENDON AVE,13,between,,yes,2025-10-11,https://civic-joy-fund.github.io/block-party/striping/#id=8123.2,https://safitwebapps.blob.core.windows.net/$web/Striping%20Drawings/T_Streets/Twin%20Peaks/Twin%20Peaks%20Blvd_Str-8123.2%20%28Portola%20Dr%20to%20Clarendon%20Ave%29.pdf,,,,,
high,8123.3,Twin Peaks Blvd_Str-8123.3 (Portola Dr to Clarendon Ave).pdf,TWIN PEAKS BLVD,PORTOLA DR,CLARENDON AVE,13,between,,yes,2026-02-11,https://civic-joy-fund.github.io/block-party/striping/#id=8123.3,https://safitwebapps.blob.core.windows.net/$web/Striping%20Drawings/T_Streets/Twin%20Peaks/Twin%20Peaks%20Blvd_Str-8123.3%20%28Portola%20Dr%20to%20Clarendon%20Ave%29.pdf,,,,,
high,6310,Ulloa St_Str-6310 (west Of 33rd Ave-45deg parking).pdf,ULLOA ST,33RD AVE,,4,intersection,,yes,2025-10-02,https://civic-joy-fund.github.io/block-party/striping/#id=6310,https://safitwebapps.blob.core.windows.net/$web/Striping%20Drawings/U_Streets/Ulloa%20st/Ulloa%20St_Str-6310%20%28west%20Of%2033rd%20Ave-45deg%20parking%29.pdf,,,,,
high,8101,Ulloa St_STR-8101 (Great Highway to 39th Ave)R.pdf,ULLOA ST,GREAT HWY,39TH AVE,10,between,,yes,2025-10-02,https://civic-joy-fund.github.io/block-party/striping/#id=8101,https://safitwebapps.blob.core.windows.net/$web/Striping%20Drawings/U_Streets/Ulloa%20st/Ulloa%20St_STR-8101%20%28Great%20Highway%20to%2039th%20Ave%29R.pdf,,,,,
high,8101.3,Ulloa St_STR-8101.3 (21st Ave to 14th Ave).pdf,ULLOA ST,21ST AVE,14TH AVE,9,between,,yes,2025-11-07,https://civic-joy-fund.github.io/block-party/striping/#id=8101.3,https://safitwebapps.blob.core.windows.net/$web/Striping%20Drawings/U_Streets/Ulloa%20st/Ulloa%20St_STR-8101.3%20%2821st%20Ave%20to%2014th%20Ave%29.pdf,,,,,
high,8101.4,Ulloa St_STR-8101.4 (14th Ave to Claremont Blvd).pdf,ULLOA ST,14TH AVE,CLAREMONT BLVD,7,between,,yes,2026-07-14,https://civic-joy-fund.github.io/block-party/striping/#id=8101.4,https://safitwebapps.blob.core.windows.net/$web/Striping%20Drawings/U_Streets/Ulloa%20st/Ulloa%20St_STR-8101.4%20%2814th%20Ave%20to%20Claremont%20Blvd%29.pdf,,,,,
high,8496,"Underwood Ave, STR-8496 (3rd St to Hawes St) rev0.pdf",UNDERWOOD AVE,03RD ST,HAWES ST,5,between,,yes,2026-03-24,https://civic-joy-fund.github.io/block-party/striping/#id=8496,https://safitwebapps.blob.core.windows.net/$web/Striping%20Drawings/U_Streets/Underwood%20Ave/Underwood%20Ave%2C%20STR-8496%20%283rd%20St%20to%20Hawes%20St%29%20rev0.pdf,,,,,
high,1574.2,Union St_Str-1574.2 (Hyde St to Kearny St) See Kristen Nugent 2026-03-20.pdf,UNION ST,HYDE ST,KEARNY ST,25,between,,yes,2026-03-21,https://civic-joy-fund.github.io/block-party/striping/#id=1574.2,https://safitwebapps.blob.core.windows.net/$web/Striping%20Drawings/U_Streets/Union%20st/Union%20St_Str-1574.2%20%28Hyde%20St%20to%20Kearny%20St%29%20See%20Kristen%20Nugent%202026-03-20.pdf,,,,,
high,8054,Union St_Str-8054 (Sansome St to Battery St).pdf,UNION ST,SANSOME ST,BATTERY ST,2,between,,yes,2024-08-15,https://civic-joy-fund.github.io/block-party/striping/#id=8054,https://safitwebapps.blob.core.windows.net/$web/Striping%20Drawings/U_Streets/Union%20st/Union%20St_Str-8054%20%28Sansome%20St%20to%20Battery%20St%29.pdf,,,,,
high,5320,Upland Dr_Str-5320  (Manor Dr to Northgate Dr)rev0_see Jonathan Chimento 2026-03-25.pdf,UPLAND DR,MANOR DR,NORTHGATE DR,1,between,,yes,2026-03-26,https://civic-joy-fund.github.io/block-party/striping/#id=5320,https://safitwebapps.blob.core.windows.net/$web/Striping%20Drawings/U_Streets/Upland%20Dr/Upland%20Dr_Str-5320%20%20%28Manor%20Dr%20to%20Northgate%20Dr%29rev0_see%20Jonathan%20Chimento%202026-03-25.pdf,,,,,
high,7808,Upper Terrace_str-7808 (Masonic Ave to Buena Vista).pdf,UPPER TER,MASONIC AVE,BUENA VISTA AVE,1,between,,yes,2024-08-15,https://civic-joy-fund.github.io/block-party/striping/#id=7808,https://safitwebapps.blob.core.windows.net/$web/Striping%20Drawings/U_Streets/Upper%20Terrace/Upper%20Terrace_str-7808%20%28Masonic%20Ave%20to%20Buena%20Vista%29.pdf,,,,,
high,8218,Valencia St_STR-8218 (Mission St to 26th St).pdf,VALENCIA ST,MISSION ST,26TH ST,3,between,,yes,2025-06-06,https://civic-joy-fund.github.io/block-party/striping/#id=8218,https://safitwebapps.blob.core.windows.net/$web/Striping%20Drawings/V_Streets/Valencia%20st/Valencia%20St_STR-8218%20%28Mission%20St%20to%2026th%20St%29.pdf,,,,,
high,8218.1,Valencia St_STR-8218.1 (26th St to 21st St).pdf,VALENCIA ST,26TH ST,21ST ST,8,between,,yes,2026-02-26,https://civic-joy-fund.github.io/block-party/striping/#id=8218.1,https://safitwebapps.blob.core.windows.net/$web/Striping%20Drawings/V_Streets/Valencia%20st/Valencia%20St_STR-8218.1%20%2826th%20St%20to%2021st%20St%29.pdf,,,,,
high,8218.2,Valencia St_STR-8218.2 (21st St to 16th St) r6.pdf,VALENCIA ST,21ST ST,16TH ST,11,between,,yes,2026-02-25,https://civic-joy-fund.github.io/block-party/striping/#id=8218.2,https://safitwebapps.blob.core.windows.net/$web/Striping%20Drawings/V_Streets/Valencia%20st/Valencia%20St_STR-8218.2%20%2821st%20St%20to%2016th%20St%29%20r6.pdf,,,,,
high,8218.3,Valencia St_STR-8218.3 (16th St to Market St).pdf,VALENCIA ST,16TH ST,MARKET ST,10,between,,yes,2026-02-26,https://civic-joy-fund.github.io/block-party/striping/#id=8218.3,https://safitwebapps.blob.core.windows.net/$web/Striping%20Drawings/V_Streets/Valencia%20st/Valencia%20St_STR-8218.3%20%2816th%20St%20to%20Market%20St%29.pdf,,,,,
high,7653,Str-7653_Vallejo st (Powell st to Stockton st).pdf,VALLEJO ST,POWELL ST,STOCKTON ST,3,between,,yes,2024-08-15,https://civic-joy-fund.github.io/block-party/striping/#id=7653,https://safitwebapps.blob.core.windows.net/$web/Striping%20Drawings/V_Streets/Vallejo%20st/Str-7653_Vallejo%20st%20%28Powell%20st%20to%20Stockton%20st%29.pdf,,,,,
high,7655,Str-7655_Vallejo st (Scott St to Pierce St).pdf,VALLEJO ST,SCOTT ST,PIERCE ST,1,between,,yes,2024-08-15,https://civic-joy-fund.github.io/block-party/striping/#id=7655,https://safitwebapps.blob.core.windows.net/$web/Striping%20Drawings/V_Streets/Vallejo%20st/Str-7655_Vallejo%20st%20%28Scott%20St%20to%20Pierce%20St%29.pdf,,,,,
high,8347.4,Vallejo St_Str-8347.4 (Grant Ave to Davis St).pdf,VALLEJO ST,GRANT AVE,DAVIS ST,13,between,,yes,2026-03-13,https://civic-joy-fund.github.io/block-party/striping/#id=8347.4,https://safitwebapps.blob.core.windows.net/$web/Striping%20Drawings/V_Streets/Vallejo%20st/Vallejo%20St_Str-8347.4%20%28Grant%20Ave%20to%20Davis%20St%29.pdf,,,,,
high,8225,Valley St_ Str-8225 (Diamond St to San Jose Ave).pdf,VALLEY ST,DIAMOND ST,SAN JOSE AVE,7,between,,yes,2025-11-14,https://civic-joy-fund.github.io/block-party/striping/#id=8225,https://safitwebapps.blob.core.windows.net/$web/Striping%20Drawings/V_Streets/Valley%20St/Valley%20St_%20Str-8225%20%28Diamond%20St%20to%20San%20Jose%20Ave%29.pdf,,,,,
high,7965,Van Dyke Ave_STR-7965 (3rd St to Ingalls St).pdf,VAN DYKE AVE,03RD ST,INGALLS ST,4,between,,yes,2024-08-15,https://civic-joy-fund.github.io/block-party/striping/#id=7965,https://safitwebapps.blob.core.windows.net/$web/Striping%20Drawings/V_Streets/Van%20Dyke%20ave/Van%20Dyke%20Ave_STR-7965%20%283rd%20St%20to%20Ingalls%20St%29.pdf,,,,,
high,7672.4,NPS Jurisdiction-Van Ness Ave_Str-7672.4 (North Point St to North Terminus).pdf,VAN NESS AVE,NORTH POINT ST,END,3,between,,yes,2026-07-21,https://civic-joy-fund.github.io/block-party/striping/#id=7672.4,https://safitwebapps.blob.core.windows.net/$web/Striping%20Drawings/V_Streets/Van%20Ness%20ave/NPS%20Jurisdiction-Van%20Ness%20Ave_Str-7672.4%20%28North%20Point%20St%20to%20North%20Terminus%29.pdf,,,,,
high,7672,Van Ness Ave_Str-7672 (Market St to Eddy St).pdf,VAN NESS AVE,MARKET ST,EDDY ST,24,between,,yes,2025-03-12,https://civic-joy-fund.github.io/block-party/striping/#id=7672,https://safitwebapps.blob.core.windows.net/$web/Striping%20Drawings/V_Streets/Van%20Ness%20ave/Van%20Ness%20Ave_Str-7672%20%28Market%20St%20to%20Eddy%20St%29.pdf,,,,,
high,7672.1,Van Ness Ave_Str-7672.1 (Eddy St to California St).pdf,VAN NESS AVE,EDDY ST,CALIFORNIA ST,34,between,,yes,2024-12-05,https://civic-joy-fund.github.io/block-party/striping/#id=7672.1,https://safitwebapps.blob.core.windows.net/$web/Striping%20Drawings/V_Streets/Van%20Ness%20ave/Van%20Ness%20Ave_Str-7672.1%20%28Eddy%20St%20to%20California%20St%29.pdf,,,,,
high,7672.2,Van Ness Ave_Str-7672.2 (California St to Green St).pdf,VAN NESS AVE,CALIFORNIA ST,GREEN ST,20,between,,yes,2025-09-01,https://civic-joy-fund.github.io/block-party/striping/#id=7672.2,https://safitwebapps.blob.core.windows.net/$web/Striping%20Drawings/V_Streets/Van%20Ness%20ave/Van%20Ness%20Ave_Str-7672.2%20%28California%20St%20to%20Green%20St%29.pdf,,,,,
high,7672.3,Van Ness Ave_Str-7672.3 (Green St to North Point St).pdf,VAN NESS AVE,GREEN ST,NORTH POINT ST,20,between,,yes,2026-03-20,https://civic-joy-fund.github.io/block-party/striping/#id=7672.3,https://safitwebapps.blob.core.windows.net/$web/Striping%20Drawings/V_Streets/Van%20Ness%20ave/Van%20Ness%20Ave_Str-7672.3%20%28Green%20St%20to%20North%20Point%20St%29.pdf,,,,,
high,8067,Vasquez Ave_Str-8067 (Kensington Way to Woodside Ave).pdf,VASQUEZ AVE,KENSINGTON WAY,WOODSIDE AVE,4,between,,yes,2026-09-23,https://civic-joy-fund.github.io/block-party/striping/#id=8067,https://safitwebapps.blob.core.windows.net/$web/Striping%20Drawings/V_Streets/Vasquez%20ave/Vasquez%20Ave_Str-8067%20%28Kensington%20Way%20to%20Woodside%20Ave%29.pdf,,,,,
high,8538,Venus St_STR-8538 (Williams Ave to Thornton Ave_East).pdf,VENUS ST,WILLIAMS AVE,THORNTON AVE,1,between,,yes,2026-05-21,https://civic-joy-fund.github.io/block-party/striping/#id=8538,https://safitwebapps.blob.core.windows.net/$web/Striping%20Drawings/V_Streets/Venus%20St/Venus%20St_STR-8538%20%28Williams%20Ave%20to%20Thornton%20Ave_East%29.pdf,,,,,
high,5574,Vermont St_STR-5574 (22nd to 23rd-angle parking ).pdf,VERMONT ST,22ND ST,23RD ST,2,between,,yes,2024-08-15,https://civic-joy-fund.github.io/block-party/striping/#id=5574,https://safitwebapps.blob.core.windows.net/$web/Striping%20Drawings/V_Streets/Vermont%20st/Vermont%20St_STR-5574%20%2822nd%20to%2023rd-angle%20parking%20%29.pdf,,,,,
high,7639,Vermont St_STR-7639 (15th St to 19th St).pdf,VERMONT ST,15TH ST,19TH ST,5,between,,yes,2025-04-19,https://civic-joy-fund.github.io/block-party/striping/#id=7639,https://safitwebapps.blob.core.windows.net/$web/Striping%20Drawings/V_Streets/Vermont%20st/Vermont%20St_STR-7639%20%2815th%20St%20to%2019th%20St%29.pdf,,,,,
high,7639.1,Vermont St_STR-7639.1 (19th st to 25th st).pdf,VERMONT ST,19TH ST,25TH ST,8,between,,yes,2025-05-29,https://civic-joy-fund.github.io/block-party/striping/#id=7639.1,https://safitwebapps.blob.core.windows.net/$web/Striping%20Drawings/V_Streets/Vermont%20st/Vermont%20St_STR-7639.1%20%2819th%20st%20to%2025th%20st%29.pdf,,,,,
high,7811.1,Vicente St Str-7811.1 (40th Ave to 31st Ave).pdf,VICENTE ST,40TH AVE,31ST AVE,12,between,,yes,2024-08-15,https://civic-joy-fund.github.io/block-party/striping/#id=7811.1,https://safitwebapps.blob.core.windows.net/$web/Striping%20Drawings/V_Streets/Vicente%20st/Vicente%20St%20Str-7811.1%20%2840th%20Ave%20to%2031st%20Ave%29.pdf,,,,,
high,7811.2,Vicente St Str-7811.2 (30th Ave to 21st Ave).pdf,VICENTE ST,30TH AVE,21ST AVE,11,between,,yes,2025-02-11,https://civic-joy-fund.github.io/block-party/striping/#id=7811.2,https://safitwebapps.blob.core.windows.net/$web/Striping%20Drawings/V_Streets/Vicente%20st/Vicente%20St%20Str-7811.2%20%2830th%20Ave%20to%2021st%20Ave%29.pdf,,,,,
high,7811.3,Vicente St_Str-7811.3 (21st Ave to West Portal Ave).pdf,VICENTE ST,21ST AVE,WEST PORTAL AVE,13,between,,yes,2026-01-07,https://civic-joy-fund.github.io/block-party/striping/#id=7811.3,https://safitwebapps.blob.core.windows.net/$web/Striping%20Drawings/V_Streets/Vicente%20st/Vicente%20St_Str-7811.3%20%2821st%20Ave%20to%20West%20Portal%20Ave%29.pdf,,,,,
high,8199,Vienna St_STR-8199 (Geneva Ave to Persia Ave) Excelsior Neighborhood.pdf,VIENNA ST,GENEVA AVE,PERSIA AVE,5,between,,yes,2025-05-29,https://civic-joy-fund.github.io/block-party/striping/#id=8199,https://safitwebapps.blob.core.windows.net/$web/Striping%20Drawings/V_Streets/Vienna%20St/Vienna%20St_STR-8199%20%28Geneva%20Ave%20to%20Persia%20Ave%29%20Excelsior%20Neighborhood.pdf,,,,,
high,6886,Virginia ave_str-6886 (Winfield st to Eugenia ave).pdf,VIRGINIA AVE,WINFIELD ST,EUGENIA AVE,2,between,,yes,2024-08-15,https://civic-joy-fund.github.io/block-party/striping/#id=6886,https://safitwebapps.blob.core.windows.net/$web/Striping%20Drawings/V_Streets/Virginia%20ave/Virginia%20ave_str-6886%20%28Winfield%20st%20to%20Eugenia%20ave%29.pdf,,,,,
high,7785,Virginia ave_str-7785 (at coleridge).pdf,VIRGINIA AVE,COLERIDGE ST,,4,intersection,,yes,2024-08-15,https://civic-joy-fund.github.io/block-party/striping/#id=7785,https://safitwebapps.blob.core.windows.net/$web/Striping%20Drawings/V_Streets/Virginia%20ave/Virginia%20ave_str-7785%20%28at%20coleridge%29.pdf,,,,,
high,7800,Visitacion ave_str-7800 (Hahn st to Bayshore Blvd).pdf,VISITACION AVE,HAHN ST,BAY SHORE BLVD,13,between,,yes,2025-09-26,https://civic-joy-fund.github.io/block-party/striping/#id=7800,https://safitwebapps.blob.core.windows.net/$web/Striping%20Drawings/V_Streets/Visitacion%20ave/Visitacion%20ave_str-7800%20%28Hahn%20st%20to%20Bayshore%20Blvd%29.pdf,,,,,
high,8056,Visitacion Ave_Str-8056 (Hahn st to Mansell st).pdf,VISITACION AVE,HAHN ST,MANSELL ST,2,between,,yes,2025-09-26,https://civic-joy-fund.github.io/block-party/striping/#id=8056,https://safitwebapps.blob.core.windows.net/$web/Striping%20Drawings/V_Streets/Visitacion%20ave/Visitacion%20Ave_Str-8056%20%28Hahn%20st%20to%20Mansell%20st%29.pdf,,,,,
high,8056.1,Visitacion Ave_Str-8056.1 (Hahn st to Mansell st).pdf,VISITACION AVE,HAHN ST,MANSELL ST,2,between,,yes,2025-09-26,https://civic-joy-fund.github.io/block-party/striping/#id=8056.1,https://safitwebapps.blob.core.windows.net/$web/Striping%20Drawings/V_Streets/Visitacion%20ave/Visitacion%20Ave_Str-8056.1%20%28Hahn%20st%20to%20Mansell%20st%29.pdf,,,,,
high,8464,Wallace Ave_STR-8464 (3rd St to Hawes St).pdf,WALLACE AVE,03RD ST,HAWES ST,6,between,,yes,2025-08-29,https://civic-joy-fund.github.io/block-party/striping/#id=8464,https://safitwebapps.blob.core.windows.net/$web/Striping%20Drawings/W_Streets/Wallace%20St/Wallace%20Ave_STR-8464%20%283rd%20St%20to%20Hawes%20St%29.pdf,,,,,
high,7979,Waller St_Str-7979 (Stanyan St to Central Ave).pdf,WALLER ST,STANYAN ST,CENTRAL AVE,10,between,,yes,2025-12-03,https://civic-joy-fund.github.io/block-party/striping/#id=7979,https://safitwebapps.blob.core.windows.net/$web/Striping%20Drawings/W_Streets/Waller%20st/Waller%20St_Str-7979%20%28Stanyan%20St%20to%20Central%20Ave%29.pdf,,,,,
high,7979.1,Waller St_Str-7979.1 (Broderick St to Fillmore St).pdf,WALLER ST,BRODERICK ST,FILLMORE ST,9,between,,yes,2025-10-28,https://civic-joy-fund.github.io/block-party/striping/#id=7979.1,https://safitwebapps.blob.core.windows.net/$web/Striping%20Drawings/W_Streets/Waller%20st/Waller%20St_Str-7979.1%20%28Broderick%20St%20to%20Fillmore%20St%29.pdf,,,,,
high,7804,Warren Dr_Str-7804 (7th Ave to Devonshire Way).pdf,WARREN DR,07TH AVE,DEVONSHIRE WAY,3,between,,yes,2024-08-15,https://civic-joy-fund.github.io/block-party/striping/#id=7804,https://safitwebapps.blob.core.windows.net/$web/Striping%20Drawings/W_Streets/Warren%20Dr/Warren%20Dr_Str-7804%20%287th%20Ave%20to%20Devonshire%20Way%29.pdf,,,,,
high,7804.1,Warren Dr_Str-7804.1 (Devonshire Way to Oak Park Dr).pdf,WARREN DR,DEVONSHIRE WAY,OAK PARK DR,4,between,,yes,2024-08-15,https://civic-joy-fund.github.io/block-party/striping/#id=7804.1,https://safitwebapps.blob.core.windows.net/$web/Striping%20Drawings/W_Streets/Warren%20Dr/Warren%20Dr_Str-7804.1%20%28Devonshire%20Way%20to%20Oak%20Park%20Dr%29.pdf,,,,,
high,3479,Washington St_Str-3479 (Gough St to Larkin St).pdf,WASHINGTON ST,GOUGH ST,LARKIN ST,4,between,,yes,2026-06-11,https://civic-joy-fund.github.io/block-party/striping/#id=3479,https://safitwebapps.blob.core.windows.net/$web/Striping%20Drawings/W_Streets/Washington%20St/Washington%20St_Str-3479%20%28Gough%20St%20to%20Larkin%20St%29.pdf,,,,,
high,5502,Washington St_Str-5502 (Larkin St to Stockton St)see corridor file 8519.2.pdf,WASHINGTON ST,LARKIN ST,STOCKTON ST,18,between,,yes,2026-03-04,https://civic-joy-fund.github.io/block-party/striping/#id=5502,https://safitwebapps.blob.core.windows.net/$web/Striping%20Drawings/W_Streets/Washington%20St/Washington%20St_Str-5502%20%28Larkin%20St%20to%20Stockton%20St%29see%20corridor%20file%208519.2.pdf,,,,,
high,6396,Washington St_Str-6396 (Grant St to Kearny St)r0_see corridor file 8519.2.pdf,WASHINGTON ST,GRANT AVE,KEARNY ST,3,between,,yes,2026-02-10,https://civic-joy-fund.github.io/block-party/striping/#id=6396,https://safitwebapps.blob.core.windows.net/$web/Striping%20Drawings/W_Streets/Washington%20St/Washington%20St_Str-6396%20%28Grant%20St%20to%20Kearny%20St%29r0_see%20corridor%20file%208519.2.pdf,,,,,
high,8519.2,Washington St_STR-8519.2 (Steiner St to Gough St).pdf,WASHINGTON ST,STEINER ST,GOUGH ST,6,between,,yes,2026-07-15,https://civic-joy-fund.github.io/block-party/striping/#id=8519.2,https://safitwebapps.blob.core.windows.net/$web/Striping%20Drawings/W_Streets/Washington%20St/Washington%20St_STR-8519.2%20%28Steiner%20St%20to%20Gough%20St%29.pdf,,,,,
high,7878,Wawona St_Str-7878 (Great High Way to  39th Ave).pdf,WAWONA ST,GREAT HWY,39TH AVE,10,between,,yes,2025-06-11,https://civic-joy-fund.github.io/block-party/striping/#id=7878,https://safitwebapps.blob.core.windows.net/$web/Striping%20Drawings/W_Streets/Wawona%20st/Wawona%20St_Str-7878%20%28Great%20High%20Way%20to%20%2039th%20Ave%29.pdf,,,,,
high,7878.1,Wawona St_Str-7878.1 (39th Ave to 33rd Ave).pdf,WAWONA ST,39TH AVE,33RD AVE,9,between,,yes,2025-02-11,https://civic-joy-fund.github.io/block-party/striping/#id=7878.1,https://safitwebapps.blob.core.windows.net/$web/Striping%20Drawings/W_Streets/Wawona%20st/Wawona%20St_Str-7878.1%20%2839th%20Ave%20to%2033rd%20Ave%29.pdf,,,,,
high,7878.3,Wawona St_Str-7878.3 (25th Ave to 15th Ave).pdf,WAWONA ST,25TH AVE,15TH AVE,12,between,,yes,2025-11-21,https://civic-joy-fund.github.io/block-party/striping/#id=7878.3,https://safitwebapps.blob.core.windows.net/$web/Striping%20Drawings/W_Streets/Wawona%20st/Wawona%20St_Str-7878.3%20%2825th%20Ave%20to%2015th%20Ave%29.pdf,,,,,
high,7878.4,Wawona St_Str-7878.4 (15th Ave to Taraval St).pdf,WAWONA ST,15TH AVE,TARAVAL ST,6,between,,yes,2025-11-18,https://civic-joy-fund.github.io/block-party/striping/#id=7878.4,https://safitwebapps.blob.core.windows.net/$web/Striping%20Drawings/W_Streets/Wawona%20st/Wawona%20St_Str-7878.4%20%2815th%20Ave%20to%20Taraval%20St%29.pdf,,,,,
high,8294.1,Webster St_Str-8294.1 (Fulton St to Sutter St).pdf,WEBSTER ST,FULTON ST,SUTTER ST,22,between,,yes,2026-06-23,https://civic-joy-fund.github.io/block-party/striping/#id=8294.1,https://safitwebapps.blob.core.windows.net/$web/Striping%20Drawings/W_Streets/Webster%20st/Webster%20St_Str-8294.1%20%28Fulton%20St%20to%20Sutter%20St%29.pdf,,,,,
high,8294.2,Webster St_Str-8294.2 (Sutter St to Broadway St).pdf,WEBSTER ST,SUTTER ST,BROADWAY,15,between,,yes,2026-02-26,https://civic-joy-fund.github.io/block-party/striping/#id=8294.2,https://safitwebapps.blob.core.windows.net/$web/Striping%20Drawings/W_Streets/Webster%20st/Webster%20St_Str-8294.2%20%28Sutter%20St%20to%20Broadway%20St%29.pdf,,,,,
high,7859,West Clay St_Str-7859 (22nd St 24th St).pdf,WEST CLAY ST,22ND AVE,,3,intersection,,yes,2024-08-15,https://civic-joy-fund.github.io/block-party/striping/#id=7859,https://safitwebapps.blob.core.windows.net/$web/Striping%20Drawings/W_Streets/West%20Clay%20St/West%20Clay%20St_Str-7859%20%2822nd%20St%2024th%20St%29.pdf,,,,,
high,1808.5,West Portal ave_Str-1808.5 (Vicente and Wawona_typical parking layout).pdf,WEST PORTAL AVE,VICENTE ST,,6,intersection,,yes,2024-08-15,https://civic-joy-fund.github.io/block-party/striping/#id=1808.5,https://safitwebapps.blob.core.windows.net/$web/Striping%20Drawings/W_Streets/West%20Portal%20Ave/West%20Portal%20ave_Str-1808.5%20%28Vicente%20and%20Wawona_typical%20parking%20layout%29.pdf,,,,,
high,8145,West Portal Ave_Str-8145 (Portola Dr to Ulloa St).pdf,WEST PORTAL AVE,PORTOLA DR,ULLOA ST,8,between,,yes,2025-11-21,https://civic-joy-fund.github.io/block-party/striping/#id=8145,https://safitwebapps.blob.core.windows.net/$web/Striping%20Drawings/W_Streets/West%20Portal%20Ave/West%20Portal%20Ave_Str-8145%20%28Portola%20Dr%20to%20Ulloa%20St%29.pdf,,,,,
high,8401,Whitney Young Circle_STR-8401 (Hudson Ave to Cashmere St)Rev1.pdf,WHITNEY YOUNG CIR,HUDSON AVE,CASHMERE ST,9,between,,yes,2024-08-15,https://civic-joy-fund.github.io/block-party/striping/#id=8401,https://safitwebapps.blob.core.windows.net/$web/Striping%20Drawings/W_Streets/Whitney%20Young/Whitney%20Young%20Circle_STR-8401%20%28Hudson%20Ave%20to%20Cashmere%20St%29Rev1.pdf,,,,,
high,8491,Wilde Ave STR-8491 (Ervine St to San Bruno Ave) rev0.pdf,WILDE AVE,ERVINE ST,SAN BRUNO AVE,6,between,,yes,2026-03-24,https://civic-joy-fund.github.io/block-party/striping/#id=8491,https://safitwebapps.blob.core.windows.net/$web/Striping%20Drawings/W_Streets/Wilde%20Ave/Wilde%20Ave%20STR-8491%20%28Ervine%20St%20to%20San%20Bruno%20Ave%29%20rev0.pdf,,,,,
high,6450,Wilder_Str-6450 (diamond parking stalls).pdf,WILDER ST,DIAMOND ST,,3,intersection,,yes,2024-08-15,https://civic-joy-fund.github.io/block-party/striping/#id=6450,https://safitwebapps.blob.core.windows.net/$web/Striping%20Drawings/W_Streets/Wilder%20st/Wilder_Str-6450%20%28diamond%20parking%20stalls%29.pdf,,,,,
high,5132,Willard St_Str-5132 (And Belmont Ave).pdf,WILLARD ST,BELMONT AVE,,3,intersection,,yes,2024-08-15,https://civic-joy-fund.github.io/block-party/striping/#id=5132,https://safitwebapps.blob.core.windows.net/$web/Striping%20Drawings/W_Streets/Willard%20St/Willard%20St_Str-5132%20%28And%20Belmont%20Ave%29.pdf,,,,,
high,7798,Williams Ave_Str-7798 (Phelps St to 3rd St) rev9.pdf,WILLIAMS AVE,PHELPS ST,03RD ST,10,between,,yes,2024-08-15,https://civic-joy-fund.github.io/block-party/striping/#id=7798,https://safitwebapps.blob.core.windows.net/$web/Striping%20Drawings/W_Streets/Williams%20ave/Williams%20Ave_Str-7798%20%28Phelps%20St%20to%203rd%20St%29%20rev9.pdf,,,,,
high,8535,Winston Dr_STR-8535 (Lake Merced Blvd to Buckingham Way).pdf,WINSTON DR,LAKE MERCED BLVD,BUCKINGHAM WAY,1,between,,yes,2026-03-10,https://civic-joy-fund.github.io/block-party/striping/#id=8535,https://safitwebapps.blob.core.windows.net/$web/Striping%20Drawings/W_Streets/Winston%20Dr/Winston%20Dr_STR-8535%20%28Lake%20Merced%20Blvd%20to%20Buckingham%20Way%29.pdf,,,,,
high,8535.1,Winston Dr_STR-8535.1 (Buckingham Way to Junipero Serra Blvd).pdf,WINSTON DR,BUCKINGHAM WAY,JUNIPERO SERRA BLVD,8,between,,yes,2026-03-10,https://civic-joy-fund.github.io/block-party/striping/#id=8535.1,https://safitwebapps.blob.core.windows.net/$web/Striping%20Drawings/W_Streets/Winston%20Dr/Winston%20Dr_STR-8535.1%20%28Buckingham%20Way%20to%20Junipero%20Serra%20Blvd%29.pdf,,,,,
high,8471,Wisconsin st_str-8471 (26th St to 8th St).pdf,WISCONSIN ST,26TH ST,08TH ST,12,between,,yes,2026-03-19,https://civic-joy-fund.github.io/block-party/striping/#id=8471,https://safitwebapps.blob.core.windows.net/$web/Striping%20Drawings/W_Streets/Wisconsin%20st/Wisconsin%20st_str-8471%20%2826th%20St%20to%208th%20St%29.pdf,,,,,
high,8208,Woodside Ave_Str-8208 (Laguna Honda Blvd to Portola Dr).pdf,WOODSIDE AVE,LAGUNA HONDA BLVD,PORTOLA DR,12,between,,yes,2024-08-15,https://civic-joy-fund.github.io/block-party/striping/#id=8208,https://safitwebapps.blob.core.windows.net/$web/Striping%20Drawings/W_Streets/Woodside%20Ave/Woodside%20Ave_Str-8208%20%28Laguna%20Honda%20Blvd%20to%20Portola%20Dr%29.pdf,,,,,
high,8524,Woodward St - STR 8524 (14th St to Duboce Ave).pdf,WOODWARD ST,14TH ST,DUBOCE AVE,1,between,,yes,2026-01-14,https://civic-joy-fund.github.io/block-party/striping/#id=8524,https://safitwebapps.blob.core.windows.net/$web/Striping%20Drawings/W_Streets/Woodward%20St/Woodward%20St%20-%20STR%208524%20%2814th%20St%20to%20Duboce%20Ave%29.pdf,,,,,
high,8088,Woolsey St_STR-8088 (University St to Girard St).pdf,WOOLSEY ST,UNIVERSITY ST,GIRARD ST,11,between,,yes,2026-07-07,https://civic-joy-fund.github.io/block-party/striping/#id=8088,https://safitwebapps.blob.core.windows.net/$web/Striping%20Drawings/W_Streets/Woolsey%20St/Woolsey%20St_STR-8088%20%28University%20St%20to%20Girard%20St%29.pdf,,,,,
high,8335,Yale St_Str-8335 (Silver Ave to Felton Terminus).pdf,YALE ST,SILVER AVE,END: 200-299 BLOCK,3,between,,yes,2024-08-15,https://civic-joy-fund.github.io/block-party/striping/#id=8335,https://safitwebapps.blob.core.windows.net/$web/Striping%20Drawings/Y_Streets/Yale%20St/Yale%20St_Str-8335%20%28Silver%20Ave%20to%20Felton%20Terminus%29.pdf,,,,,
high,7773,Yerba Buena Ave _STR-7773(Santa Clara Ave to Maywood Dr.)r2.pdf,YERBA BUENA AVE,SANTA CLARA AVE,MAYWOOD DR,3,between,,yes,2026-08-11,https://civic-joy-fund.github.io/block-party/striping/#id=7773,https://safitwebapps.blob.core.windows.net/$web/Striping%20Drawings/Y_Streets/Yerba%20Buena%20Ave/Yerba%20Buena%20Ave%20_STR-7773%28Santa%20Clara%20Ave%20to%20Maywood%20Dr.%29r2.pdf,,,,,
high,2596,Yerba Buena Ave_str-2596 (Monterey blvd to Brentwood ave)r7_see Jonathan Chimento 2026-08-10.pdf,YERBA BUENA AVE,MONTEREY BLVD,BRENTWOOD AVE,2,between,,yes,2026-08-11,https://civic-joy-fund.github.io/block-party/striping/#id=2596,https://safitwebapps.blob.core.windows.net/$web/Striping%20Drawings/Y_Streets/Yerba%20Buena%20Ave/Yerba%20Buena%20Ave_str-2596%20%28Monterey%20blvd%20to%20Brentwood%20ave%29r7_see%20Jonathan%20Chimento%202026-08-10.pdf,,,,,
high,2596.1,Yerba Buena Ave_str-2596.1 (Hazelwood Dr to Maywood Dr) rev13_see Jonathan Chimento 2025-12-10.pdf,YERBA BUENA AVE,HAZELWOOD AVE,MAYWOOD DR,3,between,,yes,2025-12-11,https://civic-joy-fund.github.io/block-party/striping/#id=2596.1,https://safitwebapps.blob.core.windows.net/$web/Striping%20Drawings/Y_Streets/Yerba%20Buena%20Ave/Yerba%20Buena%20Ave_str-2596.1%20%28Hazelwood%20Dr%20to%20Maywood%20Dr%29%20rev13_see%20Jonathan%20Chimento%202025-12-10.pdf,,,,,
high,8488,YBI_Yerba Buena Rd-STR-8488 (Macalla Rd to Yerba Buena Circle).pdf,YERBA BUENA RD,MACALLA RD,YERBA BUENA DR,4,between,,yes,2025-03-26,https://civic-joy-fund.github.io/block-party/striping/#id=8488,https://safitwebapps.blob.core.windows.net/$web/Striping%20Drawings/Y_Streets/Yerba%20Buena%20Island%20Rd/YBI_Yerba%20Buena%20Rd-STR-8488%20%28Macalla%20Rd%20to%20Yerba%20Buena%20Circle%29.pdf,,,,,
high,7818,Yorba St_Str-7818 (36th Ave to 37th Ave).pdf,YORBA ST,36TH AVE,37TH AVE,2,between,,yes,2024-08-15,https://civic-joy-fund.github.io/block-party/striping/#id=7818,https://safitwebapps.blob.core.windows.net/$web/Striping%20Drawings/Y_Streets/Yorba%20St/Yorba%20St_Str-7818%20%2836th%20Ave%20to%2037th%20Ave%29.pdf,,,,,
high,8176,York St_STR-8176 (Holladay Ave to 26th St).pdf,YORK ST,HOLLADAY AVE,26TH ST,1,between,,yes,2024-08-15,https://civic-joy-fund.github.io/block-party/striping/#id=8176,https://safitwebapps.blob.core.windows.net/$web/Striping%20Drawings/Y_Streets/York%20St/York%20St_STR-8176%20%28Holladay%20Ave%20to%2026th%20St%29.pdf,,,,,
high,8176.1,York St_STR-8176.1 (26th St to 20th St).pdf,YORK ST,26TH ST,20TH ST,8,between,,yes,2026-08-07,https://civic-joy-fund.github.io/block-party/striping/#id=8176.1,https://safitwebapps.blob.core.windows.net/$web/Striping%20Drawings/Y_Streets/York%20St/York%20St_STR-8176.1%20%2826th%20St%20to%2020th%20St%29.pdf,,,,,
high,8176.2,York St_STR-8176.2 (20th St to Mariposa St).pdf,YORK ST,20TH ST,MARIPOSA ST,3,between,,yes,2026-08-07,https://civic-joy-fund.github.io/block-party/striping/#id=8176.2,https://safitwebapps.blob.core.windows.net/$web/Striping%20Drawings/Y_Streets/York%20St/York%20St_STR-8176.2%20%2820th%20St%20to%20Mariposa%20St%29.pdf,,,,,
high,8477,Yosemite Ave_Str-8477 (Mendell St to Jennings St).pdf,YOSEMITE AVE,MENDELL ST,JENNINGS ST,4,between,,yes,2024-09-17,https://civic-joy-fund.github.io/block-party/striping/#id=8477,https://safitwebapps.blob.core.windows.net/$web/Striping%20Drawings/Y_Streets/Yosemite%20ave/Yosemite%20Ave_Str-8477%20%28Mendell%20St%20to%20Jennings%20St%29.pdf,,,,,
high,3047,Yukon st_str-3047 (Yukon st & Short st).pdf,YUKON ST,SHORT ST,,3,intersection,,yes,2024-08-15,https://civic-joy-fund.github.io/block-party/striping/#id=3047,https://safitwebapps.blob.core.windows.net/$web/Striping%20Drawings/Y_Streets/Yukon%20st/Yukon%20st_str-3047%20%28Yukon%20st%20%26%20Short%20st%29.pdf,,,,,
high,8088,32nd Ave_Str-8088 (Fulton St to Geary Blvd).pdf,32ND AVE,FULTON ST,GEARY BLVD,4,between,,older upload,2026-01-31,https://civic-joy-fund.github.io/block-party/striping/#id=8088,https://safitwebapps.blob.core.windows.net/$web/Striping%20Drawings/01_Numbered_Avenue/32nd%20Ave/32nd%20Ave_Str-8088%20%28Fulton%20St%20to%20Geary%20Blvd%29.pdf,,,,,
high,3467,Ahern Way_Str-3467 (6th St to Harriet St).pdf,AHERN WAY,06TH ST,HARRIET ST,1,between,,older upload,2024-08-15,https://civic-joy-fund.github.io/block-party/striping/#id=3467,https://safitwebapps.blob.core.windows.net/$web/Striping%20Drawings/A_Streets/Ahern%20Way/Ahern%20Way_Str-3467%20%286th%20St%20to%20Harriet%20St%29.pdf,,,,,
high,8346.7,Alemany Blvd_STR-8346.7 (Santa Rosa to Rousseau).pdf,ALEMANY BLVD,SANTA ROSA AVE,ROUSSEAU ST,15,between,,older upload,2025-11-25,https://civic-joy-fund.github.io/block-party/striping/#id=8346.7,https://safitwebapps.blob.core.windows.net/$web/Striping%20Drawings/A_Streets/Alemany%20Blvd/Alemany%20Blvd_STR-8346.7%20%28Santa%20Rosa%20to%20Rousseau%29.pdf,,,,,
high,8413,Bella Vista Way_ Str-8413 (Molimo Dr to Teresita Blvd).pdf,BELLA VISTA WAY,MOLIMO DR,TERESITA BLVD,8,between,,older upload,2024-08-15,https://civic-joy-fund.github.io/block-party/striping/#id=8413,https://safitwebapps.blob.core.windows.net/$web/Striping%20Drawings/B_Streets/Bella%20Vista%20Way/Bella%20Vista%20Way_%20Str-8413%20%28Molimo%20Dr%20to%20Teresita%20Blvd%29.pdf,,,,,
high,7834,STR-7834 Bernal Heights (Supercedes Str-2626_Bradford St).pdf,BERNAL HEIGHTS BLVD,BRADFORD ST,,6,intersection,,older upload,2024-08-15,https://civic-joy-fund.github.io/block-party/striping/#id=7834,https://safitwebapps.blob.core.windows.net/$web/Striping%20Drawings/B_Streets/Bradford/STR-7834%20Bernal%20Heights%20%28Supercedes%20Str-2626_Bradford%20St%29.pdf,,,,,
high,7858,Beverly St_Str-7858 (19th Ave to Holloway St).pdf,BEVERLY ST,19TH AVE,HOLLOWAY AVE,3,between,,older upload,2024-08-15,https://civic-joy-fund.github.io/block-party/striping/#id=7858,https://safitwebapps.blob.core.windows.net/$web/Striping%20Drawings/B_Streets/Beverly%20St/Beverly%20St_Str-7858%20%2819th%20Ave%20to%20Holloway%20St%29.pdf,,,,,
high,1532,02-Eddy st_Str-1532 (Divisadero St to Laguna St).pdf,EDDY ST,DIVISADERO ST,LAGUNA ST,8,between,,older upload,2024-08-15,https://civic-joy-fund.github.io/block-party/striping/#id=1532,https://safitwebapps.blob.core.windows.net/$web/Striping%20Drawings/E_Streets/Eddy%20St/02-Eddy%20st_Str-1532%20%28Divisadero%20St%20to%20Laguna%20St%29.pdf,,,,,
high,8019,Francisco St_Str-8019 (Polk St to Larkin St).pdf,FRANCISCO ST,POLK ST,LARKIN ST,3,between,,older upload,2024-08-15,https://civic-joy-fund.github.io/block-party/striping/#id=8019,https://safitwebapps.blob.core.windows.net/$web/Striping%20Drawings/F_Streets/Francisco%20St/Francisco%20St_Str-8019%20%28Polk%20St%20to%20Larkin%20St%29.pdf,,,,,
high,8302,Frida Kahlo Way_STR-8302 (Ocean Ave to Flood Ave).pdf,FRIDA KAHLO WAY,OCEAN AVE,FLOOD AVE,4,between,,older upload,2024-08-15,https://civic-joy-fund.github.io/block-party/striping/#id=8302,https://safitwebapps.blob.core.windows.net/$web/Striping%20Drawings/K_Streets/Kahlo%2C%20Frida/Frida%20Kahlo%20Way_STR-8302%20%28Ocean%20Ave%20to%20Flood%20Ave%29.pdf,,,,,
high,7970.5,6-Fulton St_STR-7970.5 (8th Ave to Arguello Blvd).pdf,FULTON ST,08TH AVE,ARGUELLO BLVD,8,between,,older upload,2026-03-19,https://civic-joy-fund.github.io/block-party/striping/#id=7970.5,https://safitwebapps.blob.core.windows.net/$web/Striping%20Drawings/F_Streets/Fulton%20St/6-Fulton%20St_STR-7970.5%20%288th%20Ave%20to%20Arguello%20Blvd%29.pdf,,,,,
high,7855,Grove St_STR-7855 (Baker St to Fillmore St).pdf,GROVE ST,BAKER ST,FILLMORE ST,4,between,,older upload,2026-09-17,https://civic-joy-fund.github.io/block-party/striping/#id=7855,https://safitwebapps.blob.core.windows.net/$web/Striping%20Drawings/G_Streets/Grove%20st/Grove%20St_STR-7855%20%28Baker%20St%20to%20Fillmore%20St%29.pdf,,,,,
high,8073,Holly Park Circle_Str-8073 (Highland Ave to Appleton Ave).pdf,HOLLY PARK CIR,HIGHLAND AVE,APPLETON AVE,1,between,,older upload,2025-10-01,https://civic-joy-fund.github.io/block-party/striping/#id=8073,https://safitwebapps.blob.core.windows.net/$web/Striping%20Drawings/H_Streets/Holly%20Park%20Circle/Holly%20Park%20Circle_Str-8073%20%28Highland%20Ave%20to%20Appleton%20Ave%29.pdf,,,,,
high,7675,STR-7675_MIDDLE POINt (and Ingalls).pdf,MIDDLE POINT RD,INGALLS ST,,2,intersection,,older upload,2024-08-15,https://civic-joy-fund.github.io/block-party/striping/#id=7675,https://safitwebapps.blob.core.windows.net/$web/Striping%20Drawings/W_Streets/West%20Point/STR-7675_MIDDLE%20POINt%20%28and%20Ingalls%29.pdf,,,,,
high,2596.1,Miraloma dr_str-2596.1 (Yerba Buena ave to Portola dr) rev9_see Jonathan Chimento 2024-01-31.pdf,MIRALOMA DR,YERBA BUENA AVE,PORTOLA DR,4,between,,older upload,2024-08-15,https://civic-joy-fund.github.io/block-party/striping/#id=2596.1,https://safitwebapps.blob.core.windows.net/$web/Striping%20Drawings/M_Streets/Miraloma%20Dr/Miraloma%20dr_str-2596.1%20%28Yerba%20Buena%20ave%20to%20Portola%20dr%29%20rev9_see%20Jonathan%20Chimento%202024-01-31.pdf,,,,,
high,8057,Paul Ave_Str-8057 (San Bruno Ave to 3rd St)R.pdf,PAUL AVE,SAN BRUNO AVE,03RD ST,7,between,,older upload,2026-10-02,https://civic-joy-fund.github.io/block-party/striping/#id=8057,https://safitwebapps.blob.core.windows.net/$web/Striping%20Drawings/P_Streets/Paul%20Ave/Paul%20Ave_Str-8057%20%28San%20Bruno%20Ave%20to%203rd%20St%29R.pdf,,,,,
high,8316,"South Park St, STR-8316 (3rd St to 2nd St).pdf",SOUTH PARK,03RD ST,02ND ST,6,between,,older upload,2024-12-03,https://civic-joy-fund.github.io/block-party/striping/#id=8316,https://safitwebapps.blob.core.windows.net/$web/Striping%20Drawings/S_Streets/South%20Park%20St/South%20Park%20St%2C%20STR-8316%20%283rd%20St%20to%202nd%20St%29.pdf,,,,,
